study,flop,hand,status,reach_weight,share_of_study,share_of_class,positive_reach_rows,positive_reach_boards,frequencies_X,frequencies_B,action_ev_bb_X,action_ev_bb_B,forced_action_local_regret_bb_X,forced_action_local_regret_bb_B,extra_loss_vs_mixed_bb_X,extra_loss_vs_mixed_bb_B,action_loss_p95_bb_X,action_loss_p95_bb_B,action_loss_mass_gt_05_X,action_loss_mass_gt_05_B,action_loss_mass_gt_10_X,action_loss_mass_gt_10_B,mixed_ev_bb,frequencies_F,frequencies_C,frequencies_R,action_ev_bb_F,action_ev_bb_C,action_ev_bb_R,forced_action_local_regret_bb_F,forced_action_local_regret_bb_C,forced_action_local_regret_bb_R,extra_loss_vs_mixed_bb_F,extra_loss_vs_mixed_bb_C,extra_loss_vs_mixed_bb_R,action_loss_p95_bb_F,action_loss_p95_bb_C,action_loss_p95_bb_R,action_loss_mass_gt_05_F,action_loss_mass_gt_05_C,action_loss_mass_gt_05_R,action_loss_mass_gt_10_F,action_loss_mass_gt_10_C,action_loss_mass_gt_10_R
UTG_BB_BET,ABB,Two pair+,observed,54088.231400000004,0.004080826661583974,0.23460320111640703,293,6,0.007938789178784274,0.9920612147213613,7.091122867070636,7.131883985533293,0.04076111846265693,0.0,0.04060442846206746,-0.00015669000058947117,0.120729999999998,0.0,0.0,0.0,0.0,0.0,7.131727312045791,,,,,,,,,,,,,,,,,,,,,
UTG_BB_BET,ABB,Overpair,no_rows,0.0,0.0,0.0,0,0,,,,,,,,,,,,,,,,,,,,,,,,,,,,,,,,,,,,
UTG_BB_BET,ABB,Top pair,observed,60622.127,0.004573793332490618,0.2629434293665104,288,6,0.014790450567216161,0.9852095599494387,4.1129399120537276,4.139251212789349,0.026311300735620873,0.0,0.02618945201312952,-0.00012184872249135302,0.0789200000000001,0.0,0.0,0.0,0.0,0.0,4.139129410701567,,,,,,,,,,,,,,,,,,,,,
UTG_BB_BET,ABB,Second pair,observed,32177.147300000004,0.0024276881901439803,0.13956569782339295,198,6,0.03020438720550594,0.9697956200982549,3.4871904447828097,3.5311490768286657,0.044013655394678226,5.502334882247435e-05,0.04194144009514349,-0.002017191950712262,0.11267,0.0,0.0,0.0,0.0,0.0,3.529131909458321,,,,,,,,,,,,,,,,,,,,,
UTG_BB_BET,ABB,Third pair,observed,16041.506664,0.001210293004448805,0.06957869977801817,135,6,0.02902168123888964,0.9709783396972365,3.3180794171517958,3.346483214964662,0.028417574658287693,1.3776845421633909e-05,0.02782033190002324,-0.0005834659128428172,0.0659899999999998,0.0,0.0,0.0,0.0,0.0,3.3458998231467594,,,,,,,,,,,,,,,,,,,,,
UTG_BB_BET,ABB,Underpair,observed,5153.442000000001,0.0003888147748259826,0.022352625676123308,24,3,0.005643132850238733,0.9943569093386516,3.5865091055414995,3.598331377328006,0.011838937618779848,1.6665832272856705e-05,0.011791434860544722,-3.083692596226807e-05,0.0369099999999998,0.0,0.0,0.0,0.0,0.0,3.5983006943965585,,,,,,,,,,,,,,,,,,,,,
UTG_BB_BET,ABB,Weak pair,observed,43164.68089999999,0.003256671111185279,0.18722321015488463,336,6,0.012627734433231964,0.9873722643879596,2.540269880923827,2.5635597610704686,0.02331264245090252,2.2762304261583257e-05,0.022980554648663557,-0.0003093254979773824,0.0605899999999995,0.0,0.0,0.0,0.0,0.0,2.5632504329545807,,,,,,,,,,,,,,,,,,,,,
UTG_BB_BET,ABB,Combo draw,observed,10437.925396,0.0007875163070615997,0.045273632498840415,93,6,0.012716720925023555,0.9872832691301842,3.0239483257072663,3.0367765856763747,0.012828259969107804,0.0,0.012766566855284801,-6.169311382300374e-05,0.0415600000000005,0.0,0.0,0.0,0.0,0.0,3.0367148638629744,,,,,,,,,,,,,,,,,,,,,
UTG_BB_BET,ABB,OESD,observed,484.47556,3.655251301365025e-05,0.0021013724112758456,5,3,0.05273126615220797,0.9472687338477921,3.6111234296087096,3.63511611007416,0.023992680465449848,0.0,0.023713289769217764,-0.0002793906962320845,0.0632299999999995,0.0,0.0,0.0,0.0,0.0,3.6348367193779274,,,,,,,,,,,,,,,,,,,,,
UTG_BB_BET,ABB,Gutshot,observed,2986.5702079999996,0.00022532952207971054,0.01295399965981682,26,6,0.03507041620070296,0.9649295837992973,2.5632949924013304,2.5764844889129495,0.013190853383547908,1.3568719292602056e-06,0.012839430045265526,-0.00035006646635312144,0.0191600000000003,0.0,0.0,0.0,0.0,0.0,2.576134422446596,,,,,,,,,,,,,,,,,,,,,
UTG_BB_BET,ABB,BDFD,observed,4052.0395280000002,0.000305716613608012,0.017575384140199768,96,6,0.007925134513397571,0.9920748801384341,2.190003629031193,2.215993539068338,0.02598991003714613,0.0,0.02562970611324879,-0.000360203923897339,0.04392,0.0,0.0,0.0,0.0,0.0,2.21563336973639,,,,,,,,,,,,,,,,,,,,,
UTG_BB_BET,ABB,2 overcards + draw,no_rows,0.0,0.0,0.0,0,0,,,,,,,,,,,,,,,,,,,,,,,,,,,,,,,,,,,,
UTG_BB_BET,ABB,2 overcards,no_rows,0.0,0.0,0.0,0,0,,,,,,,,,,,,,,,,,,,,,,,,,,,,,,,,,,,,
UTG_BB_BET,ABB,A-high,no_rows,0.0,0.0,0.0,0,0,,,,,,,,,,,,,,,,,,,,,,,,,,,,,,,,,,,,
UTG_BB_BET,ABB,Air / Nothing,observed,1343.82922,0.0001013886749048259,0.0058287473745308,32,6,0.06796839924909207,0.9320316007509079,1.935042973037333,1.956057642817887,0.021235337753527914,0.00022066797297352626,0.019727304076366105,-0.0012873657041882827,0.0472000000000001,0.0,0.0,0.0,0.0,0.0,1.954770277113699,,,,,,,,,,,,,,,,,,,,,
UTG_BB_BET,A[K/Q]x,Two pair+,observed,65192.194,0.004918593869984715,0.10011914125215592,332,16,0.008912788354476918,0.991087195199075,9.74150313295098,9.839012800178226,0.09753611286274562,2.6445635500478987e-05,0.09729376660274214,-0.00021590062450300648,0.325100000000001,0.0,0.016800063516806928,0.0,0.005290167101907937,0.0,9.838796746179492,,,,,,,,,,,,,,,,,,,,,
UTG_BB_BET,A[K/Q]x,Overpair,no_rows,0.0,0.0,0.0,0,0,,,,,,,,,,,,,,,,,,,,,,,,,,,,,,,,,,,,
UTG_BB_BET,A[K/Q]x,Top pair,observed,194371.44899999996,0.014664857230475269,0.2985066365126048,912,16,0.09536292439346898,0.904637077621199,4.784388197649957,4.794421649593303,0.010206393987833058,0.0001729420444872062,0.009583018485971154,-0.0004504334573746967,0.0378999999999996,0.000230000000000175,0.0,0.0,0.0,0.0,4.793971225889557,,,,,,,,,,,,,,,,,,,,,
UTG_BB_BET,A[K/Q]x,Second pair,observed,111294.0673,0.00839686906667762,0.170920255338172,702,16,0.09243054156445683,0.9075694530831085,3.4061818010685916,3.421548656921483,0.01596231464602066,0.0005954587931301198,0.014295908649343905,-0.0010709472035466347,0.0500399999999996,0.00356999999999985,0.0,0.0,0.0,0.0,3.42047769021213,,,,,,,,,,,,,,,,,,,,,
UTG_BB_BET,A[K/Q]x,Third pair,observed,7102.248688000001,0.0005358475411934102,0.010907303405094958,108,12,0.002205690976361936,0.9977943218099685,3.314260200537415,3.3949432680727614,0.08068306753534507,0.0,0.08067006686238268,-1.3000672962393357e-05,0.20939,0.0,0.0,0.0,0.0,0.0,3.394930315204181,,,,,,,,,,,,,,,,,,,,,
UTG_BB_BET,A[K/Q]x,Underpair,observed,10412.753999999999,0.0007856171859173633,0.015991423582859498,48,8,0.2036770529752264,0.7963229888114134,3.2641201042932533,3.2720988996263625,0.008096965970770108,0.00011817063766223688,0.006517736724711165,-0.0014610586083967062,0.0283300000000004,0.000640000000000196,0.0,0.0,0.0,0.0,3.2706379766862352,,,,,,,,,,,,,,,,,,,,,
UTG_BB_BET,A[K/Q]x,Weak pair,observed,130014.3827,0.009809271732104411,0.19967004556332552,912,16,0.19852857491404985,0.8014714174863792,2.4570672489030643,2.4773431279909515,0.02034160421117777,6.572512328668807e-05,0.016229732694433043,-0.004046146393458039,0.0790099999999998,0.0,0.0,0.0,0.0,0.0,2.473296962721934,,,,,,,,,,,,,,,,,,,,,
UTG_BB_BET,A[K/Q]x,Combo draw,observed,32837.486864,0.002477509218281164,0.05043028595881633,165,16,0.029412409610186912,0.9705875902795731,3.496653780586909,3.5190264093813797,0.022372628794470138,0.0,0.022117385790662216,-0.0002552430038079215,0.0784399999999996,0.0,0.0,0.0,0.0,0.0,3.5187711654000777,,,,,,,,,,,,,,,,,,,,,
UTG_BB_BET,A[K/Q]x,OESD,observed,436.172,3.2908125863335315e-05,0.0006698526832558412,2,2,0.009583886980365544,0.9904161130196343,4.804356373815834,4.827450720266316,0.023094346450482518,0.0,0.022870718865419748,-0.00022362758506277048,0.0378100000000003,0.0,0.0,0.0,0.0,0.0,4.827227092681254,,,,,,,,,,,,,,,,,,,,,
UTG_BB_BET,A[K/Q]x,Gutshot,observed,50892.203004,0.0038396940241878057,0.07815787977914763,437,16,0.06175978319427959,0.9382402027899313,3.023188354558629,3.0354748697141414,0.01254098272049641,0.0002544675649820469,0.011907698260282196,-0.00037881689523216664,0.0470199999999998,0.00168999999999997,0.0,0.0,0.0,0.0,3.0350960117229597,,,,,,,,,,,,,,,,,,,,,
UTG_BB_BET,A[K/Q]x,BDFD,observed,36475.370368,0.0027519787583382594,0.056017178346513305,447,16,0.13007001645534924,0.8699299808486567,2.2685893833225053,2.27920088022533,0.010686492992022017,7.499608919666935e-05,0.010030246554149125,-0.0005812503486762223,0.03823,0.0,0.0,0.0,0.0,0.0,2.2786196237110015,,,,,,,,,,,,,,,,,,,,,
UTG_BB_BET,A[K/Q]x,2 overcards + draw,no_rows,0.0,0.0,0.0,0,0,,,,,,,,,,,,,,,,,,,,,,,,,,,,,,,,,,,,
UTG_BB_BET,A[K/Q]x,2 overcards,no_rows,0.0,0.0,0.0,0,0,,,,,,,,,,,,,,,,,,,,,,,,,,,,,,,,,,,,
UTG_BB_BET,A[K/Q]x,A-high,no_rows,0.0,0.0,0.0,0,0,,,,,,,,,,,,,,,,,,,,,,,,,,,,,,,,,,,,
UTG_BB_BET,A[K/Q]x,Air / Nothing,observed,12117.828392,0.0009142609381487902,0.018609997578054104,149,16,0.06809967052505622,0.9319003452035286,1.9984447257166271,2.0143176249079855,0.015890245714838012,1.7346523479304713e-05,0.015490132003198919,-0.0003827671881597893,0.05776,0.0,0.0,0.0,0.0,0.0,2.0139348904194057,,,,,,,,,,,,,,,,,,,,,
UTG_BB_BET,A[J-T][9-5],Two pair+,observed,42125.265152,0.003178249698853638,0.1020586212428803,206,10,0.02819981487969816,0.9718001748410068,9.377655244701542,9.412513345333895,0.03517087884734414,0.0003127782149847024,0.034602601079138325,-0.000255499553221115,0.130100000000001,0.000809999999999533,0.01086270432598748,0.0,0.0012379126828481024,0.0,9.412257776299318,,,,,,,,,,,,,,,,,,,,,
UTG_BB_BET,A[J-T][9-5],Overpair,no_rows,0.0,0.0,0.0,0,0,,,,,,,,,,,,,,,,,,,,,,,,,,,,,,,,,,,,
UTG_BB_BET,A[J-T][9-5],Top pair,observed,121004.867,0.009129525492952664,0.293163493336772,570,10,0.21721555552935717,0.7827844302387192,4.441249415579454,4.447235650800722,0.0060629581334112614,7.672291214534874e-05,0.004781609019464192,-0.0012046262018017208,0.0180600000000002,0.000560000000000116,0.0,0.0,0.0,0.0,4.4460309640094895,,,,,,,,,,,,,,,,,,,,,
UTG_BB_BET,A[J-T][9-5],Second pair,observed,41306.742064,0.0031164941051842828,0.10007555152176832,306,10,0.22586722670026643,0.7741327603288368,3.2926700311118644,3.299752248820349,0.0077204822716196875,0.0006382645631347691,0.005614300859164504,-0.0014679168493204144,0.0232600000000001,0.00371999999999995,0.0,0.0,0.0,0.0,3.298284291892212,,,,,,,,,,,,,,,,,,,,,
UTG_BB_BET,A[J-T][9-5],Third pair,observed,8687.037556,0.0006554160406270204,0.021046444988569706,111,10,0.19329192696222347,0.8067080780290862,3.1707831151587698,3.194612235869868,0.024745039148910998,0.0009159184378136182,0.022711211361395974,-0.001117909349701407,0.11105,0.00719999999999965,0.0,0.0,0.0,0.0,3.193494341269179,,,,,,,,,,,,,,,,,,,,,
UTG_BB_BET,A[J-T][9-5],Underpair,observed,32499.06,0.0024519757272820956,0.07873681609650754,150,10,0.3639573750146619,0.6360426315955596,3.1033528697119244,3.117799573567974,0.014706295213461574,0.0002595913574115719,0.008104461921353334,-0.006342241934696669,0.0459899999999998,0.00160999999999989,0.0,0.0,0.0,0.0,3.111457351939218,,,,,,,,,,,,,,,,,,,,,
UTG_BB_BET,A[J-T][9-5],Weak pair,observed,51384.652799999996,0.0038768481740831255,0.1244917224589416,450,10,0.3320734487185053,0.6679265483458167,2.454476960277446,2.463913285129485,0.009901230276153581,0.000464905424115264,0.006277803893103659,-0.003158520958934659,0.0291300000000003,0.00255999999999945,0.0,0.0,0.0,0.0,2.4607547581674605,,,,,,,,,,,,,,,,,,,,,
UTG_BB_BET,A[J-T][9-5],Combo draw,observed,23327.747248,0.001760022290622181,0.05651709757179395,144,10,0.04057552735924551,0.9594244732020943,3.5155093863336973,3.530809265825082,0.015318118885328542,1.8239393942184276e-05,0.01501712917209178,-0.00028275031929457685,0.05531,0.0,0.0,0.0,0.0,0.0,3.5305265170070643,,,,,,,,,,,,,,,,,,,,,
UTG_BB_BET,A[J-T][9-5],OESD,observed,4384.1858520000005,0.00033077625300539687,0.010621748295545602,57,5,0.12985368017024015,0.8701463198297598,4.324340790396921,4.335133978237041,0.010860817053391592,6.762921326995024e-05,0.009321359226797771,-0.0014718286133238697,0.0184299999999995,0.0,0.0,0.0,0.0,0.0,4.333662149623718,,,,,,,,,,,,,,,,,,,,,
UTG_BB_BET,A[J-T][9-5],Gutshot,observed,54546.061388,0.004115368830428176,0.13215099773026565,351,10,0.168614986248192,0.8313850087511152,2.817562728787882,2.8234825258801695,0.006058391569134653,0.00013859447684527555,0.004954314352258348,-0.0009654827400310298,0.0160199999999997,0.000989999999999824,0.0,0.0,0.0,0.0,2.822517029214631,,,,,,,,,,,,,,,,,,,,,
UTG_BB_BET,A[J-T][9-5],BDFD,observed,25142.59828,0.0018969484256887601,0.06091401218868258,240,10,0.22360148596849916,0.7763985087034436,2.232798776306515,2.240402239105586,0.007872644074047539,0.0002691812749768032,0.006587825694642423,-0.0010156371044283126,0.0264699999999998,0.000829999999999886,0.0,0.0,0.0,0.0,2.239386590836334,,,,,,,,,,,,,,,,,,,,,
UTG_BB_BET,A[J-T][9-5],2 overcards + draw,no_rows,0.0,0.0,0.0,0,0,,,,,,,,,,,,,,,,,,,,,,,,,,,,,,,,,,,,
UTG_BB_BET,A[J-T][9-5],2 overcards,no_rows,0.0,0.0,0.0,0,0,,,,,,,,,,,,,,,,,,,,,,,,,,,,,,,,,,,,
UTG_BB_BET,A[J-T][9-5],A-high,no_rows,0.0,0.0,0.0,0,0,,,,,,,,,,,,,,,,,,,,,,,,,,,,,,,,,,,,
UTG_BB_BET,A[J-T][9-5],Air / Nothing,observed,8347.36018,0.0006297882015123238,0.020223494568272746,80,10,0.07775033643732575,0.9222496305491952,1.949439934041049,1.9645827104354083,0.015198096234299546,5.5319839940102974e-05,0.014622701425895996,-0.0005200749684634481,0.0471200000000001,0.0,0.0,0.0,0.0,0.0,1.964062568485531,,,,,,,,,,,,,,,,,,,,,
UTG_BB_BET,A[J-T][4-2],Two pair+,observed,22332.0962,0.0016849028193962753,0.08740444252130883,120,6,0.04866481801641173,0.9513351919257809,9.246400383087234,9.290073823914927,0.04475582321416827,0.0010823823864774748,0.043383219947049995,-0.00029022088064079607,0.162699999999999,0.00754000000000055,0.01560969453463128,0.0,0.014317540867480232,0.0,9.289783669618936,,,,,,,,,,,,,,,,,,,,,
UTG_BB_BET,A[J-T][4-2],Overpair,no_rows,0.0,0.0,0.0,0,0,,,,,,,,,,,,,,,,,,,,,,,,,,,,,,,,,,,,
UTG_BB_BET,A[J-T][4-2],Top pair,observed,73835.95999999999,0.005570745176031912,0.2889827656136309,342,6,0.3499295853211498,0.6500704017155328,4.588644475062285,4.594277475651296,0.005975369240001782,0.00034236865099336963,0.003886712731534306,-0.0017462878574741063,0.0172899999999991,0.00255000000000027,0.0,0.0,0.0,0.0,4.592531119148854,,,,,,,,,,,,,,,,,,,,,
UTG_BB_BET,A[J-T][4-2],Second pair,observed,25537.73674,0.0019267606698839962,0.09995083412795108,189,6,0.3594813809433019,0.6405186349597674,3.389089648012595,3.399017271420507,0.010314600727815319,0.0003869773199016739,0.006912120292830578,-0.003015503115083066,0.0257399999999999,0.00251000000000001,0.0,0.0,0.0,0.0,3.3960018200800426,,,,,,,,,,,,,,,,,,,,,
UTG_BB_BET,A[J-T][4-2],Third pair,observed,343.6192,2.5925240232428006e-05,0.001344873510603009,6,2,0.0022402648347356613,0.9977597351652645,3.3774979534961957,3.443218562364967,0.06572060886877094,0.0,0.06570165341990554,-1.895544886540388e-05,0.12451,0.0,0.0,0.0,0.0,0.0,3.4431996069161013,,,,,,,,,,,,,,,,,,,,,
UTG_BB_BET,A[J-T][4-2],Underpair,observed,19752.239999999998,0.0014902588887017192,0.0773072760517258,90,6,0.5185670509551323,0.48143293796055536,3.235897013540743,3.238715361893131,0.003057829165704724,0.00023948081331534162,0.0013212440336332683,-0.0014971043187561141,0.00916000000000006,0.00195999999999996,0.0,0.0,0.0,0.0,3.237218220606646,,,,,,,,,,,,,,,,,,,,,
UTG_BB_BET,A[J-T][4-2],Weak pair,observed,36801.57979999999,0.0027765904735470824,0.14403581005183289,270,6,0.5116658418702612,0.48833415419213594,2.51296609456244,2.5179432353193154,0.0051670608125632565,0.00018992005568739214,0.002288383386950314,-0.00268875736992555,0.0126999999999997,0.00158000000000014,0.0,0.0,0.0,0.0,2.5152544684774525,,,,,,,,,,,,,,,,,,,,,
UTG_BB_BET,A[J-T][4-2],Combo draw,observed,12555.5602,0.0009472867477652932,0.049140561190298505,66,6,0.07872054625284662,0.9212794009950668,3.385596018684376,3.3977681947453053,0.012205407589539486,3.3231528609924144e-05,0.011662263603027606,-0.0005099124579019552,0.0482100000000005,0.0,0.0,0.0,0.0,0.0,3.3972581001956903,,,,,,,,,,,,,,,,,,,,,
UTG_BB_BET,A[J-T][4-2],OESD,no_rows,0.0,0.0,0.0,0,0,,,,,,,,,,,,,,,,,,,,,,,,,,,,,,,,,,,,
UTG_BB_BET,A[J-T][4-2],Gutshot,observed,35283.60209999999,0.002662062715668685,0.1380946752188082,238,6,0.24745457162996132,0.75254542798174,2.903346427988144,2.9062490148645006,0.0037988550205309115,0.0008962681441756827,0.0023730658070016063,-0.0005295210693536225,0.0135800000000001,0.00586999999999982,0.0,0.0,0.0,0.0,2.905719491304436,,,,,,,,,,,,,,,,,,,,,
UTG_BB_BET,A[J-T][4-2],BDFD,observed,21810.714764,0.0016455658470122285,0.08536383453957626,225,6,0.32922980709014915,0.6707702077491904,2.29890143002761,2.303694678880725,0.005449596763149881,0.0006563479100367938,0.004257100490189369,-0.0005361483629237182,0.0228299999999995,0.00278,0.0,0.0,0.0,0.0,2.3031585654461466,,,,,,,,,,,,,,,,,,,,,
UTG_BB_BET,A[J-T][4-2],2 overcards + draw,no_rows,0.0,0.0,0.0,0,0,,,,,,,,,,,,,,,,,,,,,,,,,,,,,,,,,,,,
UTG_BB_BET,A[J-T][4-2],2 overcards,no_rows,0.0,0.0,0.0,0,0,,,,,,,,,,,,,,,,,,,,,,,,,,,,,,,,,,,,
UTG_BB_BET,A[J-T][4-2],A-high,no_rows,0.0,0.0,0.0,0,0,,,,,,,,,,,,,,,,,,,,,,,,,,,,,,,,,,,,
UTG_BB_BET,A[J-T][4-2],Air / Nothing,observed,7249.878668,0.0005469858672735842,0.0283749271742645,75,6,0.09418556417926854,0.9058143805899311,2.0415394100999538,2.0562073223961326,0.014729299588846608,6.138729266800065e-05,0.014307230275649495,-0.0003606820205291129,0.0706099999999998,0.0,0.0,0.0,0.0,0.0,2.0558465251117277,,,,,,,,,,,,,,,,,,,,,
UTG_BB_BET,A[9-7]x,Two pair+,observed,43919.700052,0.003313635485980646,0.05573676956047537,242,18,0.06568421972684128,0.9343157758558246,10.82806006649325,10.8688129724133,0.04301289914095974,0.002259993220911733,0.040681198814430705,-7.170710561730078e-05,0.346599999999999,0.0115699999999999,0.0039013927644571244,0.0,0.0,0.0,10.868741257088008,,,,,,,,,,,,,,,,,,,,,
UTG_BB_BET,A[9-7]x,Overpair,no_rows,0.0,0.0,0.0,0,0,,,,,,,,,,,,,,,,,,,,,,,,,,,,,,,,,,,,
UTG_BB_BET,A[9-7]x,Top pair,observed,256121.337,0.019323737411575524,0.32503354811139673,1188,18,0.46592882053474194,0.5340711683987616,4.7499736685064615,4.751342718897995,0.003567623437089897,0.002198573045556145,0.0014459949466375196,7.694455510376744e-05,0.0185999999999993,0.0132199999999996,0.0,0.0,0.0,0.0,4.751419608945099,,,,,,,,,,,,,,,,,,,,,
UTG_BB_BET,A[9-7]x,Second pair,observed,22103.755456000003,0.0016676750607522552,0.028051009519953915,228,18,0.14862128235264785,0.851378723137791,3.651468806177067,3.6596565313349045,0.009866768735301028,0.001679043577462558,0.0073967320900700274,-0.000790993067768443,0.0425799999999996,0.00807999999999964,0.0,0.0,0.0,0.0,3.6588655522395803,,,,,,,,,,,,,,,,,,,,,
UTG_BB_BET,A[9-7]x,Third pair,observed,5808.740156,0.0004382554408835459,0.007371644413061252,93,12,0.3420187747428997,0.6579812334952894,3.215097884149102,3.2291169218078832,0.017448415988687252,0.003429378329905793,0.01068008950724329,-0.0033389481515381705,0.0552600000000005,0.02393,0.0,0.0,0.0,0.0,3.225778002755935,,,,,,,,,,,,,,,,,,,,,
UTG_BB_BET,A[9-7]x,Underpair,observed,116814.0,0.008813334681271726,0.1482440679633212,528,18,0.6058435263919906,0.3941564679577619,3.242436193538787,3.251588362954612,0.010022084376359007,0.0008699149605355674,0.004810791363884919,-0.004341378051938521,0.03207,0.00388000000000011,0.0,0.0,0.0,0.0,3.2472469671605446,,,,,,,,,,,,,,,,,,,,,
UTG_BB_BET,A[9-7]x,Weak pair,observed,46200.7645,0.0034857362993230053,0.05863157902730321,552,18,0.6367989934982586,0.3632009864951304,2.533726643523335,2.539339984972652,0.010305883077995397,0.004692541628678026,0.002860467870328419,-0.0027528735789889517,0.0360400000000003,0.0250600000000003,0.0,0.0,0.0,0.0,2.5365870580911163,,,,,,,,,,,,,,,,,,,,,
UTG_BB_BET,A[9-7]x,Combo draw,observed,8854.820620000002,0.0006680748683093295,0.01123730571501959,117,17,0.11537368779781154,0.8846263436398097,4.174286710741601,4.1798651704287675,0.0059675292186505986,0.0003890695314841873,0.005441149923105836,-0.00013730976406057583,0.03735,0.00246000000000013,0.0,0.0,0.0,0.0,4.1797279607191475,,,,,,,,,,,,,,,,,,,,,
UTG_BB_BET,A[9-7]x,OESD,observed,815.6525039999999,6.153901502704576e-05,0.001035112616958833,13,9,0.11908814568047965,0.8809118543195206,4.998593231384527,5.003205782025676,0.006063844605422624,0.0014512939642739404,0.004684222000550684,7.167135940199985e-05,0.0620599999999998,0.00802000000000014,0.0,0.0,0.0,0.0,5.003277453385078,,,,,,,,,,,,,,,,,,,,,
UTG_BB_BET,A[9-7]x,Gutshot,observed,3732.040108,0.0002815734288333032,0.004736185794615309,50,16,0.2534097780976828,0.7465902047672922,3.162516131015417,3.162560671459204,0.0016462359500450752,0.001601695506258499,0.00021207545132897999,0.0001675350075424039,0.00495999999999963,0.00629999999999953,0.0,0.0,0.0,0.0,3.1627281713168376,,,,,,,,,,,,,,,,,,,,,
UTG_BB_BET,A[9-7]x,BDFD,observed,109648.581324,0.008272721116775836,0.13915071602613394,684,18,0.4830909606151806,0.5169090333284059,2.091899306791701,2.0902379342381896,0.0020859949665367546,0.0037473675200514673,0.0007539565386646618,0.0024153290921793743,0.00831999999999966,0.0211000000000001,0.0,0.0,0.0,0.0,2.092653256662742,,,,,,,,,,,,,,,,,,,,,
UTG_BB_BET,A[9-7]x,2 overcards + draw,no_rows,0.0,0.0,0.0,0,0,,,,,,,,,,,,,,,,,,,,,,,,,,,,,,,,,,,,
UTG_BB_BET,A[9-7]x,2 overcards,no_rows,0.0,0.0,0.0,0,0,,,,,,,,,,,,,,,,,,,,,,,,,,,,,,,,,,,,
UTG_BB_BET,A[9-7]x,A-high,no_rows,0.0,0.0,0.0,0,0,,,,,,,,,,,,,,,,,,,,,,,,,,,,,,,,,,,,
UTG_BB_BET,A[9-7]x,Air / Nothing,observed,173964.92094,0.013125233885024021,0.2207720612517606,1284,18,0.3313323322817318,0.6686676746651194,1.7300984171180183,1.7305497196190072,0.002311885032745842,0.001860582531757621,0.0010943851479533952,0.000643082646965174,0.01152,0.00717999999999996,0.0,0.0,0.0,0.0,1.7311928156694363,,,,,,,,,,,,,,,,,,,,,
UTG_BB_BET,A[6-2]x,Two pair+,observed,18606.3485,0.0014038041375766446,0.04114242446944986,138,10,0.29275376583045837,0.7072462432418753,9.668831137760264,9.679717015071065,0.021406933299137083,0.010521055988336468,0.016327104376385435,0.005441227065584821,0.1736,0.0488899999999992,0.0,0.0,0.0,0.0,9.685158342705485,,,,,,,,,,,,,,,,,,,,,
UTG_BB_BET,A[6-2]x,Overpair,no_rows,0.0,0.0,0.0,0,0,,,,,,,,,,,,,,,,,,,,,,,,,,,,,,,,,,,,
UTG_BB_BET,A[6-2]x,Top pair,observed,144220.61,0.010881097333086476,0.3189011295721449,660,10,0.7277001630735231,0.2722998354932416,4.701726641557537,4.70014213511058,0.0036304701954873206,0.005214976642450756,0.001199230134238615,0.0027837365812020507,0.0243000000000002,0.0279699999999998,0.0,0.0,0.0,0.0,4.702925860089399,,,,,,,,,,,,,,,,,,,,,
UTG_BB_BET,A[6-2]x,Second pair,observed,4594.928928000001,0.00034667631002380814,0.01016032330915065,75,9,0.258449926107745,0.7415500868981361,3.6254972099973153,3.631889562207016,0.010505859824546123,0.004113507614845097,0.006142483016440666,-0.00024986919326035976,0.0360800000000006,0.0242499999999999,0.0,0.0,0.0,0.0,3.6316397421116076,,,,,,,,,,,,,,,,,,,,,
UTG_BB_BET,A[6-2]x,Third pair,observed,666.7506,5.030472534746461e-05,0.0014743213156767634,9,2,0.3732750421512932,0.6267248715515217,3.2578460396811044,3.265231116942377,0.0128341950123479,0.005449117751075131,0.006598651091364522,-0.000786426169908247,0.0394999999999999,0.02196,0.0,0.0,0.0,0.0,3.264444419835552,,,,,,,,,,,,,,,,,,,,,
UTG_BB_BET,A[6-2]x,Underpair,observed,101003.31839999999,0.007620456871421666,0.22333889953935854,480,10,0.7960001596328726,0.20399983669274382,3.034510180102181,3.0328180646083505,0.0031587376143574226,0.004850853108188584,0.0007567116863981954,0.0024488271802293573,0.01708,0.02637,0.0,0.0,0.0,0.0,3.035266882241342,,,,,,,,,,,,,,,,,,,,,
UTG_BB_BET,A[6-2]x,Weak pair,observed,2881.2561,0.00021738382652555102,0.006371043811814643,120,9,0.7202894111522403,0.2797105933679412,2.995696464848786,2.99011884573919,0.003915045717039867,0.009492664826635824,0.0001556462441788995,0.005733265353774856,0.0169000000000001,0.0403799999999999,0.0,0.0,0.0,0.0,2.9958521124052027,,,,,,,,,,,,,,,,,,,,,
UTG_BB_BET,A[6-2]x,Combo draw,observed,2936.5914359999997,0.0002215587442226474,0.006493401505043468,48,9,0.3827366146524443,0.6172634016530928,4.229616772497433,4.228157098173136,0.004493716264083011,0.005953390588380146,0.0006507328944206016,0.002110407218717737,0.0181300000000002,0.0183100000000005,0.0,0.0,0.0,0.0,4.2302676036107005,,,,,,,,,,,,,,,,,,,,,
UTG_BB_BET,A[6-2]x,OESD,observed,225.8446,1.703943059699985e-05,0.000499388388717599,4,4,0.29901477688817885,0.7009852231118211,5.565477393721169,5.572848351423944,0.007942914189668651,0.0005719564868941039,0.0063399117245402595,-0.0010310459782342874,0.0173399999999999,0.00218000000000007,0.0,0.0,0.0,0.0,5.571817305445709,,,,,,,,,,,,,,,,,,,,,
UTG_BB_BET,A[6-2]x,Gutshot,observed,747.819912,5.642120949351251e-05,0.001653582068841215,12,8,0.6276452882315494,0.3723547117684504,3.368047468708643,3.36456232559563,0.005046051638164918,0.008531194751176899,0.0015191629042635873,0.005004306017275568,0.0453399999999995,0.0210699999999999,0.0,0.0,0.0,0.0,3.3695666316129063,,,,,,,,,,,,,,,,,,,,,
UTG_BB_BET,A[6-2]x,BDFD,observed,73679.05806,0.0055589073029228605,0.16291939717316165,489,10,0.7652968967637427,0.23470310907958822,1.9414530510100696,1.9300541531784812,0.000543237852214204,0.011942135683801378,-0.00047534574720931315,0.01092355208437786,0.00394999999999968,0.0574600000000003,0.0,0.0,0.0,0.0,1.9409777150526866,,,,,,,,,,,,,,,,,,,,,
UTG_BB_BET,A[6-2]x,2 overcards + draw,no_rows,0.0,0.0,0.0,0,0,,,,,,,,,,,,,,,,,,,,,,,,,,,,,,,,,,,,
UTG_BB_BET,A[6-2]x,2 overcards,no_rows,0.0,0.0,0.0,0,0,,,,,,,,,,,,,,,,,,,,,,,,,,,,,,,,,,,,
UTG_BB_BET,A[6-2]x,A-high,no_rows,0.0,0.0,0.0,0,0,,,,,,,,,,,,,,,,,,,,,,,,,,,,,,,,,,,,
UTG_BB_BET,A[6-2]x,Air / Nothing,observed,102679.866564,0.007746948388522388,0.22704608884664068,763,10,0.6449650897010398,0.35503490379115965,1.6386511099020178,1.6339522595256484,0.0009556851065328918,0.0056545354828998595,-0.0002956725740378408,0.004403177802329127,0.00635999999999992,0.0241600000000002,0.0,0.0,0.0,0.0,1.6383554263097067,,,,,,,,,,,,,,,,,,,,,
UTG_BB_BET,BBB,Two pair+,observed,38687.7172,0.0029188949932199277,0.2349059340849655,214,4,0.06379490381753776,0.9362051074890481,7.088868392236773,7.124580593332785,0.03628508269746143,0.0005728816014504918,0.03517353677215511,-0.0005386643238558292,0.133,0.00287999999999933,0.0,0.0,0.0,0.0,7.124042013842867,,,,,,,,,,,,,,,,,,,,,
UTG_BB_BET,BBB,Overpair,observed,6389.994000000001,0.00048210964210897877,0.03879907159183135,30,4,0.009056165215178604,0.9909438679116128,4.687953248115726,4.80646545229307,0.11851220417734355,0.0,0.11848702212220179,-2.5182055141770894e-05,0.388739999999999,0.0,0.0,0.0,0.0,0.0,4.806440418267976,,,,,,,,,,,,,,,,,,,,,
UTG_BB_BET,BBB,Top pair,observed,26076.391600000003,0.0019674008804655497,0.15833188333901874,144,4,0.12361362204562844,0.8763863854281432,4.1517429748426915,4.205695470753209,0.05428432835411935,0.0003318324436038873,0.05342102674924465,-0.0005314691612708143,0.298109999999999,0.00216999999999956,0.0,0.0,0.0,0.0,4.205164027720489,,,,,,,,,,,,,,,,,,,,,
UTG_BB_BET,BBB,Second pair,observed,19015.231900000002,0.0014346534043581632,0.11545759570719084,108,4,0.12591864589885962,0.8740813424721473,3.6564213960965146,3.6839217938499083,0.027862617549092337,0.0003622197956996732,0.025851603614743226,-0.0016487941386494382,0.0706999999999995,0.000510000000000232,0.0,0.0,0.0,0.0,3.682272966749575,,,,,,,,,,,,,,,,,,,,,
UTG_BB_BET,BBB,Third pair,observed,15484.538527999997,0.0011682711013432517,0.0940197626029606,99,4,0.28966164755786,0.710338366384435,3.20877200274411,3.2431116188557345,0.035007997163055006,0.0006683810514291629,0.025134266908799094,-0.00920534920282675,0.0675699999999999,0.0,0.0,0.0,0.0,0.0,3.2339063116307885,,,,,,,,,,,,,,,,,,,,,
UTG_BB_BET,BBB,Underpair,observed,1312.68,9.903854135130865e-05,0.007970393289440518,6,1,0.04811702550812079,0.9518829744918793,4.303643738489198,4.3079081013194385,0.00426436283024046,0.0,0.0040411729210781,-0.00022318990916236003,0.00656999999999996,0.0,0.0,0.0,0.0,0.0,4.307684911410275,,,,,,,,,,,,,,,,,,,,,
UTG_BB_BET,BBB,Weak pair,observed,24796.2194,0.0018708149742534524,0.15055887246644634,204,4,0.14202625666978086,0.8579737698152005,2.3470890997840574,2.3632541561174043,0.01807656658333163,0.0019115102499859462,0.01569112301821182,-0.00047393331513386296,0.0706500000000001,0.0180800000000003,0.0,0.0,0.0,0.0,2.362780289818605,,,,,,,,,,,,,,,,,,,,,
UTG_BB_BET,BBB,Combo draw,observed,22311.872696,0.0016833770047749112,0.13547429717147325,129,4,0.06291046129121335,0.9370895289971858,2.6771732984305774,2.6978569510426933,0.02279285304573166,0.0021092004336147204,0.020570106494968928,-0.00011354611714801174,0.0887500000000006,0.0132099999999999,0.0,0.0,0.0,0.0,2.6977433766326615,,,,,,,,,,,,,,,,,,,,,
UTG_BB_BET,BBB,OESD,observed,911.0578399999999,6.873711762217291e-05,0.0055318046243015605,8,3,0.0023582070011712976,0.9976417929988288,2.905217816528092,2.969967918365754,0.06476423745829345,1.413562063194578e-05,0.06470559554433312,-4.4506293328369654e-05,0.0923700000000003,0.0,0.0,0.0,0.0,0.0,2.9699234120724256,,,,,,,,,,,,,,,,,,,,,
UTG_BB_BET,BBB,Gutshot,observed,6524.949204,0.0004922916868966865,0.03961849906260615,35,4,0.1511748281275981,0.8488252390637298,2.188217008969549,2.1965481878861595,0.008766906969214821,0.00043572805260415955,0.007694753693300013,-0.0006364252233106483,0.0259800000000001,0.00265000000000004,0.0,0.0,0.0,0.0,2.1959119120833064,,,,,,,,,,,,,,,,,,,,,
UTG_BB_BET,BBB,BDFD,observed,2390.172848,0.0001803327790805247,0.014512765966040567,51,4,0.04646207466607117,0.9535379054680432,1.9335743464242214,1.9483727892121045,0.014917927787990675,0.00011948500010739615,0.014506062979151997,-0.00029237980873128116,0.0423799999999999,0.00136999999999987,0.0,0.0,0.0,0.0,1.948080370732242,,,,,,,,,,,,,,,,,,,,,
UTG_BB_BET,BBB,2 overcards + draw,no_rows,0.0,0.0,0.0,0,0,,,,,,,,,,,,,,,,,,,,,,,,,,,,,,,,,,,,
UTG_BB_BET,BBB,2 overcards,no_rows,0.0,0.0,0.0,0,0,,,,,,,,,,,,,,,,,,,,,,,,,,,,,,,,,,,,
UTG_BB_BET,BBB,A-high,no_rows,0.0,0.0,0.0,0,0,,,,,,,,,,,,,,,,,,,,,,,,,,,,,,,,,,,,
UTG_BB_BET,BBB,Air / Nothing,observed,793.6826120000001,5.988143964132665e-05,0.004819120093724611,17,4,0.06383676833924137,0.9361632316607584,1.6650821434484946,1.6827287188427404,0.017646575394245845,0.0,0.016736910778206243,-0.0009096646160396028,0.0302299999999998,0.0,0.0,0.0,0.0,0.0,1.6818190542267009,,,,,,,,,,,,,,,,,,,,,
UTG_BB_BET,BBx,Two pair+,observed,160034.11301600002,0.012074188011971783,0.07544410459320033,970,48,0.02650185002573422,0.9734981496554146,10.203799383349034,10.254208822650574,0.050509451731295354,0.00010001242975240623,0.04995571857762294,-0.0004537207239200102,0.192399999999999,0.0,0.007507108186864423,0.0,0.0008903626690251609,0.0,10.253755095851254,,,,,,,,,,,,,,,,,,,,,
UTG_BB_BET,BBx,Overpair,observed,104086.614,0.007853084091139273,0.04906904687616799,480,48,0.045426168468175925,0.9545738275075408,5.848744071581002,5.863189095521734,0.014448749872293883,3.72593155926824e-06,0.014028117710083075,-0.00041690623065154017,0.0522100000000005,0.0,0.0,0.0,0.0,0.0,5.862772168964734,,,,,,,,,,,,,,,,,,,,,
UTG_BB_BET,BBx,Top pair,observed,382407.0488,0.02885168991346764,0.18027629761637032,2106,48,0.11999518897346031,0.8800048114507617,4.902810812480219,4.913971830096924,0.011456152939524485,0.0002951353228141665,0.01009119125758599,-0.001069826359124328,0.0308600000000006,0.00123000000000051,0.0,0.0,0.0,0.0,4.912902005642074,,,,,,,,,,,,,,,,,,,,,
UTG_BB_BET,BBx,Second pair,observed,254883.986636,0.019230382309653446,0.12015871981604145,1629,48,0.16817728847485774,0.8318227091033824,3.5352215957834106,3.5415966644954917,0.00657506356667924,0.00019999485459758494,0.005595633410499231,-0.0007794353015824242,0.02495,0.000660000000000327,0.0,0.0,0.0,0.0,3.540817220302293,,,,,,,,,,,,,,,,,,,,,
UTG_BB_BET,BBx,Third pair,observed,50570.145000000004,0.0038153955242131933,0.023840037831758195,441,48,0.24355503624949063,0.7564449561552553,3.142392075391687,3.156901237774726,0.01664005341115315,0.002130891028114713,0.01359190123277676,-0.0009172611502616793,0.0679799999999999,0.00801000000000052,0.0,0.0,0.0,0.0,3.1559839531238203,,,,,,,,,,,,,,,,,,,,,
UTG_BB_BET,BBx,Underpair,observed,42492.371999999996,0.0032059470255029325,0.020031972541133557,192,24,0.14230328308167875,0.8576967117648788,3.616325439355561,3.6204740313164914,0.004164074742638504,1.5482781709623595e-05,0.003481583342895089,-0.0006670086180337912,0.00932999999999984,0.0,0.0,0.0,0.0,0.0,3.619807001018882,,,,,,,,,,,,,,,,,,,,,
UTG_BB_BET,BBx,Weak pair,observed,278949.71259999997,0.02104608331525639,0.13150390811697446,2208,48,0.3089289389302554,0.6910710621831085,2.4233003183975073,2.458731630880675,0.03596731684577476,0.0005360043626085446,0.023521438176347956,-0.011909874306818263,0.0882200000000002,0.00161999999999995,0.0,0.0,0.0,0.0,2.4468217595785586,,,,,,,,,,,,,,,,,,,,,
UTG_BB_BET,BBx,Combo draw,observed,123235.47942,0.0092978198224137,0.05809630349265675,771,48,0.0593351536099411,0.9406648515761015,3.5903750017827094,3.6164564818110696,0.02616063155759372,7.915152923872156e-05,0.025706433217641062,-0.0003750468107139376,0.0876899999999998,0.0,0.0,0.0,0.0,0.0,3.6160814468859668,,,,,,,,,,,,,,,,,,,,,
UTG_BB_BET,BBx,OESD,observed,59673.194852,0.004502198689638374,0.02813144440882181,464,47,0.09197867610221043,0.9080213156955794,4.04036933233972,4.05587238815964,0.01554735728240408,4.4301462483393983e-05,0.014704250750668259,-0.0007988050692524286,0.0652799999999996,0.0,0.0,0.0,0.0,0.0,4.055073555870756,,,,,,,,,,,,,,,,,,,,,
UTG_BB_BET,BBx,Gutshot,observed,184891.369668,0.013949608099738178,0.08716244036181248,897,48,0.07554394286494674,0.9244560580732917,2.8653178292599963,2.871877346569477,0.006603218301495358,4.370099201378934e-05,0.006165603906406261,-0.00039391340307530796,0.01918,0.0,0.0,0.0,0.0,0.0,2.871483435642291,,,,,,,,,,,,,,,,,,,,,
UTG_BB_BET,BBx,BDFD,observed,257728.93738400002,0.01944502698489664,0.12149990112888542,1731,48,0.12467388115646692,0.8753261243676876,2.0539375640123803,2.0622772757301036,0.008375911637448184,3.619991972069072e-05,0.007586799371130848,-0.0007529123465966454,0.0295000000000005,0.0,0.0,0.0,0.0,0.0,2.0615243744292377,,,,,,,,,,,,,,,,,,,,,
UTG_BB_BET,BBx,2 overcards + draw,observed,136543.97600000002,0.010301913804848172,0.06437026339431463,624,24,0.11218232858592019,0.8878176618265023,3.2860478621929072,3.3019560963697145,0.015921147213993524,1.2913037188840172e-05,0.015278436203664552,-0.0006297979731401325,0.0709699999999995,0.0,0.0,0.0,0.0,0.0,3.301326268966133,,,,,,,,,,,,,,,,,,,,,
UTG_BB_BET,BBx,2 overcards,no_rows,0.0,0.0,0.0,0,0,,,,,,,,,,,,,,,,,,,,,,,,,,,,,,,,,,,,
UTG_BB_BET,BBx,A-high,observed,70223.27399999999,0.005298176726904712,0.033105016978494356,326,48,0.04646871321408343,0.9535312961813779,1.6868318630415897,1.7071743193579967,0.020360307367184277,1.7851050778407275e-05,0.020030496508857718,-0.00031195980754815313,0.0697400000000001,0.0,0.0,0.0,0.0,0.0,1.7068623767957352,,,,,,,,,,,,,,,,,,,,,
UTG_BB_BET,BBx,Air / Nothing,observed,15507.324872000001,0.001169990276064044,0.007310542843368253,251,48,0.02543679400644725,0.9745632128674911,1.7533594783491828,1.7804148276792,0.027080358472152094,2.500914213645215e-05,0.02677522761764584,-0.00028012171236980153,0.07637,0.0,0.0,0.0,0.0,0.0,1.7801347184070737,,,,,,,,,,,,,,,,,,,,,
UTG_BB_BET,K/Qx dis,Two pair+,observed,68421.885388,0.0051622662989715224,0.03468872995672759,446,42,0.011790673350962764,0.988209323376693,13.677184358566084,13.833979016862736,0.15745954626948613,0.0006648879728470749,0.15671648962696194,-7.81686696771116e-05,0.680199999999999,0.00548000000000037,0.09990151924692238,0.0,0.006640755328845252,0.0,13.833900799746965,,,,,,,,,,,,,,,,,,,,,
UTG_BB_BET,K/Qx dis,Overpair,observed,82934.106,0.006257178357646049,0.04204617851324476,378,42,0.09140213926805943,0.9085978607420206,6.789696663511393,6.794852227053124,0.0067687892112805875,0.0016132256695454376,0.004990885654161056,-0.0001646778875740943,0.0250399999999997,0.00865999999999989,0.0,0.0,0.0,0.0,6.7946875523869785,,,,,,,,,,,,,,,,,,,,,
UTG_BB_BET,K/Qx dis,Top pair,observed,405003.3491,0.030556526295257673,0.20532979658236852,2298,42,0.254147717631862,0.7458522794884903,5.290445738217251,5.301984435743822,0.01601459742594755,0.004475899899367026,0.012178723903750004,0.0006400263771694807,0.0640000000000001,0.0274999999999999,0.0,0.0,0.0,0.0,5.302624445291592,,,,,,,,,,,,,,,,,,,,,
UTG_BB_BET,K/Qx dis,Second pair,observed,60752.864819999995,0.004583657185822923,0.030800667211783143,558,42,0.06495870516989273,0.9350412940791376,3.974123472144437,3.984668903901164,0.010956093271694424,0.0004106615149668951,0.01018375107270278,-0.00036168068402474876,0.0422700000000003,0.00229999999999952,0.0,0.0,0.0,0.0,3.9843072148479153,,,,,,,,,,,,,,,,,,,,,
UTG_BB_BET,K/Qx dis,Third pair,observed,34162.739136000004,0.002577496307245259,0.017319926595864787,246,42,0.16890191662117948,0.8310980961312995,3.1866205138103822,3.1992642448390614,0.013508298017820847,0.0008645669891403811,0.01029763635858519,-0.002346094670095276,0.0500400000000001,0.00667000000000062,0.0,0.0,0.0,0.0,3.19691819275715,,,,,,,,,,,,,,,,,,,,,
UTG_BB_BET,K/Qx dis,Underpair,observed,233695.8078,0.017631785297580353,0.11847979228902207,1050,42,0.349389507149748,0.6506104984530602,3.509645203124083,3.5107493748904055,0.00179441136652686,0.0006902396002030365,0.0009314934210711029,-0.0001726783452527205,0.00624999999999964,0.00342999999999982,0.0,0.0,0.0,0.0,3.510576716819048,,,,,,,,,,,,,,,,,,,,,
UTG_BB_BET,K/Qx dis,Weak pair,observed,88246.26269999999,0.006657967773952825,0.04473935143897123,1092,42,0.28311513738583954,0.7168848667577845,2.6694138324978023,2.6852260889181316,0.017741942318765212,0.001929685898437495,0.011715427690439139,-0.004096828729888579,0.0505899999999997,0.0119700000000003,0.0,0.0,0.0,0.0,2.68112927109636,,,,,,,,,,,,,,,,,,,,,
UTG_BB_BET,K/Qx dis,Combo draw,observed,45541.048372,0.0034359623079290224,0.023088535487793486,342,38,0.05871933164846703,0.9412806607642962,3.9683040820220854,3.989198961912885,0.021381962841350275,0.00048708295055058595,0.02085086580099917,-4.401408980051933e-05,0.0918299999999999,0.00251000000000001,0.0,0.0,0.0,0.0,3.9891549180750356,,,,,,,,,,,,,,,,,,,,,
UTG_BB_BET,K/Qx dis,OESD,observed,2197.490688,0.00016579537463251034,0.0011140903327376682,23,17,0.07289520717262764,0.9271048209138624,5.193462062383001,5.205542924241598,0.01211905801481157,3.819615621499894e-05,0.011583522225293536,-0.0004973396333030352,0.0528300000000002,1.99999999992428e-05,0.0,0.0,0.0,0.0,5.205045724586586,,,,,,,,,,,,,,,,,,,,,
UTG_BB_BET,K/Qx dis,Gutshot,observed,44005.838275999995,0.003320134407316807,0.022310210129686273,379,35,0.10903630791790077,0.8909636930715704,3.0292805764901973,3.0351497936981544,0.006055759883046659,0.0001865426750876644,0.005378611399942283,-0.0004906058080167123,0.0146600000000006,0.0011000000000001,0.0,0.0,0.0,0.0,3.0346591927536806,,,,,,,,,,,,,,,,,,,,,
UTG_BB_BET,K/Qx dis,BDFD,observed,357317.22745599994,0.02695872338036384,0.1811537454985366,2061,42,0.32999698194598986,0.6700030146510052,2.0128302963967095,2.0127023248204865,0.0041540325860784846,0.004282004162304906,0.002235303795744043,0.0023632753719704646,0.0156099999999999,0.0286100000000005,0.0,0.0,0.0,0.0,2.0150655921272342,,,,,,,,,,,,,,,,,,,,,
UTG_BB_BET,K/Qx dis,2 overcards + draw,observed,13945.303999999998,0.0010521395670388593,0.007070031494708175,63,21,0.5715773569803857,0.4284226272363801,2.450618907507502,2.4810748605681168,0.031343659620471545,0.0008877065598569938,0.019001472735906237,-0.011454480324708312,0.0779399999999999,0.00765999999999956,0.0,0.0,0.0,0.0,2.4696203464797555,,,,,,,,,,,,,,,,,,,,,
UTG_BB_BET,K/Qx dis,2 overcards,no_rows,0.0,0.0,0.0,0,0,,,,,,,,,,,,,,,,,,,,,,,,,,,,,,,,,,,,
UTG_BB_BET,K/Qx dis,A-high,observed,415054.464,0.031314858682930526,0.2104255405618422,1878,42,0.3319248460122545,0.6680751536180075,1.7556109089891392,1.7624984333485454,0.009790451809283503,0.002902927449878,0.00551958651159659,-0.0013679378478089138,0.0400199999999997,0.0164299999999997,0.0,0.0,0.0,0.0,1.7611304962014702,,,,,,,,,,,,,,,,,,,,,
UTG_BB_BET,K/Qx dis,Air / Nothing,observed,121174.49460800001,0.00914232348703289,0.0614334039067134,1062,42,0.2569554582459267,0.743044525609076,1.7050833517438473,1.7056803568664223,0.002444150636265393,0.0018471455136921506,0.0009754373314554701,0.00037843220888222743,0.0103500000000001,0.0075799999999997,0.0,0.0,0.0,0.0,1.7060587610759685,,,,,,,,,,,,,,,,,,,,,
UTG_BB_BET,K/Qx con,Two pair+,observed,23986.9475,0.001809757360415653,0.03649046865310639,170,14,0.03444258369424038,0.9655574052854746,12.519646218724667,12.613795732661565,0.09657704131761662,0.0024275273807139184,0.09412501402595498,-2.4499910947713404e-05,0.807000000000002,0.0165599999999992,0.06230991667447474,0.0,0.013404094039060205,0.0,12.613771058828243,,,,,,,,,,,,,,,,,,,,,
UTG_BB_BET,K/Qx con,Overpair,observed,27600.947999999997,0.002082424985398817,0.041988315845107815,126,14,0.1697021835763033,0.8302978081997759,6.313460829814975,6.314331504680201,0.003473469413441862,0.0026027945482162847,0.0007672208761522908,-0.00010345398907328669,0.0153000000000008,0.0107800000000005,0.0,0.0,0.0,0.0,6.3142279954831295,,,,,,,,,,,,,,,,,,,,,
UTG_BB_BET,K/Qx con,Top pair,observed,135724.9841,0.01024012284044364,0.2064734696961509,768,14,0.3873506149819705,0.6126493892149611,5.016988086227655,5.0200874628022545,0.010942378351857194,0.007843001777260853,0.005725620666357389,0.002626244091761049,0.0476700000000001,0.0383599999999999,0.0,0.0,0.0,0.0,5.022713727658548,,,,,,,,,,,,,,,,,,,,,
UTG_BB_BET,K/Qx con,Second pair,observed,15244.833996000001,0.001150185972290796,0.023191410122227876,120,14,0.1596876679027838,0.8403123263376594,3.6787314924273495,3.684143221208077,0.0061367338197494715,0.0007250050390224238,0.0047110663349428285,-0.0007006624457842192,0.0327500000000001,0.00439999999999952,0.0,0.0,0.0,0.0,3.6834425339377987,,,,,,,,,,,,,,,,,,,,,
UTG_BB_BET,K/Qx con,Third pair,observed,11939.529904,0.000900808747076584,0.018163171520458713,96,14,0.28632006317711206,0.7136799333528362,3.268200304853339,3.2773907340596478,0.009784324451918517,0.0005938952456096615,0.0059504621495484935,-0.0032399670567603623,0.0408299999999997,0.00540000000000029,0.0,0.0,0.0,0.0,3.2741507567231154,,,,,,,,,,,,,,,,,,,,,
UTG_BB_BET,K/Qx con,Underpair,observed,95836.6905,0.007230647252229651,0.14579286299383065,462,14,0.46505920435646086,0.5349407989218611,3.3762670044055016,3.3762050956154424,0.0012175550911161734,0.0012794638811739673,3.8903641775537515e-05,0.0001008124318333315,0.00590000000000046,0.00554999999999994,0.0,0.0,0.0,0.0,3.3763059173598795,,,,,,,,,,,,,,,,,,,,,
UTG_BB_BET,K/Qx con,Weak pair,observed,11509.8895,0.0008683934143848791,0.017509575238803032,252,12,0.6784422543747881,0.3215577456252122,2.3073685012035092,2.3240853736987663,0.022349226632366898,0.005632354137109652,0.009791692963381065,-0.006925179531876181,0.0693100000000002,0.0387499999999998,0.0,0.0,0.0,0.0,2.31716019416689,,,,,,,,,,,,,,,,,,,,,
UTG_BB_BET,K/Qx con,Combo draw,observed,20696.790508,0.0015615229473793539,0.03148527278229478,177,14,0.09464215168449246,0.9053578480899174,4.0333353389207875,4.044300318983033,0.011670343806945213,0.0007053637447002895,0.010981240981297675,1.626091905275115e-05,0.0644800000000005,0.0033300000000005,0.0,0.0,0.0,0.0,4.044316597559494,,,,,,,,,,,,,,,,,,,,,
UTG_BB_BET,K/Qx con,OESD,observed,1436.5552000000002,0.00010838462654922563,0.002185379048086756,19,14,0.08547733943311053,0.9145227399675278,5.211830211204553,5.230433935965007,0.020616371114037257,0.0020126463535825668,0.017990272721254384,-0.0006134520392003053,0.114640000000001,0.0116199999999997,0.0,0.0,0.0,0.0,5.229820913847448,,,,,,,,,,,,,,,,,,,,,
UTG_BB_BET,K/Qx con,Gutshot,observed,15833.500428,0.0011945994354103369,0.024086926902094588,112,14,0.2613714260707317,0.7386285739292683,2.671312109201532,2.673689252897191,0.0030952595302914314,0.0007181158346320353,0.0017301544237579914,-0.0006469892719014047,0.01065,0.00619999999999976,0.0,0.0,0.0,0.0,2.67304226362529,,,,,,,,,,,,,,,,,,,,,
UTG_BB_BET,K/Qx con,BDFD,observed,115588.98179199999,0.008720910010789115,0.17584130355583846,645,14,0.485035838746641,0.5149641702080022,1.9977344489495108,1.9896779189799918,0.0017528101752489322,0.00980934014476797,-0.00047473521002613537,0.007581794759492902,0.00863999999999976,0.0643100000000001,0.0,0.0,0.0,0.0,1.9972597339188873,,,,,,,,,,,,,,,,,,,,,
UTG_BB_BET,K/Qx con,2 overcards + draw,observed,4641.236,0.0003501700669677167,0.007060543104522527,21,7,0.8269314825904135,0.17306851740958656,2.468684805448376,2.471005556011373,0.010976353686819647,0.008655603123822976,0.0048943360409954405,0.002573585477998769,0.0492400000000002,0.0382599999999997,0.0,0.0,0.0,0.0,2.4735791414893717,,,,,,,,,,,,,,,,,,,,,
UTG_BB_BET,K/Qx con,2 overcards,no_rows,0.0,0.0,0.0,0,0,,,,,,,,,,,,,,,,,,,,,,,,,,,,,,,,,,,,
UTG_BB_BET,K/Qx con,A-high,observed,130672.69,0.00985893943082224,0.19878759889152584,592,14,0.4716458597937869,0.5283541350769088,1.764457652110322,1.7664864273247929,0.006539292810379903,0.004510517595910818,0.002093666893431321,6.489167896223634e-05,0.02711,0.02579,0.0,0.0,0.0,0.0,1.7665513113070497,,,,,,,,,,,,,,,,,,,,,
UTG_BB_BET,K/Qx con,Air / Nothing,observed,46634.721604,0.003518477316622879,0.07094370164595162,398,14,0.32379926836891954,0.6762007066183162,1.666820358514545,1.6661895631007342,0.001801927599954459,0.002432723013765548,-0.0001322126393651247,0.0004985827744459644,0.00729000000000002,0.0105500000000001,0.0,0.0,0.0,0.0,1.6666881039682628,,,,,,,,,,,,,,,,,,,,,
UTG_BB_BET,[J-8]x dis,Two pair+,observed,95491.85372799999,0.007204630149125182,0.02911455655363704,691,67,0.0983226935596188,0.9016773093869325,13.611328777016492,13.662261330786816,0.05765910645884572,0.006726552688498692,0.05335269925175284,0.002420145481405807,0.366200000000001,0.0442700000000009,0.02839607558277937,0.0,0.0027484716837478545,0.0,13.664681521045019,,,,,,,,,,,,,,,,,,,,,
UTG_BB_BET,[J-8]x dis,Overpair,observed,379634.92199999996,0.028642539629534867,0.11574707134482685,1692,67,0.3914439900389357,0.6085560116472369,5.967047066632871,5.96829238364925,0.00507333589005283,0.0038280188736693893,0.0017990767710703067,0.000553759754686866,0.0208699999999995,0.0191000000000008,0.0,0.0,0.0,0.0,5.96884615518949,,,,,,,,,,,,,,,,,,,,,
UTG_BB_BET,[J-8]x dis,Top pair,observed,347979.242468,0.026254194925316204,0.10609555620508063,2190,67,0.30362668962653616,0.6963733069412732,4.963051341711535,4.9704990578210335,0.010190656327956495,0.0027429402184536824,0.007365616952088228,-8.209915741458395e-05,0.0463199999999997,0.01586,0.0,0.0,0.0,0.0,4.9704169443421735,,,,,,,,,,,,,,,,,,,,,
UTG_BB_BET,[J-8]x dis,Second pair,observed,101252.451424,0.007639253357465029,0.030870907916138297,882,67,0.28634344481876484,0.7136565651598401,3.965484989980107,3.967943633395185,0.004266125911062469,0.0018074824959860734,0.0027225559415208385,0.00026391252644444255,0.0152200000000002,0.00845999999999991,0.0,0.0,0.0,0.0,3.9682075832759542,,,,,,,,,,,,,,,,,,,,,
UTG_BB_BET,[J-8]x dis,Third pair,observed,55413.670964,0.004180827881277939,0.01689510041056989,390,67,0.3193833142273448,0.6806166938905253,3.092194817171142,3.096835217311393,0.01049963614238781,0.005859236002137664,0.0055202771088250415,0.0008798769685748956,0.0508699999999997,0.0284199999999997,0.0,0.0,0.0,0.0,3.0977151260544282,,,,,,,,,,,,,,,,,,,,,
UTG_BB_BET,[J-8]x dis,Underpair,observed,157632.6432,0.011893002903890728,0.04806069131528431,726,52,0.4726102891176126,0.5273897174620193,3.6263287450257096,3.626701578368883,0.0011455095183736826,0.0007726761752035358,0.0003665583821274665,-6.274961042680239e-06,0.00465000000000027,0.00339000000000045,0.0,0.0,0.0,0.0,3.6266953300755067,,,,,,,,,,,,,,,,,,,,,
UTG_BB_BET,[J-8]x dis,Weak pair,observed,117601.5077,0.008872750238689317,0.03585557943484216,1602,67,0.5605007563357745,0.4394992402075113,2.818115470881081,2.8252874514868394,0.019491900035002674,0.012319919429247246,0.01122329395527322,0.004051313349517792,0.06481,0.0663300000000004,0.0,0.0,0.0,0.0,2.829338759902297,,,,,,,,,,,,,,,,,,,,,
UTG_BB_BET,[J-8]x dis,Combo draw,observed,74837.081332,0.0056462773669976925,0.0228171132058647,678,67,0.2301171045698097,0.7698828982470911,3.866588983596677,3.8717604273340114,0.011422127850089368,0.006250684112757049,0.008263076374896938,0.003091632637564618,0.0723399999999996,0.0376700000000003,0.0,0.0,0.0,0.0,3.8748520774667528,,,,,,,,,,,,,,,,,,,,,
UTG_BB_BET,[J-8]x dis,OESD,observed,7695.672159999999,0.0005806199115125351,0.002346337133204826,160,50,0.3165594184694573,0.6834405708570764,4.732694791746424,4.731663088534921,0.004059809626464146,0.005091512837968912,0.0005463519256952432,0.0015780551372000084,0.0133800000000002,0.0315900000000005,0.0,0.0,0.0,0.0,4.733241102176701,,,,,,,,,,,,,,,,,,,,,
UTG_BB_BET,[J-8]x dis,Gutshot,observed,26462.079872000002,0.0019965001307589852,0.008068036077241839,282,63,0.37635458356937734,0.623645424166549,2.9138274597681653,2.9132517880064626,0.004062777893238738,0.004638449654943287,0.0014082877866793929,0.001983959548383942,0.0139599999999995,0.0244599999999999,0.0,0.0,0.0,0.0,2.9152357752311064,,,,,,,,,,,,,,,,,,,,,
UTG_BB_BET,[J-8]x dis,BDFD,observed,350397.16284400003,0.026436621188489752,0.10683275709480013,2046,67,0.4958586913674148,0.504141305784241,1.8621500409907374,1.857027370725569,0.0030091823804390635,0.008131852645610508,-0.00024813283728797797,0.0048745374278834665,0.0139400000000003,0.0411699999999999,0.0,0.0,0.0,0.0,1.8619019038401858,,,,,,,,,,,,,,,,,,,,,
UTG_BB_BET,[J-8]x dis,2 overcards + draw,observed,740544.7366000001,0.055872315048795654,0.22578503581732196,4028,67,0.47891453157246877,0.5210854675678288,2.0523541224578357,2.05731839290835,0.009357412426855144,0.004393141976345251,0.004967351493188927,3.081042679034182e-06,0.0396099999999997,0.0237599999999998,0.0,0.0,0.0,0.0,2.0573214750253572,,,,,,,,,,,,,,,,,,,,,
UTG_BB_BET,[J-8]x dis,2 overcards,observed,50949.497,0.003844016718059905,0.015534016294323005,248,10,0.7806541652685111,0.21934581814076987,1.256108273218163,1.2525806435323006,0.004603051900551641,0.008130681586414877,0.0014146741904325242,0.004942303876295761,0.0232600000000001,0.028599,0.0,0.0,0.0,0.0,1.2575229256862888,,,,,,,,,,,,,,,,,,,,,
UTG_BB_BET,[J-8]x dis,A-high,observed,718946.862,0.054242807479035704,0.2192000495914688,3232,67,0.5259211589471595,0.4740788370016799,1.7621080084861012,1.7731351331618705,0.015462888898553944,0.004435764222786187,0.007698810514225443,-0.003328314161542314,0.0514100000000002,0.0244100000000003,0.0,0.0,0.0,0.0,1.7698068124439512,,,,,,,,,,,,,,,,,,,,,
UTG_BB_BET,[J-8]x dis,Air / Nothing,observed,55026.945844,0.004151650403302568,0.016777191605395547,638,61,0.3912309873644007,0.6087689989622959,1.555206736323818,1.5520533809549204,0.0022696307329151525,0.005422986101811748,-0.0004134496483824564,0.0027399057205141387,0.00978999999999997,0.0325300000000002,0.0,0.0,0.0,0.0,1.5547932667797895,,,,,,,,,,,,,,,,,,,,,
UTG_BB_BET,[J-8]x con,Two pair+,observed,42879.4272,0.0032351494072185368,0.03491612525564235,351,25,0.17885405607812285,0.8211459396219644,12.006156016902716,12.04703769387856,0.05376858289209606,0.012886905916256287,0.04642560689999432,0.005543929924154553,0.382,0.0688000000000013,0.0325356610174121,0.0,0.005248808640801993,0.0,12.052581604733287,,,,,,,,,,,,,,,,,,,,,
UTG_BB_BET,[J-8]x con,Overpair,observed,146771.61599999998,0.011073564585743968,0.11951409948473006,654,25,0.4596739741902822,0.5403260210976218,5.600931051969754,5.59836213402897,0.003682267910983559,0.006251185851765781,-5.2455790437604555e-05,0.002516462150344618,0.0186999999999999,0.0224299999999999,0.0,0.0,0.0,0.0,5.600878574872887,,,,,,,,,,,,,,,,,,,,,
UTG_BB_BET,[J-8]x con,Top pair,observed,122148.906956,0.009215840549546698,0.0994641676350448,783,25,0.3786053707941002,0.6213946294512995,4.700060590156903,4.7007953759085535,0.005912503508952953,0.005177717757303714,0.0022847417040021056,0.0015499559523528663,0.0293099999999997,0.0271799999999995,0.0,0.0,0.0,0.0,4.702345336871291,,,,,,,,,,,,,,,,,,,,,
UTG_BB_BET,[J-8]x con,Second pair,observed,28233.003335999994,0.0021301120367218747,0.022989744620999605,213,25,0.39671625643362396,0.6032837402384507,3.5892372982096488,3.5914347844569905,0.004500162807162431,0.00230267655981975,0.0019689697902033204,-0.00022851645713936044,0.0207999999999999,0.0126400000000007,0.0,0.0,0.0,0.0,3.59120625503878,,,,,,,,,,,,,,,,,,,,,
UTG_BB_BET,[J-8]x con,Third pair,observed,22886.944764,0.0017267648059043567,0.01863652297339438,171,25,0.49734766193773533,0.5026523608700132,3.112094214546412,3.1158893125424987,0.009742056896747254,0.005946958900658951,0.004122819066826005,0.0003277210707377017,0.0421499999999999,0.0360300000000002,0.0,0.0,0.0,0.0,3.1162171140938906,,,,,,,,,,,,,,,,,,,,,
UTG_BB_BET,[J-8]x con,Underpair,observed,83653.59989999999,0.006311462437823367,0.06811797085278672,444,22,0.5027536707971084,0.49724632617023323,3.6970329080359305,3.697275033133128,0.0014336203045458883,0.001191495207344953,0.0003694505358179444,0.000127325438617009,0.00563999999999965,0.00533000000000072,0.0,0.0,0.0,0.0,3.697402343149431,,,,,,,,,,,,,,,,,,,,,
UTG_BB_BET,[J-8]x con,Weak pair,observed,15663.522299999999,0.0011817749954411549,0.012754589841427431,402,21,0.9049198115894086,0.09508017565212008,2.32361203324357,2.2750233520366625,0.008054169861525982,0.056642851068434356,0.0020759277459893727,0.05066460895289775,0.0692900000000001,0.20898,0.0,0.0,0.0,0.0,2.3256879213883117,,,,,,,,,,,,,,,,,,,,,
UTG_BB_BET,[J-8]x con,Combo draw,observed,48209.378939999995,0.003637281416392493,0.03925623133244108,345,25,0.3387400238219451,0.6612599642561938,3.428699585079345,3.4314569150636305,0.010056809832642084,0.0072994798483549984,0.005416147894464443,0.002658817910177358,0.0477599999999994,0.0368599999999999,0.0,0.0,0.0,0.0,3.4341156975271945,,,,,,,,,,,,,,,,,,,,,
UTG_BB_BET,[J-8]x con,OESD,observed,7346.2457,0.0005542565275134256,0.005981946396427703,59,23,0.5042991971399622,0.4957007934699351,3.3451035437488827,3.356424297867412,0.015677837560891777,0.004357083442362948,0.011313856169350395,-6.8979491784334004e-06,0.0679099999999995,0.02257,0.0,0.0,0.0,0.0,3.356417367822676,,,,,,,,,,,,,,,,,,,,,
UTG_BB_BET,[J-8]x con,Gutshot,observed,15707.676319999999,0.0011851063098023064,0.012790543849993575,116,25,0.4335460852376285,0.5664538959851066,2.5969754462766677,2.59611828414191,0.004669956342497376,0.005527118477254192,0.0012231826498947476,0.0020803447846515634,0.0271499999999998,0.0231100000000002,0.0,0.0,0.0,0.0,2.5981985971210406,,,,,,,,,,,,,,,,,,,,,
UTG_BB_BET,[J-8]x con,BDFD,observed,105026.85808800001,0.007924023240809958,0.0855219197565956,642,24,0.5922069336633725,0.4077930642023832,1.8417393946827703,1.8329807723121612,0.0023692217402564537,0.011127844110863058,-0.0008136478979342181,0.007944974472672386,0.01336,0.0498400000000001,0.0,0.0,0.0,0.0,1.8409257431491977,,,,,,,,,,,,,,,,,,,,,
UTG_BB_BET,[J-8]x con,2 overcards + draw,observed,299404.8962,0.0225893776039004,0.2438012711576473,1628,25,0.5525939134577308,0.447406082145695,1.9120307161960777,1.9116811875289108,0.006807152336568909,0.007156681003735694,0.0023556556634340697,0.0027051843306008542,0.0304199999999999,0.0310199999999998,0.0,0.0,0.0,0.0,1.9143863608338205,,,,,,,,,,,,,,,,,,,,,
UTG_BB_BET,[J-8]x con,2 overcards,observed,30394.9847,0.002293228318465539,0.02475021618125843,158,5,0.7513208777490026,0.24867910730754544,1.2270139262810025,1.2213214283064602,0.004147879464469678,0.009840377439012173,0.0010599789165435173,0.006752476891086013,0.02572,0.0350999999999999,0.0,0.0,0.0,0.0,1.2280738877712414,,,,,,,,,,,,,,,,,,,,,
UTG_BB_BET,[J-8]x con,A-high,observed,240626.653,0.018154700858828882,0.19593895965088798,1081,25,0.5911383878189718,0.4088616216137661,1.7537186538340452,1.7584407144576182,0.011098728277486352,0.006376667653915296,0.004951908280114997,0.00022984765654394078,0.0377700000000001,0.0329700000000002,0.0,0.0,0.0,0.0,1.7586705779334368,,,,,,,,,,,,,,,,,,,,,
UTG_BB_BET,[J-8]x con,Air / Nothing,observed,19115.749804,0.0014422372378833563,0.015565691010722846,239,19,0.48971944534072165,0.510280554659278,1.550630996651033,1.543322656403376,0.001595450273398011,0.008903790521055307,-0.0020786481961468347,0.005229692051510461,0.00641000000000003,0.0437700000000001,0.0,0.0,0.0,0.0,1.5485523484548867,,,,,,,,,,,,,,,,,,,,,
UTG_BB_BET,[7-4]x,Two pair+,observed,21803.570204,0.00164502680718455,0.02095708127755266,252,20,0.4979153666890864,0.5020846664773809,11.630992062001166,11.603273581134307,0.02852529709190009,0.05624377795875948,0.010579648915063706,0.038298129781923096,0.2942,0.165759999999999,0.023448008707592664,0.0,0.0008548922871622389,0.0,11.641572078777614,,,,,,,,,,,,,,,,,,,,,
UTG_BB_BET,[7-4]x,Overpair,observed,211696.58169999998,0.01597199672473576,0.20347779869798827,930,20,0.8132985296737476,0.18670147549280247,4.862798963572,4.855616491442493,0.0008771066351989095,0.008059578764705198,-0.001012609638437298,0.00616986249106899,0.00628999999999991,0.0224799999999998,0.0,0.0,0.0,0.0,4.861786391312122,,,,,,,,,,,,,,,,,,,,,
UTG_BB_BET,[7-4]x,Top pair,observed,23610.730508,0.0017813726953645691,0.022694081457713376,225,20,0.6370539054983425,0.36294612619913075,4.308479338018327,4.294753013405611,0.0018480042983937568,0.015574328911109487,-0.0034359163522610864,0.010290408260454643,0.00800999999999963,0.0472599999999996,0.0,0.0,0.0,0.0,4.305043555143684,,,,,,,,,,,,,,,,,,,,,
UTG_BB_BET,[7-4]x,Second pair,observed,19631.317708000002,0.0014811355932934423,0.01886916302893084,144,20,0.7620009841615976,0.23799900722962206,3.5862250935972657,3.5783977267213385,0.0003600909456587118,0.00818745782158578,-0.0011714410188726852,0.006655925857054384,0.00314000000000014,0.02257,0.0,0.0,0.0,0.0,3.5850536306903122,,,,,,,,,,,,,,,,,,,,,
UTG_BB_BET,[7-4]x,Third pair,observed,13157.4365,0.0009926968635786846,0.01264661995970511,69,20,0.7578614321110042,0.24213856788899565,2.982949111681672,2.975003264702588,0.0006014930317163129,0.008547340010799181,-0.001468731937147241,0.006477115041935627,0.00265999999999966,0.0281099999999999,0.0,0.0,0.0,0.0,2.9814803797445233,,,,,,,,,,,,,,,,,,,,,
UTG_BB_BET,[7-4]x,Underpair,observed,8055.286899999999,0.000607751976675431,0.007742553201050302,90,10,0.8127363367849506,0.1872636509470693,4.4449809282134956,4.439100419568795,0.00012664217918793044,0.0060071508238894135,-0.0006495901462651617,0.005230918498436321,0.0,0.0149000000000008,0.0,0.0,0.0,0.0,4.444331305058662,,,,,,,,,,,,,,,,,,,,,
UTG_BB_BET,[7-4]x,Weak pair,observed,4054.5141000000003,0.00030590331409963893,0.003897104040286708,180,16,0.9751953114075492,0.024804688592450573,3.6418292213799424,3.5324701854705594,1.0308325231867274e-05,0.10936934423461489,-0.0001148591759270936,0.10924417673345593,0.0,0.36483,0.0,0.0,0.0,0.0,3.6417143622040156,,,,,,,,,,,,,,,,,,,,,
UTG_BB_BET,[7-4]x,Combo draw,observed,25608.878844,0.0019321281701192576,0.024614654863369497,150,16,0.7146612898762532,0.2853387012080868,3.517231404635659,3.481375338039335,0.0020450460246255837,0.03790111262094891,-0.004367547588174733,0.03148851900814859,0.0019499999999999,0.143689999999999,0.0,0.0,0.0,0.0,3.5128638268480334,,,,,,,,,,,,,,,,,,,,,
UTG_BB_BET,[7-4]x,OESD,observed,2553.5879,0.0001926620507879692,0.0024544489122179276,17,12,0.8855378342727642,0.1144622085497288,3.865233066585756,3.8442631945071013,0.005104092635855613,0.026073964714510033,0.002485662709584839,0.02345553478823926,0.0,0.09232,0.0,0.0,0.0,0.0,3.8677188817935177,,,,,,,,,,,,,,,,,,,,,
UTG_BB_BET,[7-4]x,Gutshot,observed,5932.681888000001,0.0004476065457604656,0.0057023549518450505,33,15,0.7822191608058793,0.2177808391941206,2.6255009774810287,2.58843784418943,0.0027766431111163332,0.0398397764027155,-0.001033905111049956,0.03602922818054921,0.0191499999999998,0.15927,0.0,0.0,0.0,0.0,2.624467072369979,,,,,,,,,,,,,,,,,,,,,
UTG_BB_BET,[7-4]x,BDFD,observed,7658.252316,0.0005777966744956282,0.007360932853142288,48,7,0.8154442585695231,0.18455574143047704,1.8542020061727142,1.827417144243598,0.0032470204580551274,0.03003188238717203,0.0010816149038034841,0.027866476832920387,0.0199400000000001,0.10975,0.0,0.0,0.0,0.0,1.8552836210765185,,,,,,,,,,,,,,,,,,,,,
UTG_BB_BET,[7-4]x,2 overcards + draw,observed,311990.005028,0.023538893724411564,0.2998774894194323,1750,20,0.8723086208495026,0.1276913835216379,2.0153872927965426,2.002880815420672,0.0011590480293015425,0.013665525405171313,-0.0005079982946781727,0.011998479081191598,0.00713000000000008,0.05671,0.0,0.0,0.0,0.0,2.0148793028245837,,,,,,,,,,,,,,,,,,,,,
UTG_BB_BET,[7-4]x,2 overcards,observed,187420.32397599999,0.014140411605397156,0.18014402805966645,1244,20,0.8501729246011661,0.14982707643739346,1.2404872962768163,1.2256058877431057,0.0020252614105426814,0.016906669944255347,-0.00018903421521990508,0.014692374318492761,0.01386,0.0539700000000001,0.0,0.0,0.0,0.0,1.2402982637082505,,,,,,,,,,,,,,,,,,,,,
UTG_BB_BET,[7-4]x,A-high,observed,196597.29,0.014832791567800393,0.18896471297717712,871,16,0.8733867880327745,0.12661320963778291,1.7382315809118374,1.7235708472298188,0.0015167437275457846,0.01617747740956654,2.300748069391915e-05,0.014683741162714673,0.0139900000000002,0.04792,0.0,0.0,0.0,0.0,1.7382545839167038,,,,,,,,,,,,,,,,,,,,,
UTG_BB_BET,[7-4]x,Air / Nothing,observed,621.089096,4.6859674952801074e-05,0.0005969762999220101,7,4,0.6745064669531727,0.32549353304682715,1.4559579946605279,1.4365484482026714,0.0,0.019409546457856364,-0.006630032985523237,0.012779513472333127,0.0,0.0421399999999998,0.0,0.0,0.0,0.0,1.4493279616750043,,,,,,,,,,,,,,,,,,,,,
BB_DEF33,ABB,Two pair+,observed,23381.390760000002,0.002809124957697198,0.10307988231169787,270,6,,,,,,,,,,,,,,,8.013144055317465,0.0,0.6171345306912831,0.3828654648069698,0.0,8.016389306312945,8.001156006958043,8.020034811912026,0.0036455055990818022,0.0188788049539873,8.0131441455991,-0.0032451607138443013,0.011988138641061198,15.8692,0.0123000000000015,0.0654000000000003,0.9999999999999993,0.0,0.0,0.9999999999999993,0.0,0.0
BB_DEF33,ABB,Overpair,no_rows,0.0,0.0,0.0,0,0,,,,,,,,,,,,,,,,,,,,,,,,,,,,,,,,,,,,
BB_DEF33,ABB,Top pair,observed,30367.6403,0.003648478276965473,0.133879666113068,279,6,,,,,,,,,,,,,,,2.022963286393769,0.0,0.953517202058693,0.046482801353017876,0.0,2.023120804016619,1.9456705409846506,2.0241433425123088,0.0010225384956894384,0.07847280152765776,2.0229632762501435,-0.00015752776647580836,0.07729273526549252,3.49004,0.0,0.338278,1.0000000000000004,0.0,0.0,0.8886134330298952,0.0,0.0
BB_DEF33,ABB,Second pair,observed,25017.53424,0.003005697160403995,0.1102930322519477,261,6,,,,,,,,,,,,,,,0.5559817764100222,0.18277594954365092,0.780854362231382,0.036369699187991614,0.0,0.5507779355391145,0.4327021459407401,0.5606275267939462,0.009849591254831834,0.12792538085320632,0.5559817792762457,0.005203843737131316,0.1232796333355058,1.19138,0.0783375,0.717992,0.5053571914287904,0.0,0.09956258982619866,0.2647575910742513,0.0,0.0
BB_DEF33,ABB,Third pair,observed,16599.41053,0.0019943132930594193,0.07318064615742123,243,6,,,,,,,,,,,,,,,0.3587374250795024,0.30399165899525477,0.5818484846826062,0.11415984916248106,0.0,0.3291159580697651,0.20960485697920123,0.36604856021157134,0.03693260214180631,0.15644370323237025,0.3587374185919362,0.029621460522171156,0.14913256161273508,1.02557,0.2383934,0.7387684,0.4143531053448799,0.0,0.15448696960445613,0.08197281448885281,0.0,0.0
BB_DEF33,ABB,Underpair,no_rows,0.0,0.0,0.0,0,0,,,,,,,,,,,,,,,,,,,,,,,,,,,,,,,,,,,,
BB_DEF33,ABB,Weak pair,observed,50786.0781,0.006101623336210352,0.2238969874527984,324,6,,,,,,,,,,,,,,,0.016013790926366102,0.9245721865034978,0.048982965824905855,0.026444852623099088,0.0,-0.37697740896986875,-0.9774129926912544,0.017609792967645994,0.39458720193751473,0.9950227856589006,0.016013789906783316,0.39299119887665207,0.9934267825980378,0.155828,0.6781147,1.3808853,0.010536893574382939,0.23331726810383493,0.9245486510603387,0.0,0.0,0.6067063091449859
BB_DEF33,ABB,Combo draw,observed,22424.880299999997,0.00269420632719036,0.09886298235656842,204,6,,,,,,,,,,,,,,,0.18407642487555473,0.45539732992350457,0.20150599375694328,0.343096673159687,0.0,0.16793019111993707,0.12513587132302242,0.19785633892316565,0.029926147803228626,0.0727204676001432,0.18407642638672217,0.01614623526678515,0.05894055506369972,1.49682,0.1048,0.2780252,0.11238441259372073,0.013605557573477884,0.04064547894153086,0.10570549177022809,0.0,0.0
BB_DEF33,ABB,OESD,observed,1008.59915,0.00012117675435390481,0.004446539675455922,19,3,,,,,,,,,,,,,,,0.9271321124888864,0.00933506249534317,0.8431354250841278,0.147529512420529,0.0,0.9281418741803422,0.8816275548928432,0.9313910090917686,0.003249134911426388,0.04976345419892529,0.9271321124888865,-0.001009761691455798,0.045504557596043105,1.30107,0.0120549999999999,0.2796599,0.8530813752916606,0.0,0.0,0.33621102099877825,0.0,0.0
BB_DEF33,ABB,Gutshot,observed,6662.42229,0.0008004475407671224,0.029372149527517353,85,6,,,,,,,,,,,,,,,-8.286800073949013e-05,0.9984202516247135,7.133295959238872e-08,0.0015796770423268979,0.0,-0.1793003775777598,-0.4264959554325804,0.0,0.1793003775777598,0.4264959554325804,-8.286800073949013e-05,0.17921750957702032,0.4264130874318409,0.0,0.3110113,0.807402,0.0,0.04529208550063253,0.3860305303463434,0.0,0.0,0.04529208550063253
BB_DEF33,ABB,BDFD,observed,37979.0112,0.0045629359401964595,0.1674353782029113,327,6,,,,,,,,,,,,,,,0.0,1.0,0.0,0.0,0.0,-0.8168574301554706,-1.2776163764786048,0.0,0.8168574301554706,1.2776163764786048,0.0,0.8168574301554706,1.2776163764786048,0.0,1.0089695,1.5329002,0.0,1.0,1.0,0.0,0.062212064646906866,0.8758006264259985
BB_DEF33,ABB,2 overcards + draw,no_rows,0.0,0.0,0.0,0,0,,,,,,,,,,,,,,,,,,,,,,,,,,,,,,,,,,,,
BB_DEF33,ABB,2 overcards,no_rows,0.0,0.0,0.0,0,0,,,,,,,,,,,,,,,,,,,,,,,,,,,,,,,,,,,,
BB_DEF33,ABB,A-high,no_rows,0.0,0.0,0.0,0,0,,,,,,,,,,,,,,,,,,,,,,,,,,,,,,,,,,,,
BB_DEF33,ABB,Air / Nothing,observed,12600.909099999999,0.0015139188513559462,0.05555273595061385,109,6,,,,,,,,,,,,,,,0.0,1.0000000000000002,0.0,0.0,0.0,-1.0596147624960854,-1.8807886401579568,0.0,1.0596147624960854,1.8807886401579568,0.0,1.0596147624960854,1.8807886401579568,0.0,1.2718842,2.2018909,0.0,1.0000000000000002,1.0000000000000002,0.0,0.7057475876879392,1.0000000000000002
BB_DEF33,A[K/Q]x,Two pair+,observed,23145.408299999996,0.00278077317038184,0.03962497952872194,236,16,,,,,,,,,,,,,,,11.60356882714962,0.0,0.263768128379753,0.7362318691525223,0.0,11.473753613190226,11.604100286851455,11.606992329252023,0.13323871606179438,0.0028920424005654823,11.60356885369752,0.12981524050729226,-0.0005314331539366299,15.3057,0.645199999999999,0.0116999999999994,1.0000000000000002,0.09022469912531206,0.0,1.0000000000000002,0.0,0.0
BB_DEF33,A[K/Q]x,Overpair,no_rows,0.0,0.0,0.0,0,0,,,,,,,,,,,,,,,,,,,,,,,,,,,,,,,,,,,,
BB_DEF33,A[K/Q]x,Top pair,observed,94867.52040000001,0.011397727447693025,0.162413361003038,888,16,,,,,,,,,,,,,,,3.3572873541378137,0.0,0.9312557955702762,0.068744187992311,0.0,3.356765399530756,3.3352673369893164,3.3606267775833008,0.003861378052545802,0.02535944059398013,3.357287407272862,0.0005220077421071211,0.02202007028354145,4.86151,0.0223,0.10736,0.9999999999999997,0.0,0.0,0.9999999999999997,0.0,0.0
BB_DEF33,A[K/Q]x,Second pair,observed,74657.93903000001,0.00896967515628693,0.12781452231803236,870,16,,,,,,,,,,,,,,,0.9112927318499956,0.0,0.9333768559351228,0.06662314333610327,0.0,0.9114322045228013,0.8426717558876116,0.9141663595718952,0.0027341550490936443,0.07149460368428323,0.9112927306395198,-0.00013947388328177388,0.06862097475190782,1.38986,0.01803,0.249824,0.9067140576007415,0.0,0.0,0.4501195368719783,0.0,0.0
BB_DEF33,A[K/Q]x,Third pair,observed,35084.186010000005,0.00421514115874525,0.060064187868663486,330,16,,,,,,,,,,,,,,,0.39460542026249085,0.12871081991087266,0.4817337724237461,0.38955540556223145,0.0,0.4031649147723391,0.37049172195912367,0.41297099166841095,0.009806076896071672,0.04247926970928723,0.39460542381265307,-0.008559490959686195,0.024113701853529367,0.901083,0.046974,0.1735723,0.3576983287120591,0.0,0.0,0.026050477549614377,0.0,0.0
BB_DEF33,A[K/Q]x,Underpair,no_rows,0.0,0.0,0.0,0,0,,,,,,,,,,,,,,,,,,,,,,,,,,,,,,,,,,,,
BB_DEF33,A[K/Q]x,Weak pair,observed,124676.0343,0.014979030254179881,0.21344558898361432,864,16,,,,,,,,,,,,,,,0.0012656280714570963,0.9703503088485586,0.029548069194408125,0.0001016194323145872,0.0,-0.10070331250985898,-0.4805135092506531,0.003475362312532665,0.10417867482239171,0.4839888715631858,0.001265628102554102,0.10196894061241314,0.48177913735320727,0.0267179,0.2687393,0.7486839,0.0,0.0,0.49119101232112233,0.0,0.0,0.007564773817962222
BB_DEF33,A[K/Q]x,Combo draw,observed,18683.6921,0.002244726428755856,0.0319865135834931,228,16,,,,,,,,,,,,,,,1.3736299190356878,0.00020820021439980804,0.41313059612996406,0.5866611980101141,0.0,1.3273261436417805,1.4062912033454622,1.4090717105626196,0.08174556692083898,0.002780507217157579,1.3736299172310207,0.04630377358924017,-0.03266128611444123,2.01508,0.15696,0.0119700000000003,0.9551296930225047,0.0,0.0,0.82206098333209,0.0,0.0
BB_DEF33,A[K/Q]x,OESD,observed,1409.3641000000002,0.00016932610675005245,0.0024128338064796913,26,2,,,,,,,,,,,,,,,3.1340495888409845,0.0,0.5248694652537268,0.4751305693971486,0.0,3.121249044425071,3.1458417448273295,3.1473395711732683,0.02609052674819802,0.0014978263459386086,3.1340494800930228,0.012800435667952519,-0.011792264734306893,3.22725,0.0675899999999996,0.0183500000000003,0.9999999999999999,0.0,0.0,0.9999999999999999,0.0,0.0
BB_DEF33,A[K/Q]x,Gutshot,observed,40508.24949,0.004866807787569938,0.0693501940419695,638,16,,,,,,,,,,,,,,,0.6231888515838093,0.006885701586757705,0.7592710539189841,0.23384325122239155,0.0,0.6252481547535085,0.6121005801700486,0.6313041422625533,0.006055987509044545,0.019203562092504785,0.6231888463784873,-0.0020593083750214663,0.011088266208438774,1.13084,0.030903,0.07033,0.7041213767344159,0.0,0.0,0.0726899122295299,0.0,0.0
BB_DEF33,A[K/Q]x,BDFD,observed,127798.5102,0.015354175816329411,0.21879127319072453,1188,16,,,,,,,,,,,,,,,-1.6730768993914964e-05,0.9996443715002237,0.0,0.00035562849977573526,0.0,-0.7285298556505763,-0.9412773471985423,0.0,0.7285298556505763,0.9412773471985423,-1.6730768993914964e-05,0.7285131248815824,0.9412606164295484,0.0,0.9672882,1.3950722,0.0,0.8853967540225673,0.9146905219557085,0.0,0.011303356335995848,0.4543484287033577
BB_DEF33,A[K/Q]x,2 overcards + draw,no_rows,0.0,0.0,0.0,0,0,,,,,,,,,,,,,,,,,,,,,,,,,,,,,,,,,,,,
BB_DEF33,A[K/Q]x,2 overcards,no_rows,0.0,0.0,0.0,0,0,,,,,,,,,,,,,,,,,,,,,,,,,,,,,,,,,,,,
BB_DEF33,A[K/Q]x,A-high,no_rows,0.0,0.0,0.0,0,0,,,,,,,,,,,,,,,,,,,,,,,,,,,,,,,,,,,,
BB_DEF33,A[K/Q]x,Air / Nothing,observed,43280.648310000004,0.005199893821582753,0.07409654567526312,552,16,,,,,,,,,,,,,,,0.0,0.9999999999999994,0.0,0.0,0.0,-1.0636558195943777,-1.5045686466833796,0.0,1.0636558195943777,1.5045686466833796,0.0,1.0636558195943777,1.5045686466833796,0.0,1.2863922,1.9460548,0.0,0.9971890208499508,0.9999999999999994,0.0,0.6681513662381644,0.9391814482272475
BB_DEF33,A[J-T][9-5],Two pair+,observed,19754.61262,0.002373390698187965,0.06015434737572619,191,10,,,,,,,,,,,,,,,11.147958599546298,0.0,0.25856614945036777,0.7414338313125554,0.0,11.093309500840789,11.148957949939252,11.150798901981364,0.0574894011405829,0.0018409520421110068,11.147958834708788,0.05464933386800743,-0.000999115230464461,16.0297,0.391499999999999,0.00836999999999932,1.0,0.026975522641253392,0.0,1.0,0.0,0.0
BB_DEF33,A[J-T][9-5],Overpair,no_rows,0.0,0.0,0.0,0,0,,,,,,,,,,,,,,,,,,,,,,,,,,,,,,,,,,,,
BB_DEF33,A[J-T][9-5],Top pair,observed,47354.8465,0.005689382746155764,0.14419922785026962,540,10,,,,,,,,,,,,,,,3.010856033535042,0.0,0.9196371817856448,0.08036281679760914,0.0,3.010203900640033,2.9829297341752543,3.0136419012463502,0.003438000606315977,0.03071216707109378,3.0108560399993145,0.0006521393592803975,0.0279263058240582,4.63109,0.0241999999999996,0.15792,1.0000000000000002,0.0,0.0,1.0000000000000002,0.0,0.0
BB_DEF33,A[J-T][9-5],Second pair,observed,28635.677389999997,0.0034403939809444575,0.08719788730827,480,10,,,,,,,,,,,,,,,0.5721834360149133,0.0011851533866403853,0.8326746545770796,0.16614020619397302,0.0,0.5712177858880535,0.5355868425759455,0.5767442584840068,0.005526472595953494,0.041157415908061365,0.572183421892412,0.000965636004358718,0.036596579316466586,1.1417,0.0280099999999999,0.195377,0.4984592875384395,0.0,0.0,0.1312556762255101,0.0,0.0
BB_DEF33,A[J-T][9-5],Third pair,observed,24915.55485,0.002993444987188113,0.07586982191634895,246,10,,,,,,,,,,,,,,,0.40977387115523856,0.1374160494612236,0.5280204796793533,0.3345634803259422,0.0,0.4134254328806856,0.3813523568466707,0.425277074350343,0.011851641469657255,0.04392471750367201,0.4097738649424088,-0.003651567938276942,0.02842150809573781,0.790819,0.061675,0.2080853,0.49153233286313897,0.0,0.0,0.0,0.0,0.0
BB_DEF33,A[J-T][9-5],Underpair,observed,2202.7191999999995,0.0002646426614666785,0.006707453012459106,30,5,,,,,,,,,,,,,,,0.37748782006822,0.0,0.9999841457340547,1.5854265945473215e-05,0.0,0.3774881011167925,0.15970871258548983,0.3774881011167925,0.0,0.2177793885313026,0.37748782006822007,-2.810485724154037e-07,0.2177791074827302,0.530004,0.0,0.3791189,0.09769084502464047,0.0,0.0,0.0,0.0,0.0
BB_DEF33,A[J-T][9-5],Weak pair,observed,62913.67,0.007558676145119327,0.19157706772899522,450,10,,,,,,,,,,,,,,,0.0006135298875484603,0.9788205758919483,0.021179422049071372,0.0,0.0,-0.18919079300049427,-0.7565724846806666,0.0016431344621685557,0.19083392746266284,0.758215619142835,0.0006135298875484603,0.18980432288804275,0.7571860145682149,4.69e-05,0.4349615,1.1181969,0.0,0.008300580779979931,0.894924950332733,0.0,0.0,0.11407598698343299
BB_DEF33,A[J-T][9-5],Combo draw,observed,15139.07387,0.0018188631583623772,0.046099669279303715,201,10,,,,,,,,,,,,,,,1.36650619738476,0.022660192322689284,0.3465678410781036,0.6307719256840363,0.0,1.3370447687502907,1.3645245965596289,1.383853381748654,0.046808612998364335,0.019328785189025564,1.3665062337678782,0.029461465017588395,0.0019816372082496238,3.34944,0.16491,0.089785,0.7997760612023488,0.0,0.0,0.6212348126946553,0.0,0.0
BB_DEF33,A[J-T][9-5],OESD,observed,3773.6990299999998,0.00045338586728323026,0.011491210013009153,71,5,,,,,,,,,,,,,,,2.691885448789833,0.0,0.46123444825217286,0.5387654962769752,0.0,2.6709712845451534,2.7032813971315037,2.703693099577101,0.03272181503194763,0.00041170244559751446,2.691885596394292,0.020914311849138348,-0.011395800737211774,3.09028,0.0691699999999997,0.00537999999999972,1.0000000000000002,0.0,0.0,1.0000000000000002,0.0,0.0
BB_DEF33,A[J-T][9-5],Gutshot,observed,30182.75359,0.0036262653180898167,0.09190885587757007,380,10,,,,,,,,,,,,,,,0.4471306981349934,0.03324456427999848,0.7533955942190238,0.2133598440444865,0.0,0.446713026010229,0.4200844409766683,0.4544502048329611,0.0077371788227321246,0.03436576385629299,0.4471306941827316,0.000417668172502589,0.027046253206063454,1.00488,0.028409,0.189575,0.36621813536794656,0.0,0.003304754806501404,0.0547581411043816,0.0,0.0
BB_DEF33,A[J-T][9-5],BDFD,observed,70146.46840000001,0.00842765073726341,0.21360150707495884,747,10,,,,,,,,,,,,,,,-1.2010269198471754e-05,0.9996933618069492,0.0,0.0003066381930497871,0.0,-0.7341601971236676,-1.1843205543776607,0.0,0.7341601971236676,1.1843205543776607,-1.2010269198471752e-05,0.7341481868544691,1.1843085441084622,0.0,0.9888855,1.5901604,0.0,0.8859524352048488,0.9702972673104653,0.0,0.03732085962006891,0.7463312835860455
BB_DEF33,A[J-T][9-5],2 overcards + draw,no_rows,0.0,0.0,0.0,0,0,,,,,,,,,,,,,,,,,,,,,,,,,,,,,,,,,,,,
BB_DEF33,A[J-T][9-5],2 overcards,no_rows,0.0,0.0,0.0,0,0,,,,,,,,,,,,,,,,,,,,,,,,,,,,,,,,,,,,
BB_DEF33,A[J-T][9-5],A-high,no_rows,0.0,0.0,0.0,0,0,,,,,,,,,,,,,,,,,,,,,,,,,,,,,,,,,,,,
BB_DEF33,A[J-T][9-5],Air / Nothing,observed,23379.67679,0.002808919035134543,0.07119295256308919,273,10,,,,,,,,,,,,,,,0.0,1.0000000000000002,0.0,0.0,0.0,-1.0806805471399412,-1.7974086455286937,0.0,1.0806805471399412,1.7974086455286937,0.0,1.0806805471399412,1.7974086455286937,0.0,1.313401,2.2376583,0.0,1.0000000000000002,1.0000000000000002,0.0,0.6944297881373752,0.9896249207301385
BB_DEF33,A[J-T][4-2],Two pair+,observed,9800.935399999998,0.001177519871402122,0.05673752358422714,102,6,,,,,,,,,,,,,,,11.527455489594507,0.0,0.22252167567943568,0.7774783598508362,0.0,11.397520698812382,11.525576543562368,11.529136016464617,0.1316153176522314,0.003559472902249696,11.527455151294417,0.1299344524820313,0.0018786077320496165,15.0767,0.611799999999999,0.016,1.0000000000000004,0.1584776285741053,0.0,1.0000000000000004,0.0,0.0
BB_DEF33,A[J-T][4-2],Overpair,no_rows,0.0,0.0,0.0,0,0,,,,,,,,,,,,,,,,,,,,,,,,,,,,,,,,,,,,
BB_DEF33,A[J-T][4-2],Top pair,observed,24577.808299999997,0.002952866893578547,0.14228070292860653,324,6,,,,,,,,,,,,,,,3.2777859114980696,0.0,0.9106246496997576,0.08937534824225964,0.0,3.276578241035716,3.258744764837393,3.2818360216606486,0.00525778062493066,0.02309125682325386,3.2777859086435543,0.001207667607836434,0.019041143806159632,5.69552,0.0343000000000004,0.125780000000001,1.0000000000000004,0.0,0.0,1.0000000000000004,0.0,0.0
BB_DEF33,A[J-T][4-2],Second pair,observed,15797.164250000002,0.0018979285197796738,0.09144963644983162,306,6,,,,,,,,,,,,,,,0.7895799086063486,0.0,0.7909931049771259,0.2090068915593095,0.0,0.7886512124631915,0.7442340236077827,0.7937208085555719,0.005069596092380317,0.04948678494778898,0.7895799136778435,0.0009287012146519677,0.04534589007006063,1.31362,0.0327599999999999,0.175111,0.7889657360497474,0.0,0.0,0.28724148386315596,0.0,0.0
BB_DEF33,A[J-T][4-2],Third pair,observed,7114.4604,0.0008547570362828319,0.04118554487503816,96,6,,,,,,,,,,,,,,,0.6605826058296942,0.05553408123907752,0.48258001014594143,0.4618858909468525,0.0,0.6695533926733206,0.6101134645676642,0.682812459217257,0.01325906654393635,0.07269899464959281,0.6605826095642149,-0.00897078310910572,0.05046914499655074,1.11031,0.0566540000000001,0.2618182,0.689414041857623,0.0,0.0,0.222432231121843,0.0,0.0
BB_DEF33,A[J-T][4-2],Underpair,observed,1199.8461000000002,0.00014415385549570485,0.006945897877889591,18,3,,,,,,,,,,,,,,,0.5385441850493159,0.0,1.0,0.0,0.0,0.5385441850493158,0.2353087317572645,0.5385441850493158,0.0,0.30323545329205137,0.5385441850493158,0.0,0.30323545329205137,0.610463,0.0,0.356503,0.771156984216559,0.0,0.0,0.0,0.0,0.0
BB_DEF33,A[J-T][4-2],Weak pair,observed,32244.277299999998,0.003873944242072075,0.18666182043859914,270,6,,,,,,,,,,,,,,,0.006472786001556649,0.8821586574007475,0.11777407996681942,6.727033909362888e-05,0.0,-0.01889148989943744,-0.4616910462020854,0.014513157348349999,0.03340464724778745,0.4762042035504354,0.006472786302956937,0.02536427620239439,0.46816383250504234,0.0909464,0.1124245,0.7297569,0.0,0.0,0.49251964471847537,0.0,0.0,0.0
BB_DEF33,A[J-T][4-2],Combo draw,observed,6067.0422100000005,0.000728916421886675,0.03512205074592947,108,6,,,,,,,,,,,,,,,1.6516107167543825,0.0,0.2705238332647697,0.7294761518715954,0.0,1.5847788959926186,1.6762500509401104,1.6762500509401104,0.09147115494749129,0.0,1.6516107345507867,0.06683183855816752,-0.02463931638932377,2.1396,0.16764,0.0,0.9999999999999996,0.0,0.0,0.9738857264353856,0.0,0.0
BB_DEF33,A[J-T][4-2],OESD,no_rows,0.0,0.0,0.0,0,0,,,,,,,,,,,,,,,,,,,,,,,,,,,,,,,,,,,,
BB_DEF33,A[J-T][4-2],Gutshot,observed,17114.865139999998,0.002056241876537362,0.09907779460740215,252,6,,,,,,,,,,,,,,,0.6345015033956817,0.0,0.7126834202079841,0.2873165738639763,0.0,0.6386489914661349,0.6238716090247451,0.6420181933557568,0.0033692018896223676,0.018146584331011562,0.6345015094045616,-0.004147482061572872,0.010629900379816322,1.28437,0.020627,0.0759800000000002,0.7243077972626081,0.0,0.0,0.12810654259119686,0.0,0.0
BB_DEF33,A[J-T][4-2],BDFD,observed,44110.532900000006,0.00529959916151341,0.25535546339042065,507,6,,,,,,,,,,,,,,,0.0,1.0000000000000002,0.0,0.0,0.0,-0.6018236945369622,-1.0173295508177376,0.0,0.6018236945369622,1.0173295508177376,0.0,0.6018236945369622,1.0173295508177376,0.0,0.8214039,1.4322548,0.0,0.737906102240719,0.9823533190640735,0.0,0.0,0.542746333495327
BB_DEF33,A[J-T][4-2],2 overcards + draw,no_rows,0.0,0.0,0.0,0,0,,,,,,,,,,,,,,,,,,,,,,,,,,,,,,,,,,,,
BB_DEF33,A[J-T][4-2],2 overcards,no_rows,0.0,0.0,0.0,0,0,,,,,,,,,,,,,,,,,,,,,,,,,,,,,,,,,,,,
BB_DEF33,A[J-T][4-2],A-high,no_rows,0.0,0.0,0.0,0,0,,,,,,,,,,,,,,,,,,,,,,,,,,,,,,,,,,,,
BB_DEF33,A[J-T][4-2],Air / Nothing,observed,14714.75253,0.0017678836559661085,0.08518356510205556,205,6,,,,,,,,,,,,,,,0.0,1.0000000000000004,0.0,0.0,0.0,-0.9978025138580582,-1.6831841326466603,0.0,0.9978025138580582,1.6831841326466603,0.0,0.9978025138580582,1.6831841326466603,0.0,1.2032734,2.0836441,0.0,1.0000000000000004,1.0000000000000004,0.0,0.5916370174932192,1.0000000000000004
BB_DEF33,A[9-7]x,Two pair+,observed,18256.8385,0.002193442691473032,0.0407858432804151,200,18,,,,,,,,,,,,,,,12.09138532244617,0.0,0.21313528224559797,0.7868647151676614,0.0,12.002123210088806,12.090430807079873,12.09453237245402,0.09240916236521461,0.004101565374147278,12.091385379050248,0.08926216896144243,0.0009545719703750958,15.9657,0.443099999999998,0.0239000000000011,0.9999999999999992,0.031218658148287833,0.0,0.9999999999999992,0.0,0.0
BB_DEF33,A[9-7]x,Overpair,no_rows,0.0,0.0,0.0,0,0,,,,,,,,,,,,,,,,,,,,,,,,,,,,,,,,,,,,
BB_DEF33,A[9-7]x,Top pair,observed,76635.12787,0.009207221783582778,0.17120315300375755,1134,18,,,,,,,,,,,,,,,3.9961468343812006,0.0,0.9357141328860019,0.06428586654895208,0.0,3.9965585808500315,3.9792082948020466,3.998095815360393,0.0015372345103584915,0.018887520558342082,3.9961468363061603,-0.0004117445438743064,0.016938541504109283,5.34582,0.00954999999999995,0.07443,1.0000000000000004,0.0,0.0,1.0000000000000004,0.0,0.0
BB_DEF33,A[9-7]x,Second pair,observed,34365.04515,0.004128740971576664,0.07677163523204135,480,18,,,,,,,,,,,,,,,1.331928496350375,0.0,0.718948631069001,0.28105135357653654,0.0,1.3245385514047943,1.317416823960151,1.3404617885680508,0.015923237163255992,0.023044964607899555,1.3319285188748906,0.007389967470095744,0.014511694914739307,1.78373,0.0640299999999998,0.18575,0.9999999999999993,0.0,0.0,0.835176958875609,0.0,0.0
BB_DEF33,A[9-7]x,Third pair,observed,24312.12729,0.002920947014917865,0.054313380351337565,354,18,,,,,,,,,,,,,,,1.0638058695369286,2.9137792902695853e-07,0.7595499335288939,0.24044976058810263,0.0,1.056746129593558,1.0380457803327714,1.0763432957445587,0.019597166151000354,0.03829751541178691,1.0638058877602148,0.007059758166656403,0.025760107427442957,1.52439,0.0774600000000001,0.261435,0.9631522042759105,0.0,0.0,0.650419477134944,0.0,0.0
BB_DEF33,A[9-7]x,Underpair,observed,23620.901700000002,0.002837900669377555,0.052769179881735316,312,18,,,,,,,,,,,,,,,0.8743282810567311,6.1694257844525884e-09,0.991540873745717,0.008459120651448286,0.0,0.874593258054141,0.6217710916726055,0.8750878582212039,0.0004946001670630542,0.25331676654859875,0.8743282821141236,-0.00026497594001724154,0.2525571904415185,1.43485,0.0,0.535836,0.92219315658047,0.0,0.06433943628832763,0.27817593855868766,0.0,0.0
BB_DEF33,A[9-7]x,Weak pair,observed,59905.070700000004,0.007197212130078834,0.13382814473997712,552,18,,,,,,,,,,,,,,,0.09549011303569607,0.40044552133235184,0.5719049820830576,0.027649498281455163,0.0,0.13875717261478976,-0.12840560817606528,0.13972274210038088,0.0009655694855911421,0.26812835027644627,0.09549011275313896,-0.04326705986165079,0.22389572092920434,0.287566,0.0,0.5130884,0.0,0.0,0.054516653796387225,0.0,0.0,0.0
BB_DEF33,A[9-7]x,Combo draw,observed,22162.6565,0.0026627018102587854,0.0495114548275526,309,18,,,,,,,,,,,,,,,2.386991770372167,0.0,0.2643622412251166,0.7356377540764708,0.0,2.3280438122070017,2.391171250697808,2.396710452395195,0.06866664018819224,0.005539201697386772,2.386991775682429,0.0589479634754261,-0.00417947501537937,4.40632,0.24774,0.03074,0.9999999999999997,0.0,0.0,0.9878551923592729,0.0,0.0
BB_DEF33,A[9-7]x,OESD,observed,2214.81488,0.0002660958802643579,0.004947904457324929,45,10,,,,,,,,,,,,,,,3.5392563421638563,0.0,0.2957208280609258,0.7042791699919408,0.0,3.4937228550278205,3.5525897629443413,3.552955333810923,0.059232478783102636,0.00036557086658187593,3.5392563497030594,0.04553349467523874,-0.013333413241282021,4.32714,0.1388,0.0,1.0000000000000002,0.0,0.0,1.0000000000000002,0.0,0.0
BB_DEF33,A[9-7]x,Gutshot,observed,7650.25511,0.000919129353033041,0.017090697601978285,154,18,,,,,,,,,,,,,,,1.289245328382864,0.0,0.6553445283494514,0.3446554840611152,0.0,1.285386153667038,1.270264361540762,1.3017072536788385,0.01632110001180079,0.03144289213807669,1.2892453199834226,0.0038591663163849033,0.018980958442660803,1.97616,0.10911,0.113686,0.9882518035401827,0.0,0.0,0.8047480929037932,0.0,0.0
BB_DEF33,A[9-7]x,BDFD,observed,85741.85678,0.010301337173323762,0.19154761834590786,1374,18,,,,,,,,,,,,,,,0.004511632735480276,0.8862884691661533,0.07362679005176115,0.04008473240695185,0.0,-0.16170689552406728,-0.3396918096711057,0.01032227892375561,0.17202917444782284,0.35001408859486144,0.004511633187958243,0.16621852871202547,0.34420344285906407,0.0782484,0.4291004,0.8137917,0.0,0.040412255228979885,0.2695858856813526,0.0,0.0,0.006792275346850728
BB_DEF33,A[9-7]x,2 overcards + draw,no_rows,0.0,0.0,0.0,0,0,,,,,,,,,,,,,,,,,,,,,,,,,,,,,,,,,,,,
BB_DEF33,A[9-7]x,2 overcards,no_rows,0.0,0.0,0.0,0,0,,,,,,,,,,,,,,,,,,,,,,,,,,,,,,,,,,,,
BB_DEF33,A[9-7]x,A-high,no_rows,0.0,0.0,0.0,0,0,,,,,,,,,,,,,,,,,,,,,,,,,,,,,,,,,,,,
BB_DEF33,A[9-7]x,Air / Nothing,observed,92762.15424,0.011144781132999677,0.20723098827797232,1790,18,,,,,,,,,,,,,,,-0.0004502039813720527,0.9733984622614007,0.026601537969917897,0.0,0.0,-0.29117612215739763,-0.9919746740795995,0.0012148374476179048,0.29239095960501543,0.9931895115272174,-0.0004502039291634553,0.29072591822823407,0.991524470150436,0.0,0.6723091,1.3805027,0.0,0.1555300055092813,0.961302780650038,0.0,0.0048821925677607035,0.5072590781824435
BB_DEF33,A[6-2]x,Two pair+,observed,6104.81676,0.0007334547931178814,0.045673061583885774,142,10,,,,,,,,,,,,,,,11.28469743438179,0.0,0.2940268189050247,0.7059731689082708,0.0,11.169493423888271,11.273863738916235,11.292097619776893,0.12260419588862481,0.01823388086065994,11.284697641689668,0.11520421780140036,0.010833902773435485,18.3125,0.570099999999998,0.11463,1.0,0.06007776063044356,0.0,1.0,0.018131391055871755,0.0
BB_DEF33,A[6-2]x,Overpair,no_rows,0.0,0.0,0.0,0,0,,,,,,,,,,,,,,,,,,,,,,,,,,,,,,,,,,,,
BB_DEF33,A[6-2]x,Top pair,observed,22668.78867,0.0027235103620354734,0.16959607825428036,630,10,,,,,,,,,,,,,,,4.237193290081285,0.0,0.9337445318529835,0.0662554679827994,0.0,4.23747278440377,4.217675416233339,4.241351555377346,0.0038787709735749036,0.023676139144002184,4.237193299723119,-0.0002794846806520473,0.019517883489775234,5.49394,0.0272399999999999,0.10428,1.0000000000000002,0.0,0.0,1.0000000000000002,0.0,0.0
BB_DEF33,A[6-2]x,Second pair,observed,8583.4221,0.0010312434145196114,0.06421669668161935,219,10,,,,,,,,,,,,,,,1.400534381993211,0.0,0.6830694004232682,0.3169305940886176,0.0,1.383590752585145,1.3954550049383805,1.4212810608351958,0.037690308250051,0.02582605589681532,1.400534394643992,0.016943642058847245,0.005079389705611566,2.58037,0.10581,0.205096,0.9999999999999993,0.0,0.0,0.8092564339810338,0.0,0.0
BB_DEF33,A[6-2]x,Third pair,observed,4693.18906,0.0005638567292665807,0.03511199785170931,135,10,,,,,,,,,,,,,,,1.3368162387561244,0.0,0.8479142951757435,0.1520857152877813,0.0,1.3338946661483144,1.2837194002117167,1.3492617871190387,0.015367120970724336,0.06554238690732181,1.336816216892694,0.002921550744379683,0.053096816680977155,2.5848,0.06311,0.295157,1.0000000000000004,0.0,0.01183578996921978,0.7507776492600964,0.0,0.0
BB_DEF33,A[6-2]x,Underpair,observed,16364.8228,0.0019661290736570428,0.12243308668183156,360,10,,,,,,,,,,,,,,,0.8078565592047428,0.012539214169462319,0.919641811396192,0.06781896324249842,0.0,0.8295853741185149,0.6043285091521465,0.8299625141861848,0.00037714006767002744,0.22563400503403805,0.8078565653123689,-0.021728808806145836,0.20352805616022218,1.55294,0.0,0.57166,0.8477541962751955,0.0,0.07988987207365304,0.3218724922582113,0.0,0.0
BB_DEF33,A[6-2]x,Weak pair,observed,8074.0869,0.0009700500391194866,0.06040611581228614,120,9,,,,,,,,,,,,,,,0.40905465683893083,0.2926435015389913,0.608780120560097,0.09857638344322256,0.0,0.47842738372235005,0.26868525177931263,0.47970596371880764,0.001278579996457556,0.211020711939495,0.40905464794263696,-0.06937273577971312,0.14036939616332433,1.41554,0.00580000000000003,0.4076857,0.24551719897887156,0.0,0.0,0.24551719897887156,0.0,0.0
BB_DEF33,A[6-2]x,Combo draw,observed,6822.457820000001,0.0008196747888831922,0.05104207847940766,195,10,,,,,,,,,,,,,,,2.2981160115752024,0.0,0.30579307485957913,0.694206928068603,0.0,2.2182518441991848,2.310377270849431,2.3253392894383986,0.10708744523921436,0.014962018588967986,2.298116007027999,0.07986416282881463,-0.012261263821431747,4.71099,0.320080000000001,0.12165,0.9999999999999993,0.008724949508005897,0.0,0.9528926556265608,0.0,0.0
BB_DEF33,A[6-2]x,OESD,observed,540.6256000000001,6.495271736906818e-05,0.004044679356211374,12,6,,,,,,,,,,,,,,,4.000519690251855,0.0,0.2113290794590563,0.7886709205409436,0.0,3.8731209178810615,4.018774746319818,4.018774746319818,0.14565382843875685,0.0,4.0005196902518545,0.12739877237079353,-0.01825505606796331,5.03035,0.40973,0.0,1.0,0.0,0.0,1.0,0.0,0.0
BB_DEF33,A[6-2]x,Gutshot,observed,1713.4762099999998,0.00020586323693652707,0.012819337178902188,53,10,,,,,,,,,,,,,,,1.1757547651807827,0.0015863100456469134,0.6209900099208264,0.377423641582453,0.0,1.1972818550588458,1.0999771830879699,1.2191353417488069,0.02185348668996111,0.11915815866083718,1.1757547658340126,-0.02152708922483319,0.07577758274604288,1.78806,0.14628,0.4545081,0.9781993471622231,0.0,0.008351443642161803,0.6259163644880721,0.0,0.0
BB_DEF33,A[6-2]x,BDFD,observed,28582.192870000003,0.003433968157026426,0.2138370906900097,786,10,,,,,,,,,,,,,,,0.0060608079661434566,0.8799060868841887,0.07903752348443199,0.041056390810425225,0.0,-0.10423010819005422,-0.35215938311107803,0.019285487381307184,0.1235155955713614,0.3714448704923849,0.006060808175099956,0.11029091636515417,0.35822019128617766,0.132644,0.2890099,0.7517315,0.0006164782415450826,0.0,0.3333801266872496,0.0,0.0,0.0
BB_DEF33,A[6-2]x,2 overcards + draw,no_rows,0.0,0.0,0.0,0,0,,,,,,,,,,,,,,,,,,,,,,,,,,,,,,,,,,,,
BB_DEF33,A[6-2]x,2 overcards,no_rows,0.0,0.0,0.0,0,0,,,,,,,,,,,,,,,,,,,,,,,,,,,,,,,,,,,,
BB_DEF33,A[6-2]x,A-high,no_rows,0.0,0.0,0.0,0,0,,,,,,,,,,,,,,,,,,,,,,,,,,,,,,,,,,,,
BB_DEF33,A[6-2]x,Air / Nothing,observed,29515.522530000002,0.003546101762275879,0.2208197774298566,1102,10,,,,,,,,,,,,,,,0.0051106399057384705,0.934298659047672,0.06564707571414628,5.426340574767388e-05,0.0,-0.19739630774949654,-0.9729380041145824,0.01789006536999597,0.21528637311949267,0.9908280694845785,0.005110639728039766,0.20250694747753648,0.9780486438426222,0.124423,0.5742783,1.3348881,0.0,0.11963646201455207,0.9779264080675593,0.0,0.0,0.4785687810758876
BB_DEF33,BBB,Two pair+,observed,17744.473149999998,0.0021318852628787258,0.12159851244173182,218,4,,,,,,,,,,,,,,,7.155014315730481,0.0,0.6683420098755188,0.3316580072523496,0.0,7.155516563429527,7.122811223247268,7.158696380710223,0.0031798172806950754,0.03588515746295347,7.155014158442366,-0.0005024049871615683,0.03220293519509682,12.1995,0.0134400000000001,0.217160000000002,0.9999999999999998,0.0,0.0,0.9999999999999998,0.0,0.0
BB_DEF33,BBB,Overpair,no_rows,0.0,0.0,0.0,0,0,,,,,,,,,,,,,,,,,,,,,,,,,,,,,,,,,,,,
BB_DEF33,BBB,Top pair,observed,16082.93805,0.0019322624189936299,0.11021242085018046,177,4,,,,,,,,,,,,,,,1.612429986016906,0.0,0.9718698629427514,0.02813013705724868,0.0,1.6118517399605474,1.5097484196684325,1.6133187654975387,0.001467025536991358,0.1035703458291067,1.6124299860169058,0.0005782460563583851,0.10268156634847372,3.01785,0.0,0.339411,0.9283458347960244,0.0,0.0,0.5008195097785632,0.0,0.0
BB_DEF33,BBB,Second pair,observed,13395.990099999999,0.00160944276194863,0.09179942707085481,150,4,,,,,,,,,,,,,,,1.0532706404816656,0.06416966015290651,0.9109740739405888,0.0248562589943837,0.0,1.0544502936813946,0.9544997307834565,1.0554561517670185,0.001005858085623692,0.10095642098356204,1.053270653308197,-0.0011796403731977212,0.09877092252474062,1.86948,0.0,0.5329315,0.7565587630585062,0.0,0.07103006145100094,0.6808428889477904,0.0,0.0
BB_DEF33,BBB,Third pair,observed,13101.39902,0.0015740495227851714,0.08978066681780086,168,4,,,,,,,,,,,,,,,0.6505683439167184,0.19905726382476133,0.7580827051295354,0.04286002358237081,0.0,0.6359744821747392,0.4931312169292705,0.6555590374969924,0.019584555322253054,0.16242782056772195,0.6505683443439967,0.014593862169257364,0.15743712741472626,1.69407,0.1578884,0.6839966,0.6463555905039522,0.0,0.07896493255572945,0.24768798317234975,0.0,0.0
BB_DEF33,BBB,Underpair,no_rows,0.0,0.0,0.0,0,0,,,,,,,,,,,,,,,,,,,,,,,,,,,,,,,,,,,,
BB_DEF33,BBB,Weak pair,observed,30902.467699999994,0.00371273437758933,0.21176701451396238,204,4,,,,,,,,,,,,,,,0.07746733831809038,0.9318504116788707,0.046826319782918194,0.021323268538211274,0.0,-0.353167068907371,-0.9109215870159041,0.07754314693709721,0.43071021584446806,0.9884647339530015,0.0774673383180904,0.43063440722546126,0.9883889253339947,0.227029,0.5769199,1.3566784,0.035706653290992686,0.41428591154226824,0.9318441581932307,0.035706653290992686,0.0,0.5615468372449751
BB_DEF33,BBB,Combo draw,observed,22822.091700000004,0.0027419287432209226,0.15639418415354842,204,4,,,,,,,,,,,,,,,0.191987744854533,0.4245935557353973,0.30751635593431614,0.2678900824186942,0.0,0.07644515680984139,-0.011429293012416093,0.1998800162076826,0.12343485939784124,0.2113093092200987,0.1919877472972744,0.11554259048743307,0.20341704030969052,1.03488,0.7338665,0.9394005,0.12745994268351835,0.12267979801343096,0.21034982520905382,0.07856440257840169,0.0,0.02400380329731126
BB_DEF33,BBB,OESD,observed,2693.5827999999997,0.00032361679195099766,0.01845846077535612,24,4,,,,,,,,,,,,,,,0.21651524811828457,0.28197689392395886,0.6558591340747721,0.062163919182027766,0.0,0.18157889571952274,0.0605617720608626,0.2218799345741293,0.04030103885460659,0.16131816251326675,0.21651524936590671,0.03493635364638402,0.15595347730504416,0.714697,0.2998621,0.4705433,0.2178521484470424,0.0,0.0,0.0,0.0,0.0
BB_DEF33,BBB,Gutshot,observed,4943.4526,0.0005939242972496775,0.03387626543796323,44,4,,,,,,,,,,,,,,,0.0002545435181695776,0.9779511294110719,0.015057738485850961,0.006991209081260333,0.0,-0.3524075249645461,-0.5906196063860872,0.0017020363812732826,0.3541095613458194,0.5923216427673607,0.00025454336813033576,0.35266206833267644,0.5908741497542177,0.0203775,0.9887192,1.6272339,0.0,0.3230819083811991,0.3957535872802746,0.0,0.0,0.3230819083811991
BB_DEF33,BBB,BDFD,observed,18180.281300000002,0.0021842448322259536,0.12458499856064957,168,4,,,,,,,,,,,,,,,0.0,1.0,0.0,0.0,0.0,-0.8456952912412677,-1.214592028111692,0.0,0.8456952912412677,1.214592028111692,0.0,0.8456952912412677,1.214592028111692,0.0,1.0165867,1.4779358,0.0,1.0,1.0,0.0,0.10199484647137995,0.8863770496224388
BB_DEF33,BBB,2 overcards + draw,no_rows,0.0,0.0,0.0,0,0,,,,,,,,,,,,,,,,,,,,,,,,,,,,,,,,,,,,
BB_DEF33,BBB,2 overcards,no_rows,0.0,0.0,0.0,0,0,,,,,,,,,,,,,,,,,,,,,,,,,,,,,,,,,,,,
BB_DEF33,BBB,A-high,no_rows,0.0,0.0,0.0,0,0,,,,,,,,,,,,,,,,,,,,,,,,,,,,,,,,,,,,
BB_DEF33,BBB,Air / Nothing,observed,6060.0524,0.0007280766408008487,0.04152804937795219,56,4,,,,,,,,,,,,,,,0.0,1.0000000000000002,0.0,0.0,0.0,-1.0774987642368572,-1.658919619052977,0.0,1.0774987642368572,1.658919619052977,0.0,1.0774987642368572,1.658919619052977,0.0,1.2568718,2.0332447,0.0,1.0000000000000002,1.0000000000000002,0.0,0.6327275816954983,1.0000000000000002
BB_DEF33,BBx,Two pair+,observed,94719.92747,0.011379995098599747,0.05144772953461238,1011,48,,,,,,,,,,,,,,,12.008806268259258,0.0,0.2691546645581214,0.7308453364418404,0.0,11.87845990201941,12.007992196743619,12.013185928069761,0.13472602605033648,0.00519373132613949,12.0088062538013,0.13034635178187526,0.000814057057678251,16.7924,0.912299999999998,0.0235999999999983,0.9999999999999992,0.1295950686183523,0.0,0.9999999999999992,0.034519177614822136,0.0
BB_DEF33,BBx,Overpair,no_rows,0.0,0.0,0.0,0,0,,,,,,,,,,,,,,,,,,,,,,,,,,,,,,,,,,,,
BB_DEF33,BBx,Top pair,observed,225396.22949,0.02707991924562507,0.12242539202319073,2475,48,,,,,,,,,,,,,,,3.21368502356913,0.0,0.9105049081634957,0.08949509290848703,0.0,3.2133806800385876,3.194922570667056,3.215459628079444,0.002078948040853495,0.020537057412387448,3.2136850228534994,0.00030434281490873596,0.01876245218644269,4.91141,0.0115700000000001,0.09491,1.000000000000001,0.0,0.0,0.9955495125083967,0.0,0.0
BB_DEF33,BBx,Second pair,observed,194111.64432999998,0.02332127589261695,0.10543297111552058,2421,48,,,,,,,,,,,,,,,1.3678171387071887,6.497411457995041e-07,0.8988755065427239,0.10112384148842025,0.0,1.3673358748478293,1.340307114850934,1.371098398730612,0.003762523882781481,0.030791283879678513,1.3678171408918602,0.0004812660440296512,0.027510026040926682,2.10748,0.0249000000000001,0.131598,0.9789861091843344,0.0,0.0,0.7864403329172495,0.0,0.0
BB_DEF33,BBx,Third pair,observed,117029.92818,0.014060399375830313,0.06356554796103193,1044,48,,,,,,,,,,,,,,,0.9756622490665751,0.0038250420472547204,0.6956217534647761,0.3005531967630275,0.0,0.9699646678883301,0.9595297382701482,0.9859750857195411,0.016010417831210867,0.026445347449393357,0.975662253460119,0.005697585571788833,0.016132515189971323,1.6508,0.0696099999999999,0.1245888,0.8039880964062637,0.0,0.0,0.5627702118957244,0.0,0.0
BB_DEF33,BBx,Underpair,observed,8448.7313,0.0010150611740474369,0.00458898200667102,96,16,,,,,,,,,,,,,,,1.426587781772326,0.0,0.929139215228883,0.07086078477111704,0.0,1.4267533622309305,1.4081042148189165,1.4290902022251197,0.002336839994189427,0.020985987406203825,1.4265877817723258,-0.00016558045860442508,0.018483566953409972,2.92056,0.0146799999999998,0.0698500000000002,1.0,0.0,0.0,0.8623869006225823,0.0,0.0
BB_DEF33,BBx,Weak pair,observed,348498.2901,0.04186984660080623,0.18928905723685605,2208,48,,,,,,,,,,,,,,,0.055881383792574735,0.6655485984812436,0.32994724301159256,0.004504150756014857,0.0,0.025986170380479276,-0.3853040783032247,0.060288259706484576,0.0343020893260053,0.4455923380097104,0.05588138405361773,0.02989521367313845,0.4411854623568435,0.282443,0.2004656,0.8090899,0.0360670323415168,0.0,0.42074099691543987,0.008644395354524008,0.0,0.0009305928012069751
BB_DEF33,BBx,Combo draw,observed,107973.86619999999,0.01297237129454133,0.05864669044244598,1029,48,,,,,,,,,,,,,,,1.1169903509769026,0.09868084320718987,0.41629125552614615,0.48502789184187056,0.0,1.0843922305456042,1.0866236276165804,1.1274141181014472,0.04302188755584528,0.040790490484868866,1.1169903489853368,0.03259811843973478,0.030366721368758363,3.52908,0.182399999999999,0.2256466,0.6057324323170338,0.0126755061031611,0.029253021227834856,0.3750049491142514,0.0,0.0
BB_DEF33,BBx,OESD,observed,44108.37495,0.005299339897585754,0.023957743689759517,660,47,,,,,,,,,,,,,,,2.5239546618025526,0.008685764692358044,0.5015781195777098,0.4897361096033049,0.0,2.513892263649526,2.5245494415618412,2.5325629287789972,0.018670665129473338,0.008013487217157157,2.523954675083068,0.010062411433543797,-0.0005947664787723846,3.45615,0.0638700000000001,0.0173899999999998,0.9734230947903013,0.0,0.0,0.96182772541703,0.0,0.0
BB_DEF33,BBx,Gutshot,observed,128307.33757,0.015415308179194315,0.06969094441819856,1111,48,,,,,,,,,,,,,,,0.5686857498904592,0.10029372245013853,0.710597442798234,0.18910884321369792,0.0,0.5523297133151315,0.5009552113029323,0.5745060241142451,0.022176310799113638,0.07355081281131272,0.5686857473402654,0.016356034025133984,0.06773053603733306,0.99525,0.1011959,0.4275881,0.6494768185376508,0.013325082823632312,0.03190091601555472,0.046874295062967836,0.0,0.009989925940912811
BB_DEF33,BBx,BDFD,observed,406027.1294,0.04878156968536502,0.2205362112814365,3624,48,,,,,,,,,,,,,,,7.84184865039852e-06,0.9993707492032389,0.0005904354717086547,3.8815578087822234e-05,0.0,-0.49137063405841946,-0.7830917207631992,0.0001107549565843617,0.4914813890150041,0.7832024757197836,7.841848873004422e-06,0.4913784759072927,0.7830995626120723,0.0,0.8496986,1.271909,0.0,0.4852394688284589,0.8212373328174953,0.0,0.0015427604577202916,0.2392828470441609
BB_DEF33,BBx,2 overcards + draw,observed,31598.666879999997,0.0037963782682432635,0.017163016386508998,528,24,,,,,,,,,,,,,,,1.8481323505715217,0.0,0.5741735650906558,0.42582645150433235,0.0,1.8461608745706393,1.8476954058322514,1.8529395191604547,0.006778644589815677,0.005244113328204437,1.8481323256187896,0.0019714510481504246,0.0004369197865391845,2.76087,0.0328400000000002,0.0187900000000001,0.9999999999999997,0.0,0.0,0.9339306304304439,0.0,0.0
BB_DEF33,BBx,2 overcards,no_rows,0.0,0.0,0.0,0,0,,,,,,,,,,,,,,,,,,,,,,,,,,,,,,,,,,,,
BB_DEF33,BBx,A-high,observed,38244.186799999996,0.004594795097069484,0.020772572692063875,326,48,,,,,,,,,,,,,,,0.0,1.0000000000000004,0.0,0.0,0.0,-0.9250949416386517,-1.5624189528762973,0.0,0.9250949416386517,1.5624189528762973,0.0,0.9250949416386517,1.5624189528762973,0.0,1.1063457,1.9206253,0.0,1.0000000000000004,1.0000000000000004,0.0,0.20512798562107223,1.0000000000000004
BB_DEF33,BBx,Air / Nothing,observed,96626.21409999998,0.011609023277625717,0.05248314121170376,882,48,,,,,,,,,,,,,,,0.0,1.0000000000000004,0.0,0.0,0.0,-0.9448601792470395,-1.4900522021581173,0.0,0.9448601792470395,1.4900522021581173,0.0,0.9448601792470395,1.4900522021581173,0.0,1.1672962,1.9333004,0.0,1.0000000000000004,1.0000000000000004,0.0,0.3621882035425832,0.9611017265344767
BB_DEF33,K/Qx dis,Two pair+,observed,53932.1611,0.006479605140843041,0.037391518475204576,446,42,,,,,,,,,,,,,,,14.563431975773106,0.0,0.13219681903897232,0.8678031889699857,0.0,14.347210031325204,14.561367316155149,14.565888837578363,0.218678806253158,0.004521521423216267,14.56343183884754,0.21622180752233558,0.0020645226923938624,18.0277,0.959099999999998,0.0218000000000025,0.9999999999999993,0.19770403563524183,0.0,0.9999999999999993,0.03019643505440764,0.0
BB_DEF33,K/Qx dis,Overpair,no_rows,0.0,0.0,0.0,0,0,,,,,,,,,,,,,,,,,,,,,,,,,,,,,,,,,,,,
BB_DEF33,K/Qx dis,Top pair,observed,197981.75157000002,0.023786244591375773,0.13726203754114016,2616,42,,,,,,,,,,,,,,,4.513143542800814,0.0,0.9013780482511122,0.09862195147421848,0.0,4.512976689746063,4.500296877232033,4.514906973772625,0.0019302840265552374,0.014610096540590499,4.513143550580441,0.0001668608343714927,0.012846673348406754,6.79041,0.0108199999999994,0.0682100000000005,1.0000000000000009,0.0,0.0,1.0000000000000009,0.0,0.0
BB_DEF33,K/Qx dis,Second pair,observed,107888.08251000001,0.012962064931373465,0.07479951012804976,1092,42,,,,,,,,,,,,,,,2.0130300295233927,0.0,0.7649141652830125,0.23508583806172975,0.0,2.011993088315327,1.9991043873675594,2.0174801311284183,0.005487042813091324,0.018375743760858865,2.013030024166298,0.0010369358509708217,0.013925636798738364,2.69018,0.02844,0.10588,0.999999999999999,0.0,0.0,0.9985380971064577,0.0,0.0
BB_DEF33,K/Qx dis,Third pair,observed,68370.2487,0.00821424927022324,0.04740153862331287,747,42,,,,,,,,,,,,,,,1.514416627333031,0.0,0.8044734422544303,0.19552655839780378,0.0,1.5099574388611987,1.4642751678333599,1.521110890931481,0.011153452070281854,0.056835723098121495,1.5144166241532508,0.004459185292051731,0.05014145631989137,2.06912,0.0573200000000003,0.26726,0.9999999999999998,0.0,0.0,0.8342350362110066,0.0,0.0
BB_DEF33,K/Qx dis,Underpair,observed,96830.18239999999,0.011633528767824756,0.06713299597718195,924,42,,,,,,,,,,,,,,,1.2274551440064645,0.0,0.9892627709491845,0.01073722539776709,0.0,1.2274526697174521,1.0834353299640342,1.2279864643541556,0.0005337946367030695,0.144551134390121,1.227455147533567,2.4778161145712916e-06,0.1440198175695325,2.03844,0.0040899999999997,0.460943,0.9571776650913352,0.0,0.01976967256027807,0.6488410353340409,0.0,0.0
BB_DEF33,K/Qx dis,Weak pair,observed,165647.30849999998,0.019901467507175658,0.11484435761180099,1092,42,,,,,,,,,,,,,,,0.23350860214082308,0.11116194612823671,0.887617594311992,0.0012204558197491029,0.0,0.2388540804668934,-0.14177721562455498,0.2388540804668934,0.0,0.3806312960914486,0.23350860259545464,-0.005345477871438776,0.3752858182200098,0.573868,0.0,0.5907601,0.13076975530815826,0.0,0.19623166409612983,0.0,0.0,0.0
BB_DEF33,K/Qx dis,Combo draw,observed,58916.82489999999,0.007078480700900176,0.04084741834587346,615,38,,,,,,,,,,,,,,,2.3768910813451085,0.0,0.21246637043742997,0.7875336250631716,0.0,2.3521626672930553,2.38070543429254,2.383911576333197,0.03174890904014078,0.003206142040658412,2.376891095172589,0.024728427879532874,-0.003814339119949494,5.00934,0.11677,0.0201899999999999,0.9999999999999999,0.0,0.0,0.9301707448257275,0.0,0.0
BB_DEF33,K/Qx dis,OESD,observed,8313.68732,0.00099883650125108,0.005763933554349152,137,26,,,,,,,,,,,,,,,3.792500233744659,0.0,0.39088489821485484,0.6091151076576897,0.0,3.766889776898502,3.8010575970518565,3.80214869599819,0.035258919099690214,0.001091098946333714,3.7925002131185606,0.025610436220060685,-0.008557383933295814,5.05815,0.0710700000000006,0.0134000000000003,1.0,0.0,0.0,1.0,0.0,0.0
BB_DEF33,K/Qx dis,Gutshot,observed,42898.49351,0.005153980360001146,0.02974180488824522,632,38,,,,,,,,,,,,,,,1.2599909390310313,3.71615800127896e-05,0.6573862463703055,0.3425765933001288,0.0,1.2657926996285027,1.2413470342626831,1.2691781114396674,0.00338541181116409,0.027831077176982667,1.2599909313608602,-0.005801768267643144,0.018643897098175433,1.78598,0.022976,0.0917700000000001,0.970392689904042,0.0,0.0,0.8436547498238707,0.0,0.0
BB_DEF33,K/Qx dis,BDFD,observed,318252.92915,0.03823605940776395,0.22064682811496308,3441,42,,,,,,,,,,,,,,,0.04314041298207059,0.7269346291491952,0.1454127153627222,0.1276526502734177,0.0,-0.0673980274461407,-0.16667907149548092,0.052650429798201566,0.12004845724434238,0.21932950129368214,0.04314041275778201,0.11053844020392282,0.20981948425326258,0.339936,0.4143103,0.6582317,0.023230536541316217,0.030407741496194813,0.12264808560992953,0.0,0.0,0.005433851322653255
BB_DEF33,K/Qx dis,2 overcards + draw,no_rows,0.0,0.0,0.0,0,0,,,,,,,,,,,,,,,,,,,,,,,,,,,,,,,,,,,,
BB_DEF33,K/Qx dis,2 overcards,no_rows,0.0,0.0,0.0,0,0,,,,,,,,,,,,,,,,,,,,,,,,,,,,,,,,,,,,
BB_DEF33,K/Qx dis,A-high,observed,192424.39930000002,0.023118564164637454,0.13340908902510296,1857,42,,,,,,,,,,,,,,,0.058962777821229995,0.6678069578166893,0.33110485060589284,0.0010881916354606488,0.0,-0.04601337662812261,-0.3777131648757338,0.06462189941070638,0.11063527603882903,0.44233506428643954,0.05896277792542566,0.1049761545535483,0.43667594280115885,0.273566,0.4198992,0.8436359,0.0368997067203005,0.026956486385663878,0.4057471343760093,0.0186239807063802,0.0,0.01346365122835023
BB_DEF33,K/Qx dis,Air / Nothing,observed,130907.42146,0.01572769167350727,0.0907589677147757,2110,42,,,,,,,,,,,,,,,-0.00041190595423842277,0.9596711094461596,0.03989661446049537,0.000432279013805884,0.0,-0.30822094478454,-0.6828853178792821,0.0006899124149232934,0.3089108571994633,0.6835752302942053,-0.0004119060242216352,0.3078090387603184,0.6824734118550604,0.0,0.7650669,1.2638256,0.0,0.20688725603135863,0.727438287210458,0.0,0.0046982592212155855,0.15910325188373003
BB_DEF33,K/Qx con,Two pair+,observed,16902.5691,0.0020307358614972083,0.04244964768715933,178,14,,,,,,,,,,,,,,,13.524470693420273,0.0,0.23523354044004477,0.7647664502568727,0.0,13.443994387744704,13.521626983021243,13.528470461417964,0.08447607367326178,0.006843478396724902,13.5244708048348,0.08047641709009867,0.0028438218135617985,17.6782,0.767300000000002,0.0312000000000019,1.0,0.05605275117615108,0.0,1.0,0.0,0.0
BB_DEF33,K/Qx con,Overpair,no_rows,0.0,0.0,0.0,0,0,,,,,,,,,,,,,,,,,,,,,,,,,,,,,,,,,,,,
BB_DEF33,K/Qx con,Top pair,observed,54500.65578,0.0065479061504065145,0.13687467407425916,870,14,,,,,,,,,,,,,,,4.128733992428723,0.0,0.8866188193575727,0.11338118184719904,0.0,4.128363630692689,4.118863073911614,4.130720680205784,0.0023570495130948634,0.011857606294167771,4.1287339771666645,0.00037034647397470553,0.009870903255047614,6.53866,0.0137099999999997,0.0469099999999987,1.0,0.0,0.0,1.0,0.0,0.0
BB_DEF33,K/Qx con,Second pair,observed,25052.2076,0.0030098629434381612,0.06291690808148068,309,14,,,,,,,,,,,,,,,1.6634498826755542,0.0,0.7957222542415932,0.20427774123053435,0.0,1.6616932706904923,1.6360083696362264,1.6676003106112414,0.00590703992074933,0.031591940975013715,1.6634498924389378,0.0017566217484458035,0.027441522802710186,2.27254,0.0343399999999998,0.17611,0.9999999999999997,0.0,0.0,0.95204728704228,0.0,0.0
BB_DEF33,K/Qx con,Third pair,observed,22572.99355,0.0027120011894126894,0.05669053134899001,270,14,,,,,,,,,,,,,,,1.4723437634612806,0.0,0.8044562549733905,0.1955437311742333,0.0,1.4706443407792467,1.425346653888806,1.4767915149456168,0.006147174166370152,0.051444861056810995,1.4723437806544448,0.0016994398751982208,0.046997126765639066,2.15948,0.0423200000000001,0.2509,1.0,0.0,0.00403789598389355,0.8494984179889599,0.0,0.0
BB_DEF33,K/Qx con,Underpair,observed,39802.54060000001,0.004782021365918784,0.0999613618218461,420,14,,,,,,,,,,,,,,,0.9748994204976482,0.0,0.9824219092157147,0.017578088451047268,0.0,0.9749010505846122,0.9024719211231389,0.9756826393501419,0.0007815887655297066,0.07321071822700301,0.974899422838989,-1.627745623113087e-06,0.07242750171585019,1.82185,0.006243,0.25564,0.8715767153818318,0.0,0.0,0.41588327404406933,0.0,0.0
BB_DEF33,K/Qx con,Weak pair,observed,32830.5144,0.003944376890225552,0.08245159427676654,252,12,,,,,,,,,,,,,,,0.04939712988943648,0.3144343412631329,0.6839208769093092,0.0016447659364210267,0.0,0.05901720240700707,-0.38438171248768305,0.05978039363805583,0.0007631912310487588,0.44416210612573875,0.049397130955039274,-0.009620071451967799,0.4337788434427222,0.175058,0.006185,0.6516351,0.0,0.0,0.37772000307128906,0.0,0.0,0.0
BB_DEF33,K/Qx con,Combo draw,observed,24342.5245,0.00292459904580567,0.06113458745398913,309,14,,,,,,,,,,,,,,,2.7209574317237037,0.0,0.25607997718200093,0.7439200282621466,0.0,2.7062953653609934,2.7263379746111376,2.7309274205467897,0.024632055185796347,0.004589445935650594,2.7209574067450375,0.014662041384044299,-0.005380567866101455,5.27845,0.0801400000000001,0.025686,0.9984459089278108,0.0,0.0,0.9451456277675722,0.0,0.0
BB_DEF33,K/Qx con,OESD,observed,3762.1744599999997,0.0004520012637091301,0.00944844416371171,72,14,,,,,,,,,,,,,,,3.7402343098390993,0.0,0.2191520648659765,0.780847937525335,0.0,3.7178583536739813,3.7444445004949607,3.7467762653215977,0.028917911647616753,0.002331764826637027,3.740234323239254,0.02237596956527327,-0.004210177255706453,4.9715,0.0823700000000001,0.00497000000000014,0.9999999999999998,0.0,0.0,0.9999999999999998,0.0,0.0
BB_DEF33,K/Qx con,Gutshot,observed,11716.473989999999,0.0014076596144069176,0.029425124078402132,187,14,,,,,,,,,,,,,,,0.9050326352376442,0.008944714366331302,0.6980418291454151,0.2930134639522825,0.0,0.9086078763198774,0.8796814787163846,0.9129927273226235,0.0043848510027460945,0.03331124860623874,0.9050326365587024,-0.0035752397611750536,0.025351157842317593,1.68567,0.02329,0.130833,0.7525411482605959,0.0,0.0,0.5291541973542162,0.0,0.0
BB_DEF33,K/Qx con,BDFD,observed,79024.44281000001,0.00949428273297828,0.198464489990375,1038,14,,,,,,,,,,,,,,,0.04737230543696063,0.7463156990128198,0.15000658718575016,0.10367772481518076,0.0,-0.13899784983424182,-0.32800077024173363,0.05751842461660857,0.19651627445085035,0.38551919485834263,0.04737230300007793,0.1863701528343197,0.375373073241812,0.334521,0.7195602,1.0037579,0.023184987642432955,0.11316560398282673,0.31976800862431776,0.0,0.0,0.05083446408674525
BB_DEF33,K/Qx con,2 overcards + draw,no_rows,0.0,0.0,0.0,0,0,,,,,,,,,,,,,,,,,,,,,,,,,,,,,,,,,,,,
BB_DEF33,K/Qx con,2 overcards,no_rows,0.0,0.0,0.0,0,0,,,,,,,,,,,,,,,,,,,,,,,,,,,,,,,,,,,,
BB_DEF33,K/Qx con,A-high,observed,50067.6069,0.006015303604419228,0.12574137463187104,585,14,,,,,,,,,,,,,,,0.058946930302733444,0.6588246228687415,0.3406019397269614,0.0005734392477863767,0.0,-0.01968704813876955,-0.4824802833383753,0.06698248210651009,0.0866695302452796,0.5494627654448858,0.05894693049949546,0.07863397863826496,0.5414272138378712,0.270487,0.406279,0.959304,0.0334849796865366,0.03236418116081358,0.5775217488974896,0.012762323577322805,0.00702199529332807,0.03666976541672895
BB_DEF33,K/Qx con,Air / Nothing,observed,37604.55152,0.004517946998198242,0.09444126239114928,745,14,,,,,,,,,,,,,,,-0.0009878642176976364,0.9623170648271064,0.03735114839034518,0.00033178939034186357,0.0,-0.3360632810204392,-0.8048259223387928,0.00038569413492476083,0.336448975155364,0.8052116164737175,-0.0009878641886079877,0.33507541683183123,0.8038380581501848,0.0,0.88153,1.3999081,0.0,0.23560292708950256,0.7847184270847013,0.0,0.013037525517070705,0.2991893285581723
BB_DEF33,[J-8]x dis,Two pair+,observed,79695.39992999999,0.009574893951133917,0.04350953271195073,905,67,,,,,,,,,,,,,,,15.807761745244086,0.0,0.26816144070618986,0.7318385602232074,0.0,15.747748090754051,15.804066204430788,15.812749164328729,0.06500107357468288,0.008682959897956526,15.807761759232648,0.060013668478601595,0.0036955548018752452,21.4029,0.468200000000001,0.0339999999999989,1.0000000000000002,0.039092130822311576,0.0013628641062771567,1.0000000000000002,0.0,0.0
BB_DEF33,[J-8]x dis,Overpair,observed,28313.935999999998,0.003401738805217298,0.015457932649539808,486,46,,,,,,,,,,,,,,,3.785278760399475,0.0,0.8692114080716042,0.13078859535131737,0.0,3.7856611156900963,3.782678957272386,3.7862412890520423,0.00058017336194446,0.003562331779657926,3.7852787536077455,-0.0003823620823522751,0.0025997963353611908,5.01674,0.0031699999999999,0.0117200000000004,1.0000000000000007,0.0,0.0,1.0000000000000007,0.0,0.0
BB_DEF33,[J-8]x dis,Top pair,observed,200439.30706999998,0.024081504208771427,0.10942940992055955,3210,67,,,,,,,,,,,,,,,3.5491697754024574,0.0,0.8382416330196758,0.1617583660940426,0.0,3.548774064729747,3.541732737852753,3.5516685548793205,0.002894490149574734,0.009935817026572497,3.5491697791456356,0.00039571441588987476,0.007437041292887638,5.14116,0.0152499999999991,0.0544800000000003,0.9999999999999999,0.0,0.0,0.9999999999999999,0.0,0.0
BB_DEF33,[J-8]x dis,Second pair,observed,137331.59638,0.01649951531246964,0.07497589058249708,1671,67,,,,,,,,,,,,,,,2.2218579416033624,0.0,0.8358963220567623,0.16410367392981182,0.0,2.2200174308343033,2.202610027712123,2.2262395655915026,0.006222134757199562,0.023629537879379946,2.2218579494408046,0.0018405186065016737,0.019247921728682057,2.96349,0.0329200000000001,0.1365,0.9999999999999996,0.0,0.0,0.9971026853944153,0.0,0.0
BB_DEF33,[J-8]x dis,Third pair,observed,89546.42850000001,0.01075843219738387,0.04888768063754302,1269,67,,,,,,,,,,,,,,,1.6989871218509087,0.0,0.9340061699774616,0.06599383235577731,0.0,1.6984443544622567,1.5786924743024415,1.7014766768264147,0.0030323223641577257,0.12278420252397451,1.6989871158169119,0.0005427613546549331,0.12029464151447172,2.48706,0.0198999999999998,0.4103,0.9993642984879078,0.0,0.013350827833407113,0.8968512722983709,0.0,0.0
BB_DEF33,[J-8]x dis,Underpair,observed,78289.4859,0.009405982348287519,0.04274197696177941,726,52,,,,,,,,,,,,,,,1.2419733038203533,0.0,0.9681476437041041,0.03185236084121865,0.0,1.2418813149760348,1.1762806767322018,1.2431607158843367,0.001279400908302555,0.06688003915213475,1.241973295749512,9.198077347773127e-05,0.06569261901730993,1.72638,0.00952999999999982,0.283804,0.9999999999999998,0.0,0.0,0.7544086363709276,0.0,0.0
BB_DEF33,[J-8]x dis,Weak pair,observed,191939.7682,0.023060338829273087,0.10478910489886968,1602,67,,,,,,,,,,,,,,,0.4098666042721555,0.047651870921674826,0.9522490741566052,9.905527820107059e-05,0.0,0.41208228887720716,0.046900496092452636,0.41208854895790914,6.260080702024964e-06,0.3651880528654566,0.4098666044410717,-0.002215684436135416,0.36296610834861914,0.921329,0.0,0.5793841,0.33795358673356984,0.0,0.19421906804199213,0.02970543756236546,0.0,0.0
BB_DEF33,[J-8]x dis,Combo draw,observed,115454.0336,0.013871065694150815,0.06303188209179063,1488,67,,,,,,,,,,,,,,,2.4005594849350347,0.013636357765262435,0.3578880707460721,0.6284755664818433,0.0,2.3915282505536597,2.400776220173468,2.409408771808305,0.017880521254643823,0.008632551634834692,2.400559492079414,0.009031241525752806,-0.0002167280940563246,4.96491,0.0641462,0.0330091,0.958075068760525,0.0,0.0,0.8686058198489816,0.0,0.0
BB_DEF33,[J-8]x dis,OESD,observed,15726.00355,0.0018893790155851164,0.008585577919026303,290,63,,,,,,,,,,,,,,,3.6067095820541892,0.0,0.44989305805220986,0.5501069229674509,0.0,3.5955392840400435,3.6142225060623985,3.6161566268081757,0.02061734276813136,0.001934120745775869,3.6067096549337703,0.011170370893725771,-0.007512851128629721,4.7019,0.0523700000000007,0.0126900000000001,1.0,0.0,0.0,0.996277878240718,0.0,0.0
BB_DEF33,[J-8]x dis,Gutshot,observed,32249.43339,0.0038745637133965915,0.01760650901126711,530,67,,,,,,,,,,,,,,,1.1631557348673436,0.05077232758495605,0.5999480327604634,0.3492796574349358,0.0,1.1591373891665901,1.115472754117506,1.1761398458495056,0.017002456682916375,0.060667091732000515,1.1631557153584902,0.004018326191900968,0.04768296124098511,1.89515,0.0701773,0.1757375,0.8060156653189495,0.00863831921110227,0.0212255078010845,0.684575165492543,0.0,0.0016369496902965588
BB_DEF33,[J-8]x dis,BDFD,observed,330443.71297999995,0.039700704323982115,0.18040503657664209,4038,67,,,,,,,,,,,,,,,0.0329440286237152,0.7343769315585656,0.11642604426419138,0.14919702923030986,0.0,-0.11740612818090393,-0.15570939058192107,0.04161164244062337,0.15901777062152736,0.1973210330225446,0.03294402801843432,0.1503501561993383,0.18865341860035556,0.242233,0.5216846,0.6579266,0.0007227887552953862,0.061902601188959676,0.11112074749088176,0.0,0.0,0.006156293250836114
BB_DEF33,[J-8]x dis,2 overcards + draw,observed,203439.83162,0.02444199809410557,0.11106753986502194,4247,67,,,,,,,,,,,,,,,0.5306302499354405,0.43848578746283645,0.38294415847583735,0.17857004392877157,0.0,0.5210016379253772,0.48527724503313563,0.5398925498465409,0.01889091192116202,0.05461530481340528,0.5306302545468832,0.009628616621504302,0.04535300951374756,2.3521,0.1099606,0.2808304,0.3315587740260829,0.0,0.004767879241130095,0.23871175719762922,0.0,0.0
BB_DEF33,[J-8]x dis,2 overcards,observed,11350.78111,0.0013637239475081978,0.006196934609093159,248,10,,,,,,,,,,,,,,,7.026529459061432e-05,0.6208548395432693,0.377176326601045,0.001968837108952056,0.0,-0.006335553773066371,-0.19586118419973103,0.008450639709336709,0.014786193482403088,0.20431182390906796,7.026511926140969e-05,0.006405818892327789,0.19593144931899267,0.0287125,0.0397099,0.4463751,0.0,0.0,0.008117963786546846,0.0,0.0,0.0
BB_DEF33,[J-8]x dis,A-high,observed,227975.56477,0.027389809926795006,0.12446277076968248,3165,67,,,,,,,,,,,,,,,0.1693459624038493,0.42937766916336756,0.5573252693285353,0.013297052524203287,0.0,0.07369596522407493,-0.05419575883517065,0.17201561417719516,0.09831964895312038,0.22621137301236688,0.16934596242100616,0.09564999719693137,0.22354172125617788,0.812705,0.5230637,0.762599,0.10700835707814528,0.055751999618129953,0.15358967574145782,0.038118616391047355,0.0,0.015442447542795928
BB_DEF33,[J-8]x dis,Air / Nothing,observed,89481.47753,0.010750628752639008,0.04885222079473691,1374,67,,,,,,,,,,,,,,,7.567646311164916e-06,0.9995505798690848,0.0004494030200050945,1.711091102051453e-08,0.0,-0.5254261747590331,-0.7322297570582154,6.918167330813855e-05,0.5254953564323412,0.7322989387315235,7.567646311164923e-06,0.5254337424053442,0.7322373247045265,0.0,0.940155,1.2741558,0.0,0.5248852546523213,0.7533086152651063,0.0,0.01512419036158935,0.20730393230018895
BB_DEF33,[J-8]x con,Two pair+,observed,32089.10159,0.0038553008703298293,0.05357659342960088,474,25,,,,,,,,,,,,,,,14.509801003947759,0.0,0.36957688218969875,0.6304231229080067,0.0,14.496116842778008,14.497496931409394,14.518115134120357,0.02199829134234728,0.020618202710962916,14.50980088448859,0.013684041710579128,0.012303953079194765,21.0934,0.213799999999999,0.105,1.0000000000000002,0.0,0.0032882784114118915,1.0000000000000002,0.0,0.0
BB_DEF33,[J-8]x con,Overpair,observed,11019.529499999999,0.0013239261795105692,0.018398422596878728,204,18,,,,,,,,,,,,,,,3.8011659282990733,0.0,0.8520238839914624,0.14797609339903312,0.0,3.8017710044994204,3.7955703797360867,3.802426506781073,0.0006555022816536528,0.006856127044988602,3.8011660066153916,-0.0006049978840278757,0.005595626879307074,5.28429,0.0044499999999994,0.02122,1.0000000000000007,0.0,0.0,1.0000000000000007,0.0,0.0
BB_DEF33,[J-8]x con,Top pair,observed,64604.49024,0.007761817411775254,0.10786492409602853,1152,25,,,,,,,,,,,,,,,3.442326088585627,0.0,0.7961834595548172,0.20381653148222525,0.0,3.4415387072515866,3.4257721241059014,3.445472457802296,0.003933750550709401,0.019700333696398193,3.4423261262219103,0.0007874189703237001,0.016554002116012493,5.16182,0.0198999999999998,0.113960000000001,1.0000000000000007,0.0,0.0,0.9891494121012978,0.0,0.0
BB_DEF33,[J-8]x con,Second pair,observed,37611.016319999995,0.004518723702681432,0.06279609057296526,555,25,,,,,,,,,,,,,,,1.9838757898808719,0.0,0.8580474735462542,0.14195252701606026,0.0,1.982962648756529,1.9239898912153353,1.9877907804197734,0.0048281316632445654,0.06380088920443668,1.9838757928877628,0.0009131441312340473,0.059885901672426155,2.95476,0.02657,0.25432,0.9965309366040555,0.0,0.0,0.9436338283984989,0.0,0.0
BB_DEF33,[J-8]x con,Third pair,observed,32875.48029,0.003949779255086591,0.05488954673162563,507,25,,,,,,,,,,,,,,,1.7603682607628877,0.0,0.9195163874629773,0.08048360397693828,0.0,1.7598099910500857,1.6534435894920125,1.7630325002757596,0.0032225092256743457,0.10958891078375017,1.7603682691006453,0.0005582780505598516,0.10692467960863568,2.93006,0.0208699999999999,0.356221,0.9907711949050281,0.0,0.004065642199626097,0.879014278577403,0.0,0.0
BB_DEF33,[J-8]x con,Underpair,observed,46653.9113,0.005605169852908327,0.07789428540435378,444,22,,,,,,,,,,,,,,,1.229780085024931,0.0,0.9596863038393071,0.040313701562138884,0.0,1.229795661179602,1.1883062372170066,1.2307539610827873,0.0009582999031851768,0.042447723865780176,1.2297800789388993,-1.558224070286648e-05,0.041473841721892134,1.98322,0.00756000000000023,0.15716,0.9999999999999997,0.0,0.0,0.6485512244715053,0.0,0.0
BB_DEF33,[J-8]x con,Weak pair,observed,39365.677599999995,0.004729535063072592,0.06572570746303485,402,21,,,,,,,,,,,,,,,0.19723790195799526,0.25128108593560444,0.7474161143793445,0.0013027949448785813,0.0,0.20147468757138606,-0.21250868975073123,0.2037569372478956,0.00228224967650957,0.41626562699862674,0.19723790158141366,-0.004236785989972374,0.4097465913321448,0.760121,0.0220909,0.693945,0.11864971174788061,0.0,0.3973357516904522,0.022950307350990448,0.0,0.0
BB_DEF33,[J-8]x con,Combo draw,observed,42061.40242,0.005053409205063357,0.07022654249807468,663,25,,,,,,,,,,,,,,,2.0902631989141396,0.09248107116995818,0.3212503397817575,0.5862685895875577,0.0,2.068363375291573,2.05824261593181,2.102111537987682,0.03374816269610706,0.04386892205587044,2.0902632074473315,0.021899832155756967,0.03202059151552035,5.28932,0.183479999999999,0.3333607,0.8354333445451491,0.0,0.026672156310854653,0.7619312045278211,0.0,0.0
BB_DEF33,[J-8]x con,OESD,observed,5924.823549999999,0.000711829757053216,0.009892201612132282,103,25,,,,,,,,,,,,,,,2.397289457808975,0.012659172037756301,0.4508388442878252,0.5365020348433515,0.0,2.389010307498955,2.373676657806923,2.407082832157315,0.018072524658358822,0.033406174350392275,2.3972894386583614,0.008279131159405173,0.023612780851438628,4.99617,0.0601799999999999,0.2119102,0.8677757078520929,0.0,0.0,0.615903523405351,0.0,0.0
BB_DEF33,[J-8]x con,Gutshot,observed,11494.128410000001,0.0013809462112384376,0.019190822246083174,190,25,,,,,,,,,,,,,,,0.9230763306157502,0.18154214284307357,0.49915558523614,0.3193022382830729,0.0,0.8471416629181252,0.7700653248715977,0.9320889648854043,0.08494730196727887,0.16202364001380626,0.923076333467768,0.07593467054964256,0.15301100859616995,1.96787,0.6003536,0.9114666,0.6298403856095426,0.08425909868532605,0.1266123318001108,0.4669645960567445,0.0,0.047960800535375256
BB_DEF33,[J-8]x con,BDFD,observed,98490.55267,0.011833011664815417,0.16444175859076404,1299,25,,,,,,,,,,,,,,,0.03342738322236964,0.7000870700393469,0.12472649054652035,0.17518643626278774,0.0,-0.1105832064183842,-0.2025308662314513,0.044823232106599165,0.15540643852498326,0.24735409833804994,0.0334273837115662,0.1440105901299503,0.23595824994301698,0.236667,0.6561367,0.90718,0.0,0.10459264031663598,0.19343529986915242,0.0,0.0,0.02338804827015294
BB_DEF33,[J-8]x con,2 overcards + draw,observed,76309.378961,0.0091680851300104,0.1274076358913368,1721,25,,,,,,,,,,,,,,,0.2518271519747489,0.4584094580072775,0.40454533189029657,0.13704520475346976,0.0,0.23570428188235099,0.17216829295295025,0.2602331806993967,0.024528898817045855,0.08806488774644619,0.25182715388900884,0.016122872006657955,0.07965886093605828,1.2997,0.1412222,0.3597433,0.1960122537315431,0.0,0.028220225473209383,0.07539400948263994,0.0,0.0
BB_DEF33,[J-8]x con,2 overcards,observed,6630.68994,0.0007966351013247313,0.011070729982164162,158,5,,,,,,,,,,,,,,,0.007827125149591368,0.7263061985989788,0.2704057307664156,0.0032880599479818235,0.0,-0.019232999454674247,-0.23193993244769753,0.015003669083241584,0.03423666853791583,0.24694360153093894,0.007827125016351223,0.027060124471025467,0.23976705746404858,0.0622341,0.1506016,0.6593468,0.0,0.0,0.12632275488363434,0.0,0.0,0.0
BB_DEF33,[J-8]x con,A-high,observed,64686.085040000005,0.007771620506529158,0.10800115637455802,1056,25,,,,,,,,,,,,,,,0.19215071243684442,0.37307782492361596,0.6201129671254493,0.006809198842244543,0.0,0.10516718608353426,-0.07817879816837074,0.1955265229137303,0.09035933683019597,0.27370532108210116,0.19215071245771956,0.08698352637418523,0.2703295106260904,0.826688,0.4800755,0.8889122,0.12696955110084673,0.045785793005846114,0.19746587851315123,0.03596917634698766,0.006291289691567334,0.03578603185783401
BB_DEF33,[J-8]x con,Air / Nothing,observed,29122.551079999997,0.003498888749192586,0.0486235825103991,506,25,,,,,,,,,,,,,,,1.5445546200071373e-05,0.9987576761514226,0.0012423238485774854,0.0,0.0,-0.44932991027541413,-0.7221298905488363,0.00012292225781478485,0.44945283253322893,0.722252812806651,1.5445546200071404e-05,0.4493453558216142,0.7221453360950363,0.0,0.9950764,1.3958363,0.0,0.3216477301136217,0.6848503771256845,0.0,0.042267505913839744,0.20901629404919558
BB_DEF33,[7-4]x,Two pair+,observed,9362.149080000001,0.0011248024939261511,0.05448626452050506,380,20,,,,,,,,,,,,,,,14.820373687127205,0.0,0.4077871720919242,0.5922128267669668,0.0,14.79172884864249,14.755165939794814,14.842183901554439,0.05045505291195393,0.08701796175963053,14.820373670849813,0.02864482220732895,0.06520773105500555,20.9966,0.276499999999999,0.47333,1.0,0.025914169698310334,0.048741435978073525,1.0,0.0012014164593926759,0.005379301223432344
BB_DEF33,[7-4]x,Overpair,observed,15412.46457,0.0018517093070990107,0.08969816804860495,570,20,,,,,,,,,,,,,,,2.8055585245505226,0.0,0.9125114575711255,0.08748852154155444,0.0,2.8061410024842135,2.787976144570966,2.810044895718668,0.003903893234454973,0.022068751147701737,2.805558585967026,-0.0005824165171872241,0.01758244139605954,5.17171,0.0260500000000001,0.104960000000001,1.0000000000000002,0.0,0.0028849052530214507,1.0000000000000002,0.0,0.0
BB_DEF33,[7-4]x,Top pair,observed,12703.180838,0.0015262061483192373,0.07393055434992914,507,20,,,,,,,,,,,,,,,3.051208449657656,0.0,0.7372878808857789,0.2627121162690819,0.0,3.0503866963858126,3.046812846559404,3.063972950082548,0.013586253696737313,0.017160103523142508,3.0512084643156063,0.000821767929795757,0.004395617756200952,4.24643,0.05023,0.0989800000000001,0.9999999999999996,0.0,0.0,0.9999999999999996,0.0,0.0
BB_DEF33,[7-4]x,Second pair,observed,9082.378725999999,0.0010911898704551088,0.052858044185325415,402,20,,,,,,,,,,,,,,,2.4800742864944665,0.0,0.9199696056733624,0.08003037947298842,0.0,2.4802206994874747,2.3972215147722125,2.4859502462749172,0.005729546787441455,0.08872873150270782,2.4800743129208307,-0.0001463865666449125,0.08285279814862145,3.64711,0.0362200000000001,0.34728,0.9999999999999998,0.0,0.0066774751229417085,0.9939251454201029,0.0,0.0
BB_DEF33,[7-4]x,Third pair,observed,5261.193964,0.000632098895367773,0.030619337885633046,273,20,,,,,,,,,,,,,,,2.35715450662075,0.0,0.9877767046693475,0.01222329533065282,0.0,2.357304700154298,2.12928140005564,2.3577766609419046,0.0004719607876065042,0.22849526088626546,2.3571545066207493,-0.0001501935335485845,0.22787310656511037,3.59473,0.00278999999999985,0.59052,0.998928691844747,0.0,0.10642350212351914,0.9804127360243433,0.0,0.0
BB_DEF33,[7-4]x,Underpair,observed,4806.79312,0.000577505532433058,0.027974795017007337,90,10,,,,,,,,,,,,,,,1.6070248779009355,0.0,0.9312268996896667,0.06877308525268505,0.0,1.6092341414595766,1.5711775502854384,1.6102756121932078,0.0010414707336312478,0.03909806190776939,1.607024918795765,-0.0022092226638115216,0.03584736851032662,2.25862,0.00637000000000043,0.10177,1.0,0.0,0.0,1.0,0.0,0.0
BB_DEF33,[7-4]x,Weak pair,observed,5706.044209999999,0.0006855448148728767,0.033208297746072236,180,16,,,,,,,,,,,,,,,1.1021368253538506,0.010029009810831801,0.9568638452568545,0.033107139868690225,0.0,1.1071216736951979,0.8664624493781965,1.1093608259639713,0.0022391522687736118,0.24289837658577546,1.102136831434695,-0.004984842260502626,0.2356743820564992,1.96465,0.00644999999999962,0.495925,0.9265904338305158,0.0,0.026937646177122774,0.27701907693421124,0.0,0.0
BB_DEF33,[7-4]x,Combo draw,observed,8740.984269999999,0.0010501735042084221,0.050871181075530764,381,19,,,,,,,,,,,,,,,2.547037464448989,0.0006693385424651954,0.3573178057077209,0.6420128574529738,0.0,2.531442156666893,2.552004566884065,2.5627728331876525,0.0313306765207587,0.010768266303588176,2.5470374622795755,0.015595305612681853,-0.004967104604488673,5.20974,0.11607,0.0552049999999999,0.9935639638212052,0.0,0.0,0.9475939566014113,0.0,0.0
BB_DEF33,[7-4]x,OESD,observed,893.745306,0.00010737779761178413,0.005201459914871996,50,18,,,,,,,,,,,,,,,3.714632807107071,0.0,0.37052582870994355,0.6294741658153022,0.0,3.675072156844648,3.73863189683695,3.740788428267214,0.0657162714225656,0.002156531430264094,3.714632820521932,0.03956066367728371,-0.023999076315017794,5.12776,0.33305,0.01234,0.9999999999999999,0.0,0.0,0.9876868052608266,0.0,0.0
BB_DEF33,[7-4]x,Gutshot,observed,2056.2922139999996,0.00024705039310783184,0.01196730371905795,77,16,,,,,,,,,,,,,,,1.2569566575232949,0.013549654324681507,0.45588528083969515,0.5305650579417327,0.0,1.2678590518711426,1.2407129418643883,1.281152406786836,0.013293354915693197,0.04043946492244756,1.256956655870531,-0.010902396000611941,0.01624371400614242,2.09797,0.0642300000000002,0.163146,0.9202403953662979,0.0,0.0004315943006337718,0.6338925037626,0.0,0.0
BB_DEF33,[7-4]x,BDFD,observed,5848.81458,0.0007026977641436611,0.034039199292185025,135,10,,,,,,,,,,,,,,,0.06533407428187257,0.40915240537803654,0.1374722922842751,0.4533753133714747,0.0,0.05506891014275939,0.037406681598029054,0.08770825599700205,0.03263934585424266,0.050301574398973016,0.06533407203984312,0.010265161897083729,0.02792739044181408,0.340937,0.2147457,0.273245,0.0,0.0,0.0039904752802062664,0.0,0.0,0.0
BB_DEF33,[7-4]x,2 overcards + draw,observed,43774.087218,0.0052591773588962385,0.2547584400678661,2375,20,,,,,,,,,,,,,,,0.4393195777555285,0.40814486316129184,0.3802797625522649,0.21157536552266373,0.0,0.4338757466631983,0.3520236253870892,0.46750506159334515,0.03362931493014682,0.11548143620625613,0.43931957669969696,0.005443830036498624,0.08729595131260794,2.26181,0.1841368,0.4104666,0.2623800430332482,0.0,0.01894525523444805,0.1449761936644206,0.0,0.00011937633271428276
BB_DEF33,[7-4]x,2 overcards,observed,24589.258904,0.0029542426106095514,0.1431056965188305,1419,20,,,,,,,,,,,,,,,0.0011331117700928007,0.798569413874422,0.19996821774009646,0.0014623672924775927,0.0,-0.06740569979987036,-0.27610866052460126,0.009308741672796526,0.0767144414726669,0.2854174021973978,0.0011331115400186973,0.06853881133988907,0.27724177206462,0.0591616,0.2922049,0.635358,0.0,0.00030277268741877005,0.11348479654854747,0.0,0.0,0.0
BB_DEF33,[7-4]x,A-high,observed,22025.785946999997,0.0026462576863675795,0.12818667905470532,855,16,,,,,,,,,,,,,,,0.20371338178858825,0.27456475496675875,0.7120424710477874,0.013392757211573396,0.0,0.1847605504167954,0.1126393662187676,0.21073848808273685,0.025977937665941246,0.09809912186396903,0.20371338382201828,0.018952833405222677,0.09107401760325046,0.912983,0.0857584,0.378858,0.1401926921214169,0.005723277721091712,0.027255137294284193,0.036920975349384204,0.0,0.0
BB_DEF33,[7-4]x,Air / Nothing,observed,1562.68376,0.00018774648592392363,0.009094578603875152,36,10,,,,,,,,,,,,,,,-4.6275093868900005e-06,0.9999872359943128,0.0,1.2764005687241543e-05,0.0,-0.30006802879591454,-0.353071713593799,0.0,0.30006802879591454,0.353071713593799,-4.6275093868900005e-06,0.30006340128652764,0.3530670860844121,0.0,0.5078491,0.6051304,0.0,0.07407546745094479,0.10123977995394283,0.0,0.0,0.0
BB_DEF75,ABB,Two pair+,observed,19347.312289999994,0.002964213031987793,0.10110070040824319,270,6,,,,,,,,,,,,,,,8.949058920014219,0.0,0.6174905753479505,0.3825094185428497,0.0,8.947984824399247,8.945604926571628,8.955149924321248,0.007165099921995408,0.009544997749617683,8.949059023262938,0.0010741988636863362,0.0034540966913086113,20.4929,0.0314800000000002,0.02915,1.0,0.0,0.0,1.0,0.0,0.0
BB_DEF75,ABB,Overpair,no_rows,0.0,0.0,0.0,0,0,,,,,,,,,,,,,,,,,,,,,,,,,,,,,,,,,,,,
BB_DEF75,ABB,Top pair,observed,25804.4614,0.003953516623848634,0.13484297364372963,279,6,,,,,,,,,,,,,,,1.170714051061078,0.12235015935557948,0.8027324590850751,0.07491736659073225,0.0,1.162125121037415,1.0591310680761186,1.1790295271301505,0.016904406092735975,0.119898459054032,1.1707140622066716,0.008588941169257087,0.11158299413055311,2.72522,0.133529999999999,0.9027454,0.7086922108748219,0.0,0.05783547569026185,0.4461779504531723,0.0,0.03960242704387545
BB_DEF75,ABB,Second pair,observed,21559.31021,0.0033031145270850173,0.11265964646036057,261,6,,,,,,,,,,,,,,,0.1614492811732979,0.5400107976959956,0.3533827719517789,0.10660645611684859,0.0,-0.026742446881938515,-0.19429563851574544,0.16565369650965794,0.19239614339159647,0.3599493350254034,0.16144927393526207,0.1881917208172006,0.35574491245100753,0.516545,0.9420189,1.4956985,0.05938651132753471,0.20291828715237922,0.24546948155814868,0.03161247801350691,0.03846192628256635,0.17919113192258299
BB_DEF75,ABB,Third pair,observed,13986.262339999997,0.002142843433527277,0.0730861681184676,243,6,,,,,,,,,,,,,,,0.13236520675990315,0.5260281647293555,0.2946362681386256,0.17933558967630514,0.0,-0.11549441223472383,-0.3052339119393036,0.1370822933978758,0.25257670563259954,0.4423162053371796,0.13236520410758792,0.24785961634231166,0.4375991160468917,0.928049,1.1089798,1.6879822,0.10580535128157767,0.21892294492740078,0.31459648997260264,0.024657316702383553,0.06993677483100894,0.216557430882567
BB_DEF75,ABB,Underpair,no_rows,0.0,0.0,0.0,0,0,,,,,,,,,,,,,,,,,,,,,,,,,,,,,,,,,,,,
BB_DEF75,ABB,Weak pair,observed,43015.7932,0.006590474835651289,0.2247819622668708,324,6,,,,,,,,,,,,,,,0.00026021777668118956,0.9896025009783735,0.0013010059849436883,0.009096491103125817,0.0,-1.090581640388,-1.6166993663906244,0.00034059368308335646,1.0909222340710834,1.6170399600737073,0.0002602177697618355,1.090841858157762,1.6169595841603859,0.0,1.5527779,2.4287868,0.0,0.9223351715388105,0.9223351715388105,0.0,0.6306954023574762,0.9223351715388105
BB_DEF75,ABB,Combo draw,observed,18391.064499999993,0.0028177057487827452,0.09610376233830754,204,6,,,,,,,,,,,,,,,0.12133353934762635,0.8637414722354603,0.02733908925451271,0.10891942371344523,0.0,-0.1108265041626492,-0.11689130440501098,0.12337923671869949,0.23420574088134885,0.24027054112371052,0.12133353577389656,0.23216003993654594,0.2382248401789076,1.02419,0.6043278,1.0029072,0.10007454435277525,0.09421189295486407,0.10045792074732816,0.05258255170602008,0.04017189978318005,0.05234058093809635
BB_DEF75,ABB,OESD,observed,782.95241,0.00011995659667662552,0.004091371238072987,19,3,,,,,,,,,,,,,,,0.5017281515077752,0.13722309555762144,0.6261863655344134,0.23659052879789977,0.0,0.4389411917160074,0.3864925112544963,0.504200803686293,0.06525961197028565,0.11770829243179676,0.5017281557314397,0.06278696401543235,0.11523564447694346,1.12545,0.4660538,0.8295341,0.3840722707527013,0.0,0.13684867513211946,0.24008523072302698,0.0,0.0
BB_DEF75,ABB,Gutshot,observed,5490.09097,0.0008411400486094344,0.028688844944052508,85,6,,,,,,,,,,,,,,,0.0,0.9999999999999999,0.0,0.0,0.0,-0.8199058757953575,-1.038264745471882,0.0,0.8199058757953575,1.038264745471882,0.0,0.8199058757953575,1.038264745471882,0.0,0.9826427,1.7520287,0.0,0.9903980680305559,0.9999999999999999,0.0,0.046574237366416534,0.4330987214953198
BB_DEF75,ABB,BDFD,observed,32289.4749,0.00494708933519896,0.16873085415030478,327,6,,,,,,,,,,,,,,,0.0,0.9999999999999997,0.0,0.0,0.0,-1.5674146380638647,-2.0355620871419897,0.0,1.5674146380638647,2.0355620871419897,0.0,1.5674146380638647,2.0355620871419897,0.0,1.8683849,2.4795593,0.0,0.9999999999999997,0.9999999999999997,0.0,0.9999999999999997,0.9999999999999997
BB_DEF75,ABB,2 overcards + draw,no_rows,0.0,0.0,0.0,0,0,,,,,,,,,,,,,,,,,,,,,,,,,,,,,,,,,,,,
BB_DEF75,ABB,2 overcards,no_rows,0.0,0.0,0.0,0,0,,,,,,,,,,,,,,,,,,,,,,,,,,,,,,,,,,,,
BB_DEF75,ABB,A-high,no_rows,0.0,0.0,0.0,0,0,,,,,,,,,,,,,,,,,,,,,,,,,,,,,,,,,,,,
BB_DEF75,ABB,Air / Nothing,observed,10700.026100000001,0.0016393572571123019,0.05591371643159036,109,6,,,,,,,,,,,,,,,0.0,1.0,0.0,0.0,0.0,-1.940739537970914,-2.792891652347851,0.0,1.940739537970914,2.792891652347851,0.0,1.940739537970914,2.792891652347851,0.0,2.2595848,3.2162148,0.0,1.0,1.0,0.0,1.0,1.0
BB_DEF75,A[K/Q]x,Two pair+,observed,18787.8912,0.002878503799589456,0.03885558587158088,236,16,,,,,,,,,,,,,,,14.544105872139477,0.0,0.3992843943043804,0.6007156038038426,0.0,14.517859611398967,14.54111858821011,14.551722319475328,0.03386270807635924,0.010603731265220363,14.544105916903739,0.02624630550477069,0.002987328693631818,20.5536,0.210999999999999,0.0395999999999983,1.0,0.0,0.0,1.0,0.0,0.0
BB_DEF75,A[K/Q]x,Overpair,no_rows,0.0,0.0,0.0,0,0,,,,,,,,,,,,,,,,,,,,,,,,,,,,,,,,,,,,
BB_DEF75,A[K/Q]x,Top pair,observed,78419.2209,0.012014654700656074,0.1621802436061808,888,16,,,,,,,,,,,,,,,2.3216882293496557,3.5201688671711862e-09,0.8763526386570003,0.12364737130793922,0.0,2.321884005125135,2.3106088939678284,2.324893342800006,0.003009337674870988,0.014284448832174002,2.3216881988113243,-0.00019580631381081737,0.011079304843492196,4.40834,0.0198299999999993,0.0534999999999997,1.0000000000000002,0.0,0.0,0.9643032133210082,0.0,0.0
BB_DEF75,A[K/Q]x,Second pair,observed,62933.17431,0.009642028444978464,0.13015326374539435,870,16,,,,,,,,,,,,,,,0.10028496986920671,0.4559781691679358,0.4814756355321877,0.06254620457333354,0.0,0.0534806925324917,-0.03200817487944189,0.10558026698760166,0.0520995744551098,0.1375884418670438,0.10028497035031962,0.04680427781782776,0.13229314522976177,0.573753,0.2986261,0.4277256,0.057818727243539245,0.0,0.02599466700887601,0.0037669377494332205,0.0,0.0
BB_DEF75,A[K/Q]x,Third pair,observed,29291.658600000002,0.004487792146485136,0.06057862183347809,330,16,,,,,,,,,,,,,,,0.005731801269386541,0.6967357909596016,0.11668204621419423,0.1865822049700723,0.0,-0.17867878962287984,-0.10609037074713049,0.009315261340540821,0.18799405096342064,0.1154056320876713,0.005731800979039714,0.18441059060191953,0.11182217172617019,0.0446154,0.6516342,0.5359177,0.0,0.15160895737054642,0.060932206140078375,0.0,0.0022362612132861602,0.0
BB_DEF75,A[K/Q]x,Underpair,no_rows,0.0,0.0,0.0,0,0,,,,,,,,,,,,,,,,,,,,,,,,,,,,,,,,,,,,
BB_DEF75,A[K/Q]x,Weak pair,observed,103356.2084,0.015835265140909466,0.21375288945931356,864,16,,,,,,,,,,,,,,,0.0,1.0000000000000004,0.0,0.0,0.0,-1.209163604879027,-1.659671447835679,0.0,1.209163604879027,1.659671447835679,0.0,1.209163604879027,1.659671447835679,0.0,1.5332241,1.9662605,0.0,0.9706518045992876,1.0000000000000004,0.0,0.8447141333021267,0.9990380703632704
BB_DEF75,A[K/Q]x,Combo draw,observed,15110.8585,0.0023151434689651935,0.031251046420795646,228,16,,,,,,,,,,,,,,,0.66290652213943,0.0526563312841557,0.5533330054176008,0.3940106790663219,0.0,0.6464525200872876,0.6531619249422513,0.6703014733030179,0.023848953215730263,0.01713954836076653,0.6629065118183043,0.016453991731016675,0.009744586876052942,1.10608,0.0805200000000001,0.0706420000000001,0.593427130563098,0.0,0.0,0.10711403326290163,0.0,0.0
BB_DEF75,A[K/Q]x,OESD,observed,1090.5041,0.00016707677098523334,0.0022552917328401943,26,2,,,,,,,,,,,,,,,2.8863009836520703,0.0,0.39979566972173697,0.6002044004034465,0.0,2.8771419168556998,2.886973729644849,2.8936582982466548,0.016516381390954873,0.006684568601805336,2.886300781751006,0.009158864895306016,-0.0006729478938435202,2.99208,0.0331199999999998,0.0459399999999999,1.0,0.0,0.0,1.0,0.0,0.0
BB_DEF75,A[K/Q]x,Gutshot,observed,33523.730030000006,0.005136190285568941,0.06933104716490801,638,16,,,,,,,,,,,,,,,0.027929629716220927,0.4125094309255147,0.4521981818746139,0.1352923856060059,0.0,0.02917449014830343,0.009613144239249666,0.03682558938807739,0.007651099239773971,0.02721244514882773,0.027929628903060354,-0.0012448612452430653,0.018316484663810695,0.104705,0.0124971,0.0698061,0.018108163961968283,0.006516160337901395,0.006654641646390802,0.0,0.0,0.0
BB_DEF75,A[K/Q]x,BDFD,observed,105239.01335,0.016123730788531524,0.2176467532588954,1188,16,,,,,,,,,,,,,,,0.0,1.000000000000002,0.0,0.0,0.0,-2.228622373048533,-2.532872089412484,0.0,2.228622373048533,2.532872089412484,0.0,2.228622373048533,2.532872089412484,0.0,2.6769684,3.2447769,0.0,1.000000000000002,1.000000000000002,0.0,1.000000000000002,1.000000000000002
BB_DEF75,A[K/Q]x,2 overcards + draw,no_rows,0.0,0.0,0.0,0,0,,,,,,,,,,,,,,,,,,,,,,,,,,,,,,,,,,,,
BB_DEF75,A[K/Q]x,2 overcards,no_rows,0.0,0.0,0.0,0,0,,,,,,,,,,,,,,,,,,,,,,,,,,,,,,,,,,,,
BB_DEF75,A[K/Q]x,A-high,no_rows,0.0,0.0,0.0,0,0,,,,,,,,,,,,,,,,,,,,,,,,,,,,,,,,,,,,
BB_DEF75,A[K/Q]x,Air / Nothing,observed,35779.02134000001,0.005481724786269907,0.0739952569066131,552,16,,,,,,,,,,,,,,,0.0,0.9999999999999998,0.0,0.0,0.0,-2.59325742434595,-3.1372757843044874,0.0,2.59325742434595,3.1372757843044874,0.0,2.59325742434595,3.1372757843044874,0.0,2.9976105,3.8669128,0.0,0.9999999999999998,0.9999999999999998,0.0,0.9999999999999998,0.9999999999999998
BB_DEF75,A[J-T][9-5],Two pair+,observed,14128.38586,0.0021646182611530108,0.0599441107848231,191,10,,,,,,,,,,,,,,,12.593817836061744,0.0,0.37388143998454054,0.6261185694513781,0.0,12.590474624360754,12.593271436712158,12.60203752645755,0.011562902096793424,0.008766089745385697,12.593817727092436,0.0033431027316781874,0.0005462903802704606,19.7992,0.055299999999999,0.0353999999999992,1.0000000000000004,0.0,0.0,1.0000000000000004,0.0,0.0
BB_DEF75,A[J-T][9-5],Overpair,no_rows,0.0,0.0,0.0,0,0,,,,,,,,,,,,,,,,,,,,,,,,,,,,,,,,,,,,
BB_DEF75,A[J-T][9-5],Top pair,observed,33977.4918,0.0052057113917510665,0.144160171786929,540,10,,,,,,,,,,,,,,,1.4326580423275341,0.003106917097447434,0.8594157903003122,0.13747728990742047,0.0,1.4330966010936588,1.4188184795782541,1.4370963847687295,0.0039997836750710405,0.01827790519047581,1.432658036099409,-0.0004385649942493996,0.013839556521155368,3.24666,0.02379,0.087158,0.9221213085540357,0.0,0.0,0.65758395385736,0.0,0.0
BB_DEF75,A[J-T][9-5],Second pair,observed,20410.659509999998,0.0031271290815044566,0.08659862824972017,480,10,,,,,,,,,,,,,,,0.12782270439915536,0.5667612997803113,0.30736545948538696,0.12587323301830639,0.0,0.09701726369740361,0.06767840630400984,0.1360754567475506,0.03905819305014703,0.06839705044354076,0.1278227063377286,0.030805442640325045,0.060144300033718776,0.598574,0.2083506,0.244276,0.10322067197131937,0.0,0.0030946084799001188,0.004336297901429252,0.0,0.0
BB_DEF75,A[J-T][9-5],Third pair,observed,17756.0564,0.002720415786372272,0.07533564148729778,246,10,,,,,,,,,,,,,,,0.009342097378217208,0.7075135611024603,0.13137127412737834,0.161115198887677,0.0,-0.1739131569513129,-0.13830632776505222,0.014569653230882391,0.18848281018219526,0.1528759809959346,0.009342096875550935,0.1832552538268638,0.14764842464060315,0.0739708,0.6508064,0.6975471,0.0,0.21568416791016723,0.07709406859059087,0.0,0.0,0.0
BB_DEF75,A[J-T][9-5],Underpair,observed,1645.5112,0.0002521097333939748,0.006981597660758339,30,5,,,,,,,,,,,,,,,9.610264328161605e-05,0.9871047725379809,0.0128952274620191,0.0,0.0,-0.07608866181636442,-0.9290559954364576,0.0011982154433102612,0.0772868772596747,0.930254210879768,9.610264328161573e-05,0.07618476445964606,0.9291520980797393,0.009926,0.2186567,1.3274372,0.0,0.0,0.966395974697711,0.0,0.0,0.4300473311880224
BB_DEF75,A[J-T][9-5],Weak pair,observed,45065.7421,0.0069045487056135675,0.19120555340230963,450,10,,,,,,,,,,,,,,,0.0,1.0000000000000002,0.0,0.0,0.0,-1.2369196286230886,-1.6981551252674583,0.0,1.2369196286230886,1.6981551252674583,0.0,1.2369196286230886,1.6981551252674583,0.0,1.5251301,2.1360115,0.0,0.9882383740885963,1.0000000000000002,0.0,0.7759027405431322,0.9899078240187241
BB_DEF75,A[J-T][9-5],Combo draw,observed,10988.19355,0.0016835075606728741,0.046620859453670005,201,10,,,,,,,,,,,,,,,0.8067692776664834,0.2623391231841471,0.343812111756892,0.3938487451321094,0.0,0.718754712545581,0.721428542454259,0.8160055831891713,0.09725087064358995,0.09457704073491223,0.8067692787149324,0.08801456616935108,0.08534073626067334,3.13652,0.4969799,0.6824211,0.4764728921252029,0.04808325386660121,0.08961316485001304,0.25113538339520775,0.0,0.020957894393842377
BB_DEF75,A[J-T][9-5],OESD,observed,2853.1704300000006,0.00043713591036929596,0.01210547093197109,71,5,,,,,,,,,,,,,,,2.4616315204458137,0.0,0.4136823205436206,0.5863176794563792,0.0,2.4567099392728173,2.4623134723978963,2.4660829565504776,0.009373017277660484,0.0037694841525818066,2.461631520445814,0.004921581172996905,-0.000681951952081772,2.92126,0.0266299999999999,0.0181199999999997,1.0,0.0,0.0,1.0,0.0,0.0
BB_DEF75,A[J-T][9-5],Gutshot,observed,21895.471980000002,0.0033546180684841565,0.09289841111793573,380,10,,,,,,,,,,,,,,,0.010888788093883618,0.5372736753771532,0.33423451841566554,0.1284918180927503,0.0,-0.020895202065165933,-0.05131312879094338,0.01978818125550281,0.040683383320668745,0.0711013100464462,0.010888789659257887,0.031783991724423824,0.062201918450201274,0.0580198,0.1200031,0.3531815,0.011798900714996143,0.03492920365902978,0.03583320792155858,0.0,0.0,0.015063621387165
BB_DEF75,A[J-T][9-5],BDFD,observed,50219.22899,0.007694117446250061,0.2130708388017483,747,10,,,,,,,,,,,,,,,0.0,1.0000000000000002,0.0,0.0,0.0,-2.165559259335154,-2.5054147224282057,0.0,2.165559259335154,2.5054147224282057,0.0,2.165559259335154,2.5054147224282057,0.0,2.5323727,3.0031185,0.0,1.0000000000000002,1.0000000000000002,0.0,1.0000000000000002,1.0000000000000002
BB_DEF75,A[J-T][9-5],2 overcards + draw,no_rows,0.0,0.0,0.0,0,0,,,,,,,,,,,,,,,,,,,,,,,,,,,,,,,,,,,,
BB_DEF75,A[J-T][9-5],2 overcards,no_rows,0.0,0.0,0.0,0,0,,,,,,,,,,,,,,,,,,,,,,,,,,,,,,,,,,,,
BB_DEF75,A[J-T][9-5],A-high,no_rows,0.0,0.0,0.0,0,0,,,,,,,,,,,,,,,,,,,,,,,,,,,,,,,,,,,,
BB_DEF75,A[J-T][9-5],Air / Nothing,observed,16752.73046,0.0025666956322702157,0.07107871632283692,273,10,,,,,,,,,,,,,,,0.0,0.9999999999999998,0.0,0.0,0.0,-2.5515295320621165,-3.141621183179641,0.0,2.5515295320621165,3.141621183179641,0.0,2.5515295320621165,3.141621183179641,0.0,2.8542973,3.6087986,0.0,0.9999999999999998,0.9999999999999998,0.0,0.9999999999999998,0.9999999999999998
BB_DEF75,A[J-T][4-2],Two pair+,observed,6606.023799999999,0.0010121127701909608,0.05650288655310455,102,6,,,,,,,,,,,,,,,13.160975000299668,0.0,0.3836336242640694,0.6163663861319272,0.0,13.1169319957164,13.165703723933296,13.174077227172871,0.057145231456477576,0.008373503239573527,13.16097486981517,0.04404287409877741,-0.004728854118126636,18.0254,0.2926,0.0521999999999991,0.9999999999999999,0.0,0.0,0.9999999999999999,0.0,0.0
BB_DEF75,A[J-T][4-2],Overpair,no_rows,0.0,0.0,0.0,0,0,,,,,,,,,,,,,,,,,,,,,,,,,,,,,,,,,,,,
BB_DEF75,A[J-T][4-2],Top pair,observed,16567.876369999998,0.002538374029022127,0.1417089715843851,324,6,,,,,,,,,,,,,,,1.686824872393352,0.0,0.8685904349351758,0.13140955113779434,0.0,1.6864529547396367,1.6764270422365668,1.691469201263716,0.005016246524080018,0.015042159027149952,1.686824890141757,0.0003719354021211301,0.010397847905191063,4.6057,0.028236,0.086747,1.0,0.0,0.0,0.7443563673815603,0.0,0.0
BB_DEF75,A[J-T][4-2],Second pair,observed,10656.85366,0.0016327427823288015,0.09115059400240386,306,6,,,,,,,,,,,,,,,0.18412143978541248,0.4683372541991338,0.40214665202650085,0.12951609657949736,0.0,0.17959768594898892,0.13368724645353905,0.19338649694887583,0.01378881099988699,0.05969925049533679,0.18412144004522576,0.004523754096236914,0.050434193591686716,0.719994,0.096463,0.2234865,0.17618059043516976,0.0,0.0,0.00488239790655059,0.0,0.0
BB_DEF75,A[J-T][4-2],Third pair,observed,4823.3246,0.0007389843830771861,0.04125503796740763,96,6,,,,,,,,,,,,,,,0.03584452671641228,0.6194238915409094,0.1654712462333968,0.21510483308034045,0.0,-0.18187938660791766,-0.23776615563562528,0.04294467869257234,0.22482406530049007,0.2807108343281977,0.03584453094923065,0.21772391755714837,0.27361068658485604,0.203946,0.7802372,0.9907845,0.0,0.2431365908900264,0.1757305324215584,0.0,0.007903366072438914,0.03639249160216171
BB_DEF75,A[J-T][4-2],Underpair,observed,841.7663,0.00012896750716314336,0.007199826581479555,18,3,,,,,,,,,,,,,,,0.00034957857711599846,0.9663529823164695,0.03364707046124322,0.0,0.0,0.0007092270680116321,-1.0157200915108027,0.004115620194833173,0.003406393126821542,1.019835711705636,0.0003495783432896191,-0.0003596487247220122,1.0160696698540925,0.0191126,0.0227242,1.1129379,0.0,0.0,0.9999999999999999,0.0,0.0,0.6055059462466008
BB_DEF75,A[J-T][4-2],Weak pair,observed,21827.117299999998,0.003344145407981432,0.18669250519248898,270,6,,,,,,,,,,,,,,,0.0,0.9999999999999998,0.0,0.0,0.0,-0.9123844987397098,-1.563426979980011,0.0,0.9123844987397098,1.563426979980011,0.0,0.9123844987397098,1.563426979980011,0.0,1.4568787,1.9202545,0.0,0.8417537940294112,0.9999999999999998,0.0,0.46524833125810894,0.9999999999999998
BB_DEF75,A[J-T][4-2],Combo draw,observed,4103.68644,0.0006287281996748912,0.03509980229996046,108,6,,,,,,,,,,,,,,,0.7592526137410445,1.7680566256909234e-08,0.41096447906292755,0.589035470189116,0.0,0.7304731480766743,0.7792275496738391,0.7805573471268653,0.050084199050191076,0.0013297974530261654,0.7592526361391655,0.028779488062491212,-0.019974913534673698,1.26359,0.10654,0.000750000000000028,0.8188011167831815,0.0,0.0,0.24103834794941104,0.0,0.0
BB_DEF75,A[J-T][4-2],OESD,no_rows,0.0,0.0,0.0,0,0,,,,,,,,,,,,,,,,,,,,,,,,,,,,,,,,,,,,
BB_DEF75,A[J-T][4-2],Gutshot,observed,11691.96476,0.0017913327593852592,0.10000414446238846,252,6,,,,,,,,,,,,,,,0.02540798251428592,0.3984524424796984,0.4360471581827209,0.1655004012076556,0.0,0.020713748525615288,0.006185907358352665,0.04060213632070919,0.019888387795093908,0.03441622896235653,0.025407978949661035,0.0046942304240457505,0.01922207159130837,0.397354,0.0514351,0.086134,0.03383913722983203,0.0,0.0,0.0,0.0,0.0
BB_DEF75,A[J-T][4-2],BDFD,observed,29776.16414,0.004562023523650665,0.2546825859738865,507,6,,,,,,,,,,,,,,,0.0,0.9999999999999999,0.0,0.0,0.0,-2.1101498190648837,-2.6517309676882883,0.0,2.1101498190648837,2.6517309676882883,0.0,2.1101498190648837,2.6517309676882883,0.0,2.463464,3.2180431,0.0,0.9999999999999999,0.9999999999999999,0.0,0.9999999999999999,0.9999999999999999
BB_DEF75,A[J-T][4-2],2 overcards + draw,no_rows,0.0,0.0,0.0,0,0,,,,,,,,,,,,,,,,,,,,,,,,,,,,,,,,,,,,
BB_DEF75,A[J-T][4-2],2 overcards,no_rows,0.0,0.0,0.0,0,0,,,,,,,,,,,,,,,,,,,,,,,,,,,,,,,,,,,,
BB_DEF75,A[J-T][4-2],A-high,no_rows,0.0,0.0,0.0,0,0,,,,,,,,,,,,,,,,,,,,,,,,,,,,,,,,,,,,
BB_DEF75,A[J-T][4-2],Air / Nothing,observed,10020.02474,0.001535173851021149,0.08570364538249485,205,6,,,,,,,,,,,,,,,0.0,1.0000000000000002,0.0,0.0,0.0,-2.5321220985515627,-3.3405117135758284,0.0,2.5321220985515627,3.3405117135758284,0.0,2.5321220985515627,3.3405117135758284,0.0,2.8333855,3.9127327,0.0,1.0000000000000002,1.0000000000000002,0.0,1.0000000000000002,1.0000000000000002
BB_DEF75,A[9-7]x,Two pair+,observed,12457.583579999999,0.0019086336665997523,0.04042673632275553,200,18,,,,,,,,,,,,,,,14.351788587712386,0.0,0.552963580508896,0.44703641437016733,0.0,14.349109804449125,14.344612430752024,14.364183426523894,0.01507362207477166,0.0195709957718783,14.351788655681048,0.002678851231924958,0.0071762249290316,20.4921,0.0629999999999988,0.0943100000000001,0.9999999999999992,0.0,0.0,0.9999999999999992,0.0,0.0
BB_DEF75,A[9-7]x,Overpair,no_rows,0.0,0.0,0.0,0,0,,,,,,,,,,,,,,,,,,,,,,,,,,,,,,,,,,,,
BB_DEF75,A[9-7]x,Top pair,observed,52370.95444,0.008023784560965858,0.169951640502413,1134,18,,,,,,,,,,,,,,,2.7211943210865797,0.0,0.9747019675142096,0.025298032536959832,0.0,2.721383832585789,2.664841809347904,2.72185356002703,0.00046972744124004274,0.057011750679123126,2.72119432294608,-0.0001895096397098421,0.05635251359817324,3.95617,0.00276000000000032,0.27925,0.9999999999999994,0.0,0.019063752239685167,0.9978403467874618,0.0,0.0
BB_DEF75,A[9-7]x,Second pair,observed,23430.48934,0.003589798976025061,0.07603546934912993,480,18,,,,,,,,,,,,,,,0.5187940054427032,0.08073458415020025,0.7303199253319155,0.18894550832792856,0.0,0.5180067627206949,0.43131289287844066,0.5262257996103182,0.008219036889623237,0.09491290673187792,0.5187940000138442,0.0007872372931492398,0.08748110713540393,1.14898,0.0409481,0.4454284,0.5049706482143834,0.0,0.02720055909852372,0.12545473025959433,0.0,0.0
BB_DEF75,A[9-7]x,Third pair,observed,17052.36576,0.0026126029318367114,0.05533749702193086,354,18,,,,,,,,,,,,,,,0.21880583626359004,0.261263554519754,0.6284210010473261,0.1103154532042128,0.0,0.1939810022402826,0.08269010447143847,0.22762863361460983,0.03364763137432721,0.14493852914317135,0.21880583238252982,0.024824830142247206,0.13611572791109133,0.818711,0.1781862,0.6871544,0.143994995448655,0.0,0.08025046373389542,0.009961226048672321,0.0,0.005241360715453009
BB_DEF75,A[9-7]x,Underpair,observed,16528.127399999998,0.002532284066079678,0.053636264530581686,312,18,,,,,,,,,,,,,,,0.05495136584427157,0.46384221028033695,0.5361577877759521,0.0,0.0,0.03968197321609646,-0.8662044885467295,0.06316564463119034,0.023483671415093894,0.9293701331779203,0.054951366198388946,0.015269392982292494,0.9211558547451189,0.325041,0.1198452,1.4583353,0.0021033719766705094,0.0,0.9437374859537934,0.0,0.0,0.33623336543255344
BB_DEF75,A[9-7]x,Weak pair,observed,41375.0109,0.006339089619792198,0.1342681464076869,552,18,,,,,,,,,,,,,,,-9.947942032006182e-05,0.9965296837305945,0.003470316269405502,0.0,0.0,-0.6114863795556708,-1.3045948167704051,0.0,0.6114863795556708,1.3045948167704051,-9.947942032006182e-05,0.6113869001353507,1.3044953373500852,0.0,1.0161949,1.8405006,0.0,0.6659568130772383,0.9892256487598889,0.0,0.05663374943062553,0.7055529089902912
BB_DEF75,A[9-7]x,Combo draw,observed,15804.70536,0.0024214481522094318,0.051288650976689734,309,18,,,,,,,,,,,,,,,1.750615306406395,0.010575810720697926,0.5977516009706206,0.39167259533332505,0.0,1.740250066733557,1.7523489559509413,1.7691346679099644,0.028884601176407003,0.016785711959023644,1.7506152812596307,0.010365214526073266,-0.0017336746913100935,4.21711,0.0842700000000001,0.077036,0.8463732550089121,0.0,0.0,0.6269559719270845,0.0,0.0
BB_DEF75,A[9-7]x,OESD,observed,1691.10533,0.00025909523671879586,0.005487891679063211,45,10,,,,,,,,,,,,,,,3.1380011697187067,0.0,0.6002972020356946,0.3997027999264066,0.0,3.1092781367398916,3.1759574545298714,3.1759574545298714,0.06667931778998062,0.0,3.1380011629336018,0.02872302619371117,-0.037956291596269454,4.07061,0.14608,0.0,1.0000000000000002,0.0,0.0,1.0000000000000002,0.0,0.0
BB_DEF75,A[9-7]x,Gutshot,observed,5535.174069999999,0.0008480472567290592,0.017962474117989704,154,18,,,,,,,,,,,,,,,0.5119787676258591,0.15428153957571564,0.6312650013790696,0.21445349122166463,0.0,0.5170986959982994,0.4633350516803853,0.5314881117233828,0.014389415725083425,0.06815306004299719,0.5119787662754505,-0.005119929722848969,0.048643714595064794,1.60605,0.0536411,0.1718155,0.3996953523089474,0.0,0.01299769963693301,0.23333907545928365,0.0,0.0
BB_DEF75,A[9-7]x,BDFD,observed,58379.45217999999,0.00894435001401759,0.18945012126884525,1374,18,,,,,,,,,,,,,,,1.5476124426921727e-05,0.9997898567928112,0.00021014320718965,0.0,0.0,-1.0978297247522881,-1.7734431972577052,6.384143727973914e-05,1.097893566189568,1.7735070386949847,1.5476124426921734e-05,1.097845200876715,1.7734586733821318,0.0,2.0032955,2.5771523,0.0,0.8703210102647455,0.9951017269035299,0.0,0.552404160124135,0.8743698197546195
BB_DEF75,A[9-7]x,2 overcards + draw,no_rows,0.0,0.0,0.0,0,0,,,,,,,,,,,,,,,,,,,,,,,,,,,,,,,,,,,,
BB_DEF75,A[9-7]x,2 overcards,no_rows,0.0,0.0,0.0,0,0,,,,,,,,,,,,,,,,,,,,,,,,,,,,,,,,,,,,
BB_DEF75,A[9-7]x,A-high,no_rows,0.0,0.0,0.0,0,0,,,,,,,,,,,,,,,,,,,,,,,,,,,,,,,,,,,,
BB_DEF75,A[9-7]x,Air / Nothing,observed,63527.12882,0.00973302856285323,0.20615510782291405,1790,18,,,,,,,,,,,,,,,0.0,1.000000000000001,0.0,0.0,0.0,-1.2660016714121047,-2.6823638883970546,0.0,1.2660016714121047,2.6823638883970546,0.0,1.2660016714121047,2.6823638883970546,0.0,2.070583,3.3180935,0.0,0.9280669379384693,1.000000000000001,0.0,0.7031774345818771,1.000000000000001
BB_DEF75,A[6-2]x,Two pair+,observed,3769.17072,0.0005774768505590093,0.04445348928046164,142,10,,,,,,,,,,,,,,,13.11841305924892,0.0,0.5589290570841322,0.44107093750372217,0.0,13.130916360167948,13.057757528362389,13.1614179308734,0.03050157070545219,0.10366040251100639,13.118413157222378,-0.012503202945569593,0.06065562885998461,22.9006,0.0971000000000011,0.451500000000001,1.0,0.005421826581524543,0.03985089590210973,1.0,0.005421826581524543,0.0
BB_DEF75,A[6-2]x,Overpair,no_rows,0.0,0.0,0.0,0,0,,,,,,,,,,,,,,,,,,,,,,,,,,,,,,,,,,,,
BB_DEF75,A[6-2]x,Top pair,observed,14229.84905,0.0021801634958376497,0.16782642368790401,630,10,,,,,,,,,,,,,,,2.97843912478811,0.0,0.9576812323084574,0.04231877535524315,0.0,2.9786317041919377,2.9183741785023787,2.982739528012135,0.004107823820197153,0.06436534950975463,2.9784391164821353,-0.0001925877098022926,0.060064937979755186,5.51354,0.0240799999999997,0.350029999999999,0.9999999999999999,0.0,0.02228209581745352,0.9999999999999999,0.0,0.0007603945735460911
BB_DEF75,A[6-2]x,Second pair,observed,5419.41601,0.000830311896650803,0.06391643398601408,219,10,,,,,,,,,,,,,,,0.5419771118028506,0.09032784845203644,0.6717599892728847,0.23791216153532926,0.0,0.5417941393599028,0.4608558440937754,0.5653477045891913,0.023553565229288247,0.10449186049541563,0.5419771025576297,0.00018296319772665923,0.08112125846385404,1.7788,0.12962,0.4750883,0.5022661786763258,0.0,0.0426045942171544,0.11900081093792983,0.0,0.0
BB_DEF75,A[6-2]x,Third pair,observed,3127.09598,0.00047910420410093255,0.036880878567873594,135,10,,,,,,,,,,,,,,,0.39991690847540085,0.20626353431973007,0.684492432069303,0.1092440543593229,0.0,0.37132112295813796,0.29378810180444476,0.42637368825234606,0.0550525652942082,0.13258558644790144,0.3999169164225106,0.028595793464372733,0.10612881461806598,1.7274,0.18874,0.6249172,0.27569558002501726,0.0,0.09262980473020212,0.13436342942054505,0.0,0.0
BB_DEF75,A[6-2]x,Underpair,observed,10354.09538,0.0015863570091699082,0.12211589821108113,360,10,,,,,,,,,,,,,,,0.045148172984886235,0.5578486114376503,0.4239763797855686,0.018174978513545426,0.0,0.03204466802326076,-0.5587039929842822,0.06096838849984093,0.028923720476580157,0.6196723814841228,0.04514817498214761,0.013103506958886842,0.6038521679664295,0.301299,0.1304081,1.315814,0.0,0.0,0.6544718617417257,0.0,0.0,0.12343963746642633
BB_DEF75,A[6-2]x,Weak pair,observed,5265.7113,0.0008067627081314552,0.0621036451298114,120,9,,,,,,,,,,,,,,,0.04372152609532331,0.7808831929903373,0.1796744932351115,0.03944231990726494,0.0,-0.4752194011234932,-0.9235203256012859,0.04983755806874753,0.5250569591922407,0.9733578836700337,0.04372152603844875,0.518940927161942,0.967241851639735,0.373913,0.8526981,1.5109745,0.0,0.7356060139491507,0.7687417082664598,0.0,0.0,0.6207982955692996
BB_DEF75,A[6-2]x,Combo draw,observed,4346.97503,0.0006660025868456961,0.05126809642056738,195,10,,,,,,,,,,,,,,,1.7095458666635606,0.0688531140933607,0.5831456830691063,0.34800120630399867,0.0,1.7089186127325457,1.6815855497003174,1.7472810792008575,0.03836246646831119,0.06569552950054029,1.7095458656393292,0.0006272529067827895,0.02796031593901189,4.54505,0.154992,0.3710901,0.7290717609666139,0.0,0.013086523296638309,0.6311039794493596,0.0,0.0
BB_DEF75,A[6-2]x,OESD,observed,375.5622,5.754010432433074e-05,0.004429369607287671,12,6,,,,,,,,,,,,,,,3.661517321609004,0.0,0.6678343504492731,0.3321656495507268,0.0,3.626899174038282,3.7317164548961532,3.7317164548961532,0.1048172808578711,0.0,3.6615173216090042,0.0346181475707219,-0.0701991332871492,4.59011,0.1732,0.0,0.9999999999999999,0.0,0.0,0.9999999999999999,0.0,0.0
BB_DEF75,A[6-2]x,Gutshot,observed,1070.7931199999998,0.00016405684021069102,0.012628902752781668,53,10,,,,,,,,,,,,,,,0.5167131536914783,0.29812317490371065,0.4738329072132626,0.2280438808775967,0.0,0.49150866640017365,0.3461176029971925,0.551160178577539,0.059651512177365335,0.2050425755803465,0.5167131563114212,0.025204489911247574,0.17059555331422874,1.16979,0.324328,0.6111324,0.5159668097232453,0.0,0.05435667162299288,0.20112036207330136,0.0,0.006410706112867069
BB_DEF75,A[6-2]x,BDFD,observed,18032.255644,0.002762732434091508,0.21267189589467517,786,10,,,,,,,,,,,,,,,-5.947634968469629e-07,0.9999872084901087,1.2791509891706148e-05,0.0,0.0,-1.1504809794752429,-1.806303398121254,0.0,1.1504809794752429,1.806303398121254,-5.947634968469629e-07,1.150480384711746,1.806302803357757,0.0,1.5369064,2.4037472,0.0,0.998225941854887,1.0000000000000004,0.0,0.7328224095135286,0.9768182745268978
BB_DEF75,A[6-2]x,2 overcards + draw,no_rows,0.0,0.0,0.0,0,0,,,,,,,,,,,,,,,,,,,,,,,,,,,,,,,,,,,,
BB_DEF75,A[6-2]x,2 overcards,no_rows,0.0,0.0,0.0,0,0,,,,,,,,,,,,,,,,,,,,,,,,,,,,,,,,,,,,
BB_DEF75,A[6-2]x,A-high,no_rows,0.0,0.0,0.0,0,0,,,,,,,,,,,,,,,,,,,,,,,,,,,,,,,,,,,,
BB_DEF75,A[6-2]x,Air / Nothing,observed,18798.16144,0.0028800773090668103,0.2217049664615423,1102,10,,,,,,,,,,,,,,,0.0,0.9999999999999989,0.0,0.0,0.0,-1.2906958303319838,-2.595355504464022,0.0,1.2906958303319838,2.595355504464022,0.0,1.2906958303319838,2.595355504464022,0.0,1.7659843,3.0665733,0.0,0.9902457322443328,0.9999999999999989,0.0,0.8234400155252626,0.9999999999999989
BB_DEF75,BBB,Two pair+,observed,14299.580100000001,0.002190847030793098,0.12029663881058182,218,4,,,,,,,,,,,,,,,7.666975161639641,0.0,0.5837243316079226,0.41627568060557585,0.0,7.671408078843063,7.654980431095644,7.676518303845774,0.005110225002711775,0.021537872750130575,7.666974980014207,-0.004433098828855207,0.011994548918563594,14.6883,0.0280999999999985,0.0504999999999995,1.0,0.0,0.0,1.0,0.0,0.0
BB_DEF75,BBB,Overpair,no_rows,0.0,0.0,0.0,0,0,,,,,,,,,,,,,,,,,,,,,,,,,,,,,,,,,,,,
BB_DEF75,BBB,Top pair,observed,13091.6165,0.0020057742211120545,0.11013452496742566,177,4,,,,,,,,,,,,,,,0.8334414146182176,0.3277301799028255,0.6401964355309452,0.03207338440808207,0.0,0.7918384522527335,0.5387498263030964,0.836380548968554,0.04454209671582038,0.29763072266545776,0.8334414145354913,0.041602962282757686,0.29469158823239505,2.11526,0.2842772,1.1374756,0.4364909176800284,0.0,0.19326180231448117,0.4270369285565309,0.0,0.11461980268059332
BB_DEF75,BBB,Second pair,observed,10987.757599999999,0.0016834407685183915,0.09243560287098396,150,4,,,,,,,,,,,,,,,0.4638592559186717,0.2865715675333063,0.6578019956211355,0.055626448813150035,0.0,0.3430489249506843,0.13934307602450935,0.46589539299661475,0.12284646804593052,0.32655231697210535,0.4638592480754971,0.12081032312481288,0.3245161720509877,1.25314,0.837933,1.7444908,0.32433662351633974,0.11079557306579099,0.26238494740728535,0.05941678218310895,0.0126922894622284,0.10124905740548919
BB_DEF75,BBB,Third pair,observed,10703.73315,0.0016399252164110158,0.09004621895648537,168,4,,,,,,,,,,,,,,,0.23535934764358082,0.5604386043552768,0.326700383884289,0.11286103099989,0.0,0.00942753009481278,-0.2065890850729326,0.2418913722539008,0.23246384215908797,0.44848045732683317,0.2353593481286483,0.22593181803383547,0.44194843320158067,1.38247,1.0764053,1.8713802,0.2435952264000527,0.2142828794269783,0.3290118606889971,0.0777425491030669,0.06847208256495071,0.25137841370793146
BB_DEF75,BBB,Underpair,no_rows,0.0,0.0,0.0,0,0,,,,,,,,,,,,,,,,,,,,,,,,,,,,,,,,,,,,
BB_DEF75,BBB,Weak pair,observed,25040.145900000003,0.0038364153990536392,0.21065271609594827,204,4,,,,,,,,,,,,,,,0.047920321385385774,0.968162505794345,0.010917512875785598,0.020919981329869167,0.0,-1.2339466671421429,-1.9267091554336828,0.04817385070000729,1.2821205178421504,1.9748830061336897,0.04792032138538577,1.281866988527529,1.9746294768190682,0.0,1.6575489,2.4172604,0.03183749420565476,0.9288432061412227,0.9484749208270384,0.03183749420565476,0.9288432061412227,0.9288432061412227
BB_DEF75,BBB,Combo draw,observed,19003.634579999998,0.002911557969025261,0.15986996465431474,204,4,,,,,,,,,,,,,,,0.06132614916733159,0.7520702016874657,0.10642719234321804,0.14150257683375803,0.0,-0.3143453868957004,-0.4652494891700674,0.06585027416986568,0.380195661065566,0.531099763339933,0.061326148375828886,0.37567153527152924,0.5265756375458962,0.429726,1.5559551,2.0553017,0.04349330000640331,0.32491120969555076,0.30703501350950524,0.0,0.19405219483019548,0.204653109047522
BB_DEF75,BBB,OESD,observed,2389.4800800000003,0.0003660936406382489,0.020101738660762505,24,4,,,,,,,,,,,,,,,0.011313354585388354,0.8447260905935988,0.1318322890315202,0.023441657381927196,0.0,-0.20238063070554663,-0.41552539372823644,0.0181087318144707,0.2204893625200173,0.43363412554270714,0.011313354103493697,0.2136939848090403,0.42683874783173015,0.128936,0.8964561,1.3772305,0.0,0.20410699552682607,0.30008603377852805,0.0,0.0,0.24740888402802666
BB_DEF75,BBB,Gutshot,observed,3912.3697999999995,0.000599416465361426,0.03291319978857478,44,4,,,,,,,,,,,,,,,0.0,1.0000000000000002,0.0,0.0,0.0,-1.0679646016390016,-1.337805787636023,0.0,1.0679646016390016,1.337805787636023,0.0,1.0679646016390016,1.337805787636023,0.0,1.8887753,2.7305683,0.0,0.972877563874458,0.8354177307063358,0.0,0.519862539578953,0.519862539578953
BB_DEF75,BBB,BDFD,observed,14584.3724,0.002234480225648081,0.12269248233952115,168,4,,,,,,,,,,,,,,,0.0,0.9999999999999999,0.0,0.0,0.0,-1.6774186078760673,-2.3099655060504523,0.0,1.6774186078760673,2.3099655060504523,0.0,1.6774186078760673,2.3099655060504523,0.0,2.0332588,2.5926544,0.0,0.9999999999999999,0.9999999999999999,0.0,0.9999999999999999,0.9999999999999999
BB_DEF75,BBB,2 overcards + draw,no_rows,0.0,0.0,0.0,0,0,,,,,,,,,,,,,,,,,,,,,,,,,,,,,,,,,,,,
BB_DEF75,BBB,2 overcards,no_rows,0.0,0.0,0.0,0,0,,,,,,,,,,,,,,,,,,,,,,,,,,,,,,,,,,,,
BB_DEF75,BBB,A-high,no_rows,0.0,0.0,0.0,0,0,,,,,,,,,,,,,,,,,,,,,,,,,,,,,,,,,,,,
BB_DEF75,BBB,Air / Nothing,observed,4856.6336,0.0007440876744492655,0.040856912855401654,56,4,,,,,,,,,,,,,,,0.0,0.9999999999999998,0.0,0.0,0.0,-1.9981107571314232,-2.879970588933512,0.0,1.9981107571314232,2.879970588933512,0.0,1.9981107571314232,2.879970588933512,0.0,2.3315872,3.1543159,0.0,0.9999999999999998,0.9999999999999998,0.0,0.9999999999999998,0.9999999999999998
BB_DEF75,BBx,Two pair+,observed,74009.78171000001,0.011339081943322159,0.05112565127532691,1011,48,,,,,,,,,,,,,,,15.041771964045317,0.0,0.32781746376169807,0.6721825270235686,0.0,15.014103173755696,15.037299969106781,15.047885659880459,0.0337824861247655,0.010585690773664946,15.041772089816744,0.027668916061051624,0.004472120709951072,22.052,0.209499999999998,0.0417000000000005,1.0,0.010687807499547345,0.0,1.0,0.0,0.0
BB_DEF75,BBx,Overpair,no_rows,0.0,0.0,0.0,0,0,,,,,,,,,,,,,,,,,,,,,,,,,,,,,,,,,,,,
BB_DEF75,BBx,Top pair,observed,176367.16021,0.02702131577104765,0.1218337052343695,2475,48,,,,,,,,,,,,,,,1.9025192554360497,0.010039039518023093,0.8517212625620564,0.13823969620174395,0.0,1.903644094629243,1.8812351229777198,1.9044509694986358,0.0008068748693943262,0.023215846520917092,1.9025192633665038,-0.0011248312627375916,0.021284140388785174,3.67108,0.0,0.07782,0.9450948216863623,0.0,0.001601897879761751,0.8194709859132006,0.0,0.0
BB_DEF75,BBx,Second pair,observed,153447.55452,0.023509789577849497,0.10600093636516189,2421,48,,,,,,,,,,,,,,,0.376165016551452,0.23342577326886285,0.6349941550442805,0.13158008279912597,0.0,0.362236579607098,0.3207177404754628,0.3798694180594723,0.017632838452374212,0.05915167758401096,0.3761650155011583,0.013928435894060235,0.05544727502569698,1.18444,0.0896805,0.2767248,0.35359145044522766,0.0073041346504738045,0.03268329342678663,0.11421622387416851,0.0,0.0057748075736489095
BB_DEF75,BBx,Third pair,observed,92295.53396,0.014140652740686389,0.06375737334287365,1044,48,,,,,,,,,,,,,,,0.2583192787947518,0.3236245911163339,0.4762342715718644,0.20014112973623285,0.0,0.174200056985101,0.12849709822022976,0.26249600227509556,0.08829594528999458,0.13399890405486592,0.25831928127868653,0.08411922429358554,0.12982218305845686,0.973432,0.4577141,0.6688957,0.19769634365957348,0.02462994472717605,0.10182715345764275,0.04653682280944896,0.0,0.0055377154025839275
BB_DEF75,BBx,Underpair,observed,6794.2233,0.0010409469256618441,0.0046934213707533,96,16,,,,,,,,,,,,,,,0.24440225335959975,0.27111882757987954,0.6943179892453195,0.03456319315498505,0.0,0.249122318190587,0.10080315150586527,0.2492942285496857,0.00017191035909873688,0.14849107704382045,0.2444022514298598,-0.004720066760727166,0.14359909992399456,2.32809,0.0,0.3672352,0.14474041499342538,0.0,0.0,0.05520179179274253,0.0,0.0
BB_DEF75,BBx,Weak pair,observed,274537.9173,0.04206211488383677,0.18964965842937812,2208,48,,,,,,,,,,,,,,,0.005197011026433819,0.9887368724678997,0.008783737192404209,0.002479390215148252,0.0,-0.8365580912098336,-1.7104046535114688,0.005239350586603252,0.8417974417964368,1.7156440040980718,0.005197010688317252,0.8417551018981508,1.7156016641997858,0.0,1.2712608,2.1627518,0.003496955937605199,0.8487633919265551,0.9816066576534778,0.003496955937605199,0.37235107960804803,0.9566865509254745
BB_DEF75,BBx,Combo draw,observed,85139.26427,0.013044236475855567,0.0588138518224785,1029,48,,,,,,,,,,,,,,,0.7245822715815755,0.4825185247901456,0.2729711723950487,0.24451029454329767,0.0,0.530549330186717,0.43655019946756723,0.7310336438952243,0.20048431370850692,0.2944834444276561,0.724582276590642,0.1940329464039246,0.2880320771230738,3.56482,0.9826641,1.3960018,0.33568988580126474,0.14882510153972225,0.21699849662090573,0.21887159302792042,0.049835847025225886,0.10968590602785581
BB_DEF75,BBx,OESD,observed,34788.49448,0.005329965586700696,0.024031748183602566,660,47,,,,,,,,,,,,,,,2.1564728026399322,0.03421625957806898,0.5796832365976728,0.38610049859064216,0.0,2.141562134923899,2.1311223784744056,2.1625095053617893,0.020947370437890835,0.03138712688738405,2.1564728135130107,0.01491067858911204,0.025350435038605255,3.19404,0.0446500000000003,0.0470599999999997,0.8745937237235687,0.009912317424321032,0.02386820592300607,0.815198302022066,0.005224954477535643,0.007434555701991964
BB_DEF75,BBx,Gutshot,observed,100521.03297,0.015400886255015253,0.06943951405771358,1111,48,,,,,,,,,,,,,,,0.008653267792007575,0.49503791648671414,0.38640648184197723,0.11855558638729152,0.0,-0.12459274307762307,-0.19235707179764255,0.014126304403802425,0.13871904748142547,0.20648337620144513,0.008653268058418113,0.13324601113604115,0.20101033985606082,0.0602394,1.0011513,1.3324894,0.0,0.1359918381865391,0.1444923084339451,0.0,0.05091089614575815,0.07376581050667251
BB_DEF75,BBx,BDFD,observed,318590.9561,0.04881150672453797,0.2200813155329273,3624,48,,,,,,,,,,,,,,,0.0,1.0000000000000002,0.0,0.0,0.0,-1.8601897990342435,-2.4778134970188437,0.0,1.8601897990342435,2.4778134970188437,0.0,1.8601897990342435,2.4778134970188437,0.0,2.2838017,3.0820545,0.0,1.0000000000000002,1.0000000000000002,0.0,1.0000000000000002,1.0000000000000002
BB_DEF75,BBx,2 overcards + draw,observed,25026.75423,0.003834363653460293,0.017288378370441924,528,24,,,,,,,,,,,,,,,1.1460735623507143,0.049233598794636825,0.6490248720327332,0.3017415168877965,0.0,1.1485529221778508,1.1395297927689252,1.1508154968955824,0.002262574717731583,0.01128570412665815,1.1460735727163645,-0.0024793494614864502,0.006543779947440116,2.28619,0.0126299999999999,0.0236000000000001,0.6559760957863533,0.0,0.0,0.6126047544600036,0.0,0.0
BB_DEF75,BBx,2 overcards,no_rows,0.0,0.0,0.0,0,0,,,,,,,,,,,,,,,,,,,,,,,,,,,,,,,,,,,,
BB_DEF75,BBx,A-high,observed,30012.0159,0.004598158509747447,0.020732176524790973,326,48,,,,,,,,,,,,,,,0.0,1.0000000000000004,0.0,0.0,0.0,-2.285443526009714,-3.137918103611674,0.0,2.285443526009714,3.137918103611674,0.0,2.285443526009714,3.137918103611674,0.0,2.6286823,3.6134018,0.0,1.0000000000000004,1.0000000000000004,0.0,1.0000000000000004,1.0000000000000004
BB_DEF75,BBx,Air / Nothing,observed,76074.96229999998,0.011655489469418186,0.05255226949018169,882,48,,,,,,,,,,,,,,,0.0,0.9999999999999992,0.0,0.0,0.0,-2.3459974414216775,-3.197216567619702,0.0,2.3459974414216775,3.197216567619702,0.0,2.3459974414216775,3.197216567619702,0.0,2.7248856,3.7390465,0.0,0.9999999999999992,0.9999999999999992,0.0,0.9999999999999992,0.9999999999999992
BB_DEF75,K/Qx dis,Two pair+,observed,38713.397769999996,0.0059313023153957254,0.0370146226791717,446,42,,,,,,,,,,,,,,,17.818961037790885,0.0,0.21344951112859922,0.786550485492937,0.0,17.807692827980183,17.81574407793305,17.829462770635605,0.021769942655410542,0.013718692702544553,17.818961069479425,0.01126824149923192,0.0032169915463659306,22.2589,0.1051,0.0557999999999979,1.0000000000000004,0.000969081304175074,0.0,1.0000000000000004,0.0,0.0
BB_DEF75,K/Qx dis,Overpair,no_rows,0.0,0.0,0.0,0,0,,,,,,,,,,,,,,,,,,,,,,,,,,,,,,,,,,,,
BB_DEF75,K/Qx dis,Top pair,observed,142310.09816,0.021803413374754294,0.13606541637402467,2616,42,,,,,,,,,,,,,,,3.522252871446195,0.0,0.8956220838423167,0.10437791157300073,0.0,3.5223877882984285,3.5049545393775055,3.5237349805902123,0.0013471922917806542,0.018780441212701806,3.522252887274296,-0.00013490102413557482,0.01729834789678558,6.23997,0.00674000000000019,0.0837700000000003,1.0000000000000004,0.0,0.001674654877491935,1.0000000000000004,0.0,0.0
BB_DEF75,K/Qx dis,Second pair,observed,78160.74915,0.011975054092661202,0.0747309924924898,1092,42,,,,,,,,,,,,,,,1.417591635897925,0.0,0.7025744426437792,0.2974255558618199,0.0,1.4162513921627367,1.4068825481130443,1.4223230093465087,0.006071617183771193,0.015440461233463746,1.4175916404874809,0.001340248324743461,0.010709092374436013,2.18275,0.02986,0.06619,0.9471590495879989,0.0,0.00014682305536729875,0.755894681313965,0.0,0.0
BB_DEF75,K/Qx dis,Third pair,observed,49773.69101,0.007625856311743841,0.04758958133900917,747,42,,,,,,,,,,,,,,,1.0050767137189582,0.01950688865234911,0.7872037756550112,0.19328932683176264,0.0,1.0042312217635856,0.9626906900148775,1.0106570259798813,0.006425804216295348,0.04796633596500429,1.00507672595794,0.0008455041943541599,0.0423860359430631,1.88524,0.0356099999999999,0.23998,0.8112473925610129,0.0,0.0006547394685568447,0.4981139002735172,0.0,0.0
BB_DEF75,K/Qx dis,Underpair,observed,70403.6416,0.010786583107876115,0.06731427307274654,924,42,,,,,,,,,,,,,,,0.37223394078786354,0.10787770303008441,0.8857688977187476,0.006353389281291098,0.0,0.37325634288372567,-0.017827403974193076,0.3746014755745557,0.0013451326908298735,0.39242887954874867,0.3722339412366657,-0.0010224016470601286,0.39006134521085867,1.21808,0.0109674,1.0028722,0.30024856981261616,0.0,0.3337564984706699,0.09268200126738897,0.0,0.0509181900045352
BB_DEF75,K/Qx dis,Weak pair,observed,120799.7691,0.01850780327830933,0.11549897788699227,1092,42,,,,,,,,,,,,,,,0.0012614547482378152,0.9299168757557021,0.06901690322438206,0.0010662196408387007,0.0,-0.2086776049878621,-0.847252468216971,0.004205742720516011,0.21288334770837808,0.8514582109374871,0.0012614547704893342,0.2099390597583514,0.8485139229874604,0.0276333,0.6563225,1.7238503,0.0,0.15355361138682838,0.6717241159031324,0.0,0.0,0.4115185912222076
BB_DEF75,K/Qx dis,Combo draw,observed,43366.119940000004,0.006644148600389069,0.041463179651017354,615,38,,,,,,,,,,,,,,,1.8967179461442456,0.04371651547157298,0.41598685027490706,0.5402966268078883,0.0,1.886322291691314,1.8859879955454144,1.906197530158371,0.01987523846705689,0.020209534612956423,1.8967179670877574,0.010395675396443513,0.010729971542343047,5.02215,0.0675474,0.0650567,0.8746373780379298,0.0,0.014293785122063652,0.7244897775837309,0.0,0.0
BB_DEF75,K/Qx dis,OESD,observed,6239.918230000001,0.0009560215216800126,0.005966105589711844,137,26,,,,,,,,,,,,,,,3.387413771462489,0.0,0.5283800170141875,0.4716199983304845,0.0,3.370532623131393,3.4006568106772925,3.402315382606207,0.031782759474814445,0.0016585719289145217,3.387413734757775,0.016881111626382565,-0.01324307591951736,4.66157,0.101080000000001,0.0128300000000001,0.9999999999999994,0.0,0.0,0.9999999999999994,0.0,0.0
BB_DEF75,K/Qx dis,Gutshot,observed,31260.55424,0.004789447799075625,0.029888815929043713,632,38,,,,,,,,,,,,,,,0.5557731264803167,0.07205874953391743,0.5455196793147806,0.3824215468321237,0.0,0.5470218024645773,0.5133485208066563,0.5708707181470313,0.023848915682454005,0.05752219734037511,0.5557731350585465,0.008751332593969277,0.04242461425189038,1.64813,0.074535,0.169972,0.5056936268190747,0.0102521534819723,0.024757337763695385,0.18701653960182635,0.0,0.006622851226837365
BB_DEF75,K/Qx dis,BDFD,observed,232292.51853,0.035589672629401284,0.22209933562704312,3441,42,,,,,,,,,,,,,,,0.009390027996928924,0.9434689337958574,0.04033418043258681,0.0161968865669274,0.0,-0.6771686348155971,-0.7724931160766862,0.010557003536131322,0.6877256383517276,0.7830501196128177,0.009390027934531349,0.6865586627501277,0.7818831440112177,0.0290489,1.7376354,2.0331371,0.002177760838796309,0.5643425604904703,0.5807762981939384,0.0,0.26815075562562923,0.34937135583864637
BB_DEF75,K/Qx dis,2 overcards + draw,no_rows,0.0,0.0,0.0,0,0,,,,,,,,,,,,,,,,,,,,,,,,,,,,,,,,,,,,
BB_DEF75,K/Qx dis,2 overcards,no_rows,0.0,0.0,0.0,0,0,,,,,,,,,,,,,,,,,,,,,,,,,,,,,,,,,,,,
BB_DEF75,K/Qx dis,A-high,observed,137162.73778999998,0.021014783281830336,0.13114392632499267,1857,42,,,,,,,,,,,,,,,0.025534152592924884,0.9283353823569571,0.07162920982532264,3.540453893851953e-05,0.0,-0.42073166476072626,-1.0489418803218675,0.027303159914157153,0.4480348246748836,1.076245040236026,0.025534152615974783,0.44626581737670123,1.0744760329378436,0.0441853,1.3075069,2.1851303,0.02332929957186442,0.370472413417405,0.8567737060623749,0.010910093543708059,0.10151858605592214,0.47914927004899394
BB_DEF75,K/Qx dis,Air / Nothing,observed,95411.50684,0.01461805276813054,0.09122477303375716,2110,42,,,,,,,,,,,,,,,-3.430686784586332e-05,0.9937856794760029,0.006214319092812264,0.0,0.0,-0.969288285711853,-1.3711131565441563,0.0001044763190097837,0.9693927620308629,1.3712176328631664,-3.430686557103917e-05,0.9692539788462821,1.3710788496785857,0.0,2.1380703,2.5199047,0.0,0.7819607866073613,0.9094306726075383,0.0,0.45411513437952933,0.67150518896469
BB_DEF75,K/Qx con,Two pair+,observed,12333.2043,0.0018895774443628362,0.04210148878952693,178,14,,,,,,,,,,,,,,,16.47242838356866,0.0,0.2702764212086312,0.7297235514848481,0.0,16.47265731160312,16.467695277062425,16.48691066513428,0.014253353531166187,0.01921538807185741,16.472428803109793,-0.00022850849331785758,0.004733526047373364,21.7937,0.0815999999999981,0.0587,0.9999999999999994,0.003409949188954893,0.0,0.9999999999999994,0.0,0.0
BB_DEF75,K/Qx con,Overpair,no_rows,0.0,0.0,0.0,0,0,,,,,,,,,,,,,,,,,,,,,,,,,,,,,,,,,,,,
BB_DEF75,K/Qx con,Top pair,observed,39803.34838,0.0060982942858543296,0.13587549389790007,870,14,,,,,,,,,,,,,,,3.1230005416051383,0.0,0.8846401393313624,0.11535986373776846,0.0,3.1232959166582686,3.1003980166573935,3.1251836158364843,0.001887699178216727,0.02478559917909349,3.1230005362371203,-0.0002953804211472365,0.022602519579729526,5.76559,0.00885999999999987,0.11316,0.9960852841195067,0.0,0.005236511712786711,0.9938097619916874,0.0,0.0
BB_DEF75,K/Qx con,Second pair,observed,18453.1987,0.002827225365906378,0.0629931297091189,309,14,,,,,,,,,,,,,,,0.9802166026237868,0.018151470339350974,0.7404474047334425,0.24140110472099185,0.0,0.9796023230490162,0.9584862722665461,0.9857324348904613,0.006130111841445191,0.0272461626239156,0.9802166096416267,0.0006142865926106163,0.021730337375081024,1.964,0.02647,0.128148,0.7691639509631465,0.0,0.004383581476310662,0.48822405299304544,0.0,0.0
BB_DEF75,K/Qx con,Third pair,observed,16710.775,0.002560267611704314,0.05704507030073336,270,14,,,,,,,,,,,,,,,0.7479225864702603,0.060647453933837296,0.7186032792165015,0.22074925010354396,0.0,0.7440363650979305,0.7067610460345833,0.7542999217402102,0.010263556642279667,0.04753887570562681,0.7479225825344913,0.0038862174365607884,0.04116153649990793,1.79569,0.051549,0.2323775,0.6816025893472921,0.0,0.003940008766798666,0.3151992513812195,0.0,0.0
BB_DEF75,K/Qx con,Underpair,observed,29258.3599,0.00448269043318208,0.09987838370031657,420,14,,,,,,,,,,,,,,,0.20369552775993258,0.3151736593496548,0.6726817527279102,0.012144562883266744,0.0,0.20766688239030678,-0.11830938093195134,0.20964489649927878,0.0019780141089719796,0.3279542774312302,0.20369552870371316,-0.003971353686593645,0.3220049096356645,0.907529,0.0134113,0.9592468,0.17880817714597871,0.0,0.2676404906756239,0.04053636991456928,0.0,0.033768687082149126
BB_DEF75,K/Qx con,Weak pair,observed,24291.3687,0.0037216948062898294,0.08292271514591835,252,12,,,,,,,,,,,,,,,0.0,1.0000000000000002,0.0,0.0,0.0,-0.6419120773938978,-1.4025201775913783,0.0,0.6419120773938978,1.4025201775913783,0.0,0.6419120773938978,1.4025201775913783,0.0,0.9148327,1.8971996,0.0,0.8081358173942663,0.9637063184504711,0.0,0.0037491835525924897,0.8404340591973316
BB_DEF75,K/Qx con,Combo draw,observed,18023.40176,0.0027613759253453255,0.0615259448145021,309,14,,,,,,,,,,,,,,,2.3506519787322677,0.017868869382485535,0.44518409486554383,0.5369470271570341,0.0,2.3507514623882666,2.341875022666347,2.3625585981599815,0.011807135771713927,0.020683575493634396,2.350651958463124,-9.950392514366906e-05,0.0087769357967768,5.29144,0.0502000000000002,0.088523,0.8952089214261627,0.0015019700698277057,0.000501025839641495,0.7481074976603085,0.0,0.0
BB_DEF75,K/Qx con,OESD,observed,2791.7194600000003,0.0004277209713135781,0.009530008803040276,72,14,,,,,,,,,,,,,,,3.4308337494086594,0.0,0.46976240778296163,0.530237592217038,0.0,3.393743941211271,3.4540334326048643,3.45568933869992,0.06194539748865027,0.0016559060950558499,3.4308337494086594,0.03708980819738937,-0.023199683196205054,4.83651,0.13153,0.00470000000000015,0.9752418174568296,0.0,0.0,0.9752418174568296,0.0,0.0
BB_DEF75,K/Qx con,Gutshot,observed,8573.37005,0.0013135310398333286,0.029266655628865317,187,14,,,,,,,,,,,,,,,0.37896761236886034,0.30021740225446125,0.45217653380863315,0.24760607965178758,0.0,0.35248673049173174,0.23399640320447285,0.3935829093118547,0.041096178820122904,0.15958650610738176,0.37896760388398537,0.02648087339225356,0.1449712006795124,1.59637,0.2190069,0.4999897,0.27970358750582575,0.0010597687895205223,0.04935181702555812,0.171980130497225,0.0010597687895205223,0.0010597687895205223
BB_DEF75,K/Qx con,BDFD,observed,58395.769069999995,0.008946849934278064,0.199343881529345,1038,14,,,,,,,,,,,,,,,0.008651345561044832,0.9502919545373866,0.03900178447039126,0.01070626364023208,0.0,-0.8493635081267488,-1.105536198744868,0.010247633683180978,0.8596111418099294,1.115783832428049,0.008651345332880242,0.8580148534596286,1.1141875440777482,0.0279856,1.9543682,2.4097061,0.0034012948739815274,0.6865376127154411,0.7889915258204858,0.0,0.4202602400968771,0.552886302452802
BB_DEF75,K/Qx con,2 overcards + draw,no_rows,0.0,0.0,0.0,0,0,,,,,,,,,,,,,,,,,,,,,,,,,,,,,,,,,,,,
BB_DEF75,K/Qx con,2 overcards,no_rows,0.0,0.0,0.0,0,0,,,,,,,,,,,,,,,,,,,,,,,,,,,,,,,,,,,,
BB_DEF75,K/Qx con,A-high,observed,36535.2111,0.005597581061686842,0.12471915190358518,585,14,,,,,,,,,,,,,,,0.024168172061126977,0.9482785796354957,0.05130466061778827,0.0004167519465926939,0.0,-0.4453518767348195,-1.264352257548549,0.025654819958429796,0.47100669669324924,1.2900070775069796,0.024168172288175586,0.46952004902299505,1.2885204298367254,0.0464531,1.3109894,2.257552,0.024681524284390955,0.3878322246781816,0.8505859992143305,0.006794147139880628,0.106941538925445,0.6854011332098201
BB_DEF75,K/Qx con,Air / Nothing,observed,27770.135200000004,0.004254678656448304,0.094798075777148,745,14,,,,,,,,,,,,,,,-1.6469634370914422e-05,0.9974536781729316,0.002546318799683049,0.0,0.0,-1.1182550360498797,-1.7052883994881065,6.098442278595747e-05,1.1183160204726659,1.7053493839108926,-1.6469634370914435e-05,1.118238566415509,1.7052719298537358,0.0,2.1653397,2.7748764,0.0,0.840046011011138,0.9569002818538669,0.0,0.6166459596494868,0.834596973802274
BB_DEF75,[J-8]x dis,Two pair+,observed,67413.22550999999,0.010328419709664693,0.042944685231589994,905,67,,,,,,,,,,,,,,,20.59886549426996,0.0,0.23169307277686538,0.7683069236147372,0.0,20.58106780098678,20.590374017639018,20.61409344510015,0.03302564411338158,0.023719427461115893,20.598865565695966,0.017797764709199658,0.00849154805693397,27.6662,0.177700000000002,0.110399999999998,0.9999999999999998,0.009143222199159834,5.677372609076929e-05,0.9999999999999998,0.0044854981750598035,0.0
BB_DEF75,[J-8]x dis,Overpair,observed,24230.80124,0.0037124152303179675,0.015435904813761829,486,46,,,,,,,,,,,,,,,3.2045641364973863,0.0,0.8592036369716178,0.14079636870746332,0.0,3.207790739547737,3.1894425385164817,3.208772262770491,0.0009815232227541476,0.019329724254009032,3.204564116993413,-0.0032266225543236644,0.01512157847693122,5.15861,0.00682000000000027,0.0850900000000001,0.9999999999999992,0.0,0.0,0.9937958262910493,0.0,0.0
BB_DEF75,[J-8]x dis,Top pair,observed,171006.567079,0.026200016162093314,0.1089374249664565,3210,67,,,,,,,,,,,,,,,2.7878789240708537,0.00041856371873533665,0.8285460539230838,0.17103538111070238,0.0,2.7894454189790094,2.765855015846221,2.7915692612521137,0.0021238422731026953,0.0257142454058926,2.7878789259087093,-0.0015664930703016455,0.02202391006248826,4.57838,0.0134399999999997,0.13263,0.9919388675911891,0.0,0.0007367739856551523,0.9666719170652255,0.0,0.0
BB_DEF75,[J-8]x dis,Second pair,observed,117920.44209000001,0.01806665990301953,0.07511962570569763,1671,67,,,,,,,,,,,,,,,1.6160700969239148,0.0025790586589693643,0.7726766464018828,0.2247442969630796,0.0,1.6150006950085314,1.5907195795436724,1.6210995890736124,0.00609889406508064,0.03038000952993781,1.6160700940488804,0.0010693990403486987,0.025350514505205868,2.37081,0.03986,0.17415,0.973623877888568,0.0,0.0007892714643061257,0.814162094191654,0.0,0.0
BB_DEF75,[J-8]x dis,Third pair,observed,75905.28064,0.011629492443044592,0.04835443430928488,1269,67,,,,,,,,,,,,,,,1.19617700430204,0.030808579455452758,0.871061591840491,0.09812982233928069,0.0,1.1954730188802842,1.0609167373869401,1.199350017370475,0.003876998490191345,0.13843327998353447,1.1961770072525189,0.0007039883722351134,0.13526026986557824,2.22247,0.0174700000000001,0.54374,0.8467834516657948,0.0,0.061303319621057686,0.6102453837130036,0.0,0.0005069739506334299
BB_DEF75,[J-8]x dis,Underpair,observed,68876.0114,0.010552533991439482,0.04387653323518305,726,52,,,,,,,,,,,,,,,0.2822833063617486,0.11028029210366559,0.8410800541478527,0.048639674330607334,0.0,0.2890126810900233,0.17148323016130337,0.28936528424508073,0.0003526031550574079,0.11788205408377704,0.2822833058891592,-0.006729375200864127,0.11080007572785551,0.800219,0.0,0.376943,0.20253415255111593,0.0,0.012629514722450958,0.013017649857697768,0.0,0.0
BB_DEF75,[J-8]x dis,Weak pair,observed,162720.8892,0.02493056260804698,0.1036591457304152,1602,67,,,,,,,,,,,,,,,0.01429786246346586,0.9136760789510403,0.07748589182775743,0.008838025508799887,0.0,-0.186469621601067,-0.6800494165512121,0.020062401094217468,0.20653202269528445,0.700111817645431,0.014297862763094582,0.20076748436416156,0.6943472793143081,0.0617744,0.6997795,1.539185,0.010413220504943014,0.1521783768620163,0.5644424686440316,0.002916962304800384,0.006865456583308788,0.2782131429011389
BB_DEF75,[J-8]x dis,Combo draw,observed,99105.98655,0.015184086165361472,0.0631341307993726,1488,67,,,,,,,,,,,,,,,2.0358148017739612,0.08243616571413614,0.42184376685325886,0.49572006410756503,0.0,2.0098829467974304,2.0006708083242257,2.0430400546309824,0.03315710783354896,0.04236924630675616,2.0358148063978563,0.025931859600422855,0.035143998073630056,4.95833,0.10529,0.0683775,0.8484938425750421,0.01971016522815695,0.02846300247035884,0.7506804558417465,0.006709886285875431,0.010078636364676805
BB_DEF75,[J-8]x dis,OESD,observed,13083.183509999999,0.002004482197781788,0.008334465431871883,290,63,,,,,,,,,,,,,,,3.286279337705651,0.004634956044929772,0.6236589253745054,0.3717061078199574,0.0,3.2771376687457123,3.2975207108493443,3.302882930454554,0.025745261708840804,0.005362219605209832,3.2862793898582274,0.009141721112513969,-0.011241320991117004,4.54963,0.0753299999999997,0.0225299999999999,0.9902495978977522,0.0,0.0,0.978272334880672,0.0,0.0
BB_DEF75,[J-8]x dis,Gutshot,observed,27440.783320000002,0.004204218462279097,0.017480780563019604,530,67,,,,,,,,,,,,,,,0.7177201160975956,0.21767831834576726,0.2594147996989959,0.5229068792111565,0.0,0.6024456183902519,0.5789901014957721,0.726984069407037,0.12453845101678528,0.14799396791126493,0.7177201121267184,0.1152744937364667,0.13873001063094637,1.57405,0.7279499,0.7345634,0.6477158265757551,0.09022890713893802,0.11429632869532823,0.35073615201739805,0.029485000503258224,0.03675472191294573
BB_DEF75,[J-8]x dis,BDFD,observed,285049.26525999996,0.04367256465276383,0.1815867862645266,4038,67,,,,,,,,,,,,,,,0.0006036377368713462,0.9707388463589742,0.004781634027209913,0.024479522069380796,0.0,-0.8277349911780593,-0.6571667419890327,0.0017027370255410707,0.8294377282036004,0.6588694790145735,0.0006036376202462981,0.8283386287983057,0.6577703796092788,4.27e-05,1.8084877,1.9609566,0.0,0.7026858640288094,0.4654075321295565,0.0,0.3290148406257287,0.2290831050921615
BB_DEF75,[J-8]x dis,2 overcards + draw,observed,173596.221569,0.02659677864116754,0.11058712939893654,4247,67,,,,,,,,,,,,,,,0.32613366345509337,0.6164453691612454,0.23443813641785025,0.14911648871579467,0.0,0.2091961242462914,0.16078323596209548,0.33080363786072825,0.12160751361443693,0.17002040189863224,0.3261336668781854,0.1169375426318941,0.16535043091608942,1.63735,0.5812347,0.6699813,0.1962734512309481,0.07242122983075946,0.093588118878166,0.1053044634023556,0.00784721065751159,0.03208648253202923
BB_DEF75,[J-8]x dis,2 overcards,observed,9867.125831,0.0015117481197443154,0.006285719304291837,248,10,,,,,,,,,,,,,,,0.0010900964465387119,0.8911049692893704,0.10873779987583704,0.0001571844579064029,0.0,-0.01853812432459372,-0.2904984831581913,0.008511092351953409,0.027049216676547125,0.29900957551014484,0.0010900969963436018,0.01962822132093732,0.29158858015453504,0.0286913,0.2268316,1.3901657,0.0,0.006851620335842863,0.1420847706832087,0.0,0.0,0.12291572761640604
BB_DEF75,[J-8]x dis,A-high,observed,196894.25035,0.03016628325747344,0.1254288241101346,3165,67,,,,,,,,,,,,,,,0.036872810341024624,0.7537314162647148,0.23708208190965477,0.009186501480612336,0.0,-0.31364581677602216,-0.43132164124752437,0.040032452736947916,0.35367826951296955,0.47135409398447237,0.036872810314992926,0.35051862709101456,0.4681944515625174,0.305343,1.2657307,1.4382504,0.034999789418685784,0.3014658112894964,0.4223678575284512,0.00518689346278313,0.11403245325898877,0.12930722280992185
BB_DEF75,[J-8]x dis,Air / Nothing,observed,76658.7317,0.011744929120632693,0.048834410135457265,1374,67,,,,,,,,,,,,,,,0.0,0.9999999999999992,0.0,0.0,0.0,-1.4260953566170818,-1.3774592029181694,0.0,1.4260953566170818,1.3774592029181694,0.0,1.4260953566170818,1.3774592029181694,0.0,2.384621,2.7184349,0.0,0.9897961421660199,0.9791346887102224,0.0,0.8062080895345681,0.6524496452111276
BB_DEF75,[J-8]x con,Two pair+,observed,25134.80674,0.003850918441716156,0.05143098351290727,474,25,,,,,,,,,,,,,,,18.472329523500488,0.0,0.33898913430953115,0.6610108723708452,0.0,18.469081906477538,18.459686542572065,18.487402863534562,0.018320957057018555,0.027716320962505907,18.472329344338046,0.0032474378605008864,0.012642801765988239,27.5681,0.089500000000001,0.116300000000003,0.9999999999999997,0.0031356903124531445,0.0018120441693119619,0.9999999999999997,0.0,0.00039780850926884827
BB_DEF75,[J-8]x con,Overpair,observed,8840.220319999997,0.001354415325777909,0.018088908748394365,204,18,,,,,,,,,,,,,,,3.337910576629987,0.0,0.8339410317076693,0.16605897099465056,0.0,3.3409597562111917,3.3199556918883335,3.34185288438834,0.0008931281771493297,0.021897192500005446,3.3379105872252346,-0.0030491689859561636,0.01795489533689995,5.44105,0.00578999999999974,0.0811999999999999,1.0000000000000007,0.0,0.0034705345443245706,1.0000000000000007,0.0,0.0
BB_DEF75,[J-8]x con,Top pair,observed,52979.793669000006,0.00811706517534453,0.10840755303565816,1152,25,,,,,,,,,,,,,,,2.7853143351200957,0.010595416423356098,0.7910295071765328,0.19837507593195575,0.0,2.7870360534585563,2.7545964330765793,2.790221188064373,0.003185134605815374,0.03562475498779422,2.7853143286073707,-0.0017217248511865774,0.030717895530792273,4.6826,0.0169599999999996,0.2297548,0.9470785770228369,0.0,0.005306738862679053,0.9017077427191449,0.0,0.0
BB_DEF75,[J-8]x con,Second pair,observed,30542.21152,0.004679390090793418,0.06249564571479361,555,25,,,,,,,,,,,,,,,1.3676313352828278,0.03450842332991804,0.7875729968222728,0.17791857416272058,0.0,1.3669502630538368,1.2873490600432602,1.3735875775707265,0.0066373145168899614,0.0862385175274664,1.3676313398303654,0.0006810767765288326,0.08028227978710528,2.41403,0.0301100000000001,0.4008533,0.8605082730433531,0.0,0.03081821397850106,0.6550694512379562,0.0,0.003335514847485412
BB_DEF75,[J-8]x con,Third pair,observed,26501.01223,0.004060235583918096,0.054226520902880986,507,25,,,,,,,,,,,,,,,1.130081067437683,0.08178520398483395,0.7788588112735648,0.13935597950774273,0.0,1.123794534299547,0.9983494808534676,1.1357615034526474,0.011966969153100533,0.13741202259918037,1.1300810703529296,0.0062865360533828595,0.1317315894994627,2.42997,0.0460384,0.5694,0.76461022560722,0.0,0.06855385651810629,0.5300989655820404,0.0,0.00490079393469266
BB_DEF75,[J-8]x con,Underpair,observed,39812.1347,0.006099640443080554,0.08146381488228398,444,22,,,,,,,,,,,,,,,0.292627408587562,0.17563073461934964,0.7269091183392006,0.09746015255032281,0.0,0.30029761479282047,0.22512147912826252,0.30103120880294515,0.000733594010124756,0.07590972967468253,0.29262740486204614,-0.007670209930774241,0.06750592573378353,0.865564,0.00450700000000004,0.317225,0.2436336075191667,0.0,0.005234381466111135,0.019502702024164507,0.0,0.0
BB_DEF75,[J-8]x con,Weak pair,observed,30254.091,0.004635246977405595,0.06190609187946341,402,21,,,,,,,,,,,,,,,0.013616589133570067,0.9563355104602307,0.038326070584004654,0.005338420749246771,0.0,-0.6107300495021155,-1.0340584269916837,0.013694071196573053,0.6244241206986886,1.0477524981882564,0.013616588854955902,0.6243466383570714,1.0476750158466392,0.0,1.0791359,1.909655,0.010902330531100736,0.6697699659857564,0.7038709376526958,0.0,0.10749590195917635,0.5640231134361299
BB_DEF75,[J-8]x con,Combo draw,observed,33473.44328,0.005128485823189255,0.06849354869771784,663,25,,,,,,,,,,,,,,,1.8186973234325081,0.17395575898579807,0.4024876702099821,0.4235565639537273,0.0,1.6858913515863005,1.6629214825244143,1.827920540891095,0.14202918930479513,0.16499905836668058,1.818697332924696,0.13280598133839616,0.1557758504002816,5.20212,1.2272957,1.4380199,0.702926480349828,0.11445582451594148,0.10329693187153946,0.6305470415292155,0.07158184713646226,0.08316923528639147
BB_DEF75,[J-8]x con,OESD,observed,4495.63177,0.0006887783729288401,0.009198987119125632,103,25,,,,,,,,,,,,,,,2.1232058122581594,0.22687391500646856,0.4058045115820373,0.3673215519460126,0.0,2.022932169712835,2.0182177047884724,2.143862101013542,0.12092993130070699,0.1256443962250703,2.123205949862665,0.10027378014983016,0.10498824507419345,4.80735,0.6709843,0.9466114,0.6338945794041311,0.09379945279637528,0.10426516760735498,0.6079283913415354,0.0,0.01883243653650041
BB_DEF75,[J-8]x con,Gutshot,observed,9108.30658,0.0013954889784733077,0.018637468367758963,190,25,,,,,,,,,,,,,,,0.6051159582725251,0.39362712038917014,0.18924119208455983,0.41713168767760106,0.0,0.35678089045693095,0.25494312706207195,0.6132673935905533,0.2564865031336224,0.3583242665284812,0.6051159582913466,0.2483350678344157,0.35017283122927445,1.578,1.6904388,2.1951996,0.4730337798972068,0.15893266407815623,0.1685749416221341,0.37343247837843413,0.13621493733251125,0.14309390977922046
BB_DEF75,[J-8]x con,BDFD,observed,82512.01541,0.012641714141365093,0.16883655196023445,1299,25,,,,,,,,,,,,,,,1.3825206326398668e-05,0.9709497873869612,0.00032891508826496136,0.02872129595136307,0.0,-0.7701979225606148,-0.6226734029174008,0.0007676799510927132,0.7709656025117073,0.6234410828684934,1.3825240460012549e-05,0.7702117478010746,0.6226872281578607,0.0009287,1.8330414,2.1531727,0.0,0.6571360221971824,0.3985013287654464,0.0,0.27212368645256424,0.18853134131680277
BB_DEF75,[J-8]x con,2 overcards + draw,observed,60827.913677000004,0.009319480232052013,0.1244664205222504,1721,25,,,,,,,,,,,,,,,0.09884769704903434,0.7217846090226219,0.1868726307011169,0.09134276153845124,0.0,-0.05282281677023337,-0.20320968526754293,0.10460860344745307,0.15743142021768636,0.3078182887149953,0.09884769985876647,0.15167051662899977,0.3020573851263087,0.761869,0.7560375,1.5317245,0.0854314622821746,0.11166731126220347,0.1750675552929008,0.020437929313200695,0.025863980118635423,0.13200753446252378
BB_DEF75,[J-8]x con,2 overcards,observed,5492.5526279999995,0.0008415172006714118,0.011238892209379426,158,5,,,,,,,,,,,,,,,0.000251926221883388,0.9207174856543213,0.07806193369501273,0.0012205335089781504,0.0,-0.17221936762799128,-0.5743654434902675,0.004135935753587576,0.17635530338157884,0.578501379243855,0.0002519260538819106,0.17247129368187317,0.5746173695441493,0.0179949,0.7831844,1.9452015,0.0,0.13746509885967723,0.3249519483712082,0.0,0.0,0.3140859805704168
BB_DEF75,[J-8]x con,A-high,observed,54401.449779999995,0.008334877939622355,0.11131655379950746,1056,25,,,,,,,,,,,,,,,0.03546178027242462,0.7167257645257898,0.2641918289828014,0.019082418145271538,0.0,-0.25519847258701933,-0.49821255342030807,0.03983987583944576,0.29503834842646504,0.5380524292597537,0.03546178047221055,0.2906602530592298,0.5336743338925185,0.29232,1.2312202,1.5383125,0.03348421608921319,0.23039074419314126,0.42877403312467355,0.005079392205859703,0.0995872522131156,0.22089672533723426
BB_DEF75,[J-8]x con,Air / Nothing,observed,24333.8487,0.0037282031919359288,0.04979205864764409,506,25,,,,,,,,,,,,,,,0.0,0.9999999999999999,0.0,0.0,0.0,-1.2418486193591318,-1.2208472441382705,0.0,1.2418486193591318,1.2208472441382705,0.0,1.2418486193591318,1.2208472441382705,0.0,2.2043579,2.7669716,0.0,0.9929325031103687,0.9763545788792543,0.0,0.6770690067617624,0.5353072015278867
BB_DEF75,[7-4]x,Two pair+,observed,7652.312269999999,0.0011724152386426432,0.05361398109994482,380,20,,,,,,,,,,,,,,,18.313754061254528,0.0,0.42722773050128415,0.5727722596736748,0.0,18.291431157430047,18.209454018739596,18.37043555920993,0.07900440177988195,0.16098154047032906,18.31375427128335,0.022323113853301074,0.10430025254374818,26.9307,0.582000000000001,0.791790000000001,0.9999999999999999,0.07394808000954725,0.08685672860028223,0.9999999999999999,0.021239277000910998,0.022817354263563006
BB_DEF75,[7-4]x,Overpair,observed,12496.766749999999,0.001914636942993271,0.08755542020567841,570,20,,,,,,,,,,,,,,,2.0201581214586324,0.01802388978728838,0.8267008843809173,0.1552752290766153,0.0,2.0452624623739815,1.9398524939073607,2.047506675281844,0.0022442129078627535,0.10765418137448311,2.0201581422783152,-0.025104320095665954,0.08030564837095441,5.58165,0.0110899999999998,0.489813,0.905919425118501,0.0,0.04947682487552232,0.7768847282037977,0.0,0.007013564528600969
BB_DEF75,[7-4]x,Top pair,observed,10480.331759,0.0016056977586308117,0.0734277809141442,507,20,,,,,,,,,,,,,,,2.513848335106424,0.0037431324924100625,0.7805788015546229,0.21567806054885236,0.0,2.522418934208922,2.4667058343098534,2.532735029953954,0.01031609574503261,0.06602919564410138,2.513848359586358,-0.008570574622563481,0.047142525276505295,3.94775,0.0639799999999997,0.323830000000001,0.97778451433085,0.0,0.01507486715430799,0.9123515729155074,0.0,0.0
BB_DEF75,[7-4]x,Second pair,observed,7673.372581,0.0011756419012089049,0.05376153481653054,402,20,,,,,,,,,,,,,,,1.6404949873689525,0.013676526825876277,0.8986033907220741,0.08772007639201072,0.0,1.6458511316462823,1.5180368648669376,1.6535597489251115,0.007708617278829342,0.13552288405817375,1.640495002423843,-0.00535612922243917,0.12245813755690524,2.80449,0.0561800000000001,0.51274,0.9022835371168332,0.0,0.060592347900746336,0.7964822029016506,0.0,0.00027840196438390564
BB_DEF75,[7-4]x,Third pair,observed,4446.980074,0.0006813244181288213,0.03115663569741741,273,20,,,,,,,,,,,,,,,1.5627208655845657,0.03078985069670316,0.9471716523047294,0.022038487241968916,0.0,1.5674835300417373,1.202497748601493,1.56898519844687,0.0015016684051325935,0.3664874498453759,1.5627208814704285,-0.004762648571308769,0.36022313286893454,2.82835,0.000199999999999756,0.81127,0.8733344857348686,0.0,0.3330992798147627,0.7063756645472209,0.0,0.009943487324922068
BB_DEF75,[7-4]x,Underpair,observed,3990.8910400000004,0.0006114467504680631,0.027961163794809327,90,10,,,,,,,,,,,,,,,0.44091134101952534,0.03842903186825665,0.7619708426920943,0.19960023196054735,0.0,0.4711204984804321,0.3666315175498477,0.47112628861094885,5.790130516816171e-06,0.10449477106110118,0.4409113115206584,-0.030209186959773676,0.07427979397081069,0.949199,0.0,0.24034,0.2802109425668509,0.0,0.0029721608235137383,0.04408600441268875,0.0,0.0
BB_DEF75,[7-4]x,Weak pair,observed,4881.66093,0.0007479221263167842,0.03420211664171398,180,16,,,,,,,,,,,,,,,0.20239198458619767,0.6041239935273299,0.2779501051755965,0.11792590062779512,0.0,0.14767449733699772,-0.1476433555597724,0.24633295922399878,0.09865846188700102,0.3939763147837712,0.20239197879980048,0.0547174814628027,0.3500353343595729,0.926049,0.6031944,1.2579578,0.1550691661823387,0.15273179573330178,0.18291123713911853,0.04074693282722526,0.0,0.147778637300809
BB_DEF75,[7-4]x,Combo draw,observed,7251.643795999999,0.0011110285873943801,0.05080679926595261,381,19,,,,,,,,,,,,,,,2.0897464701747555,0.025672336892057408,0.49177974758183607,0.4825479114020208,0.0,2.083879674546031,2.069855004891703,2.106057740857489,0.02217806631145684,0.0362027359657862,2.089746535229324,0.005866860683291637,0.019891530337620998,4.92774,0.1173346,0.19205,0.8793522429379965,0.0030952746206840856,0.005465186944491227,0.7225236917855918,0.0,0.0009076575167178828
BB_DEF75,[7-4]x,OESD,observed,760.746981,0.00011655448991181661,0.005329980380057607,50,18,,,,,,,,,,,,,,,3.0948372488710376,0.003509796369155752,0.566550327915779,0.4299398656412558,0.0,3.055939566888549,3.121425612719873,3.1361395276162787,0.08019996072772968,0.014713914896404957,3.0948372511433155,0.03889768425476637,-0.026588361576558354,4.72625,0.21694,0.125942,0.9705075530230726,0.0,0.0002946459277503199,0.931931757478772,0.0,0.0
BB_DEF75,[7-4]x,Gutshot,observed,1676.270841,0.00025682243598257125,0.011744365626595452,77,16,,,,,,,,,,,,,,,0.7456834608925273,0.20337866092194942,0.17434750523068365,0.6222737853583352,0.0,0.677738764709632,0.6940619391597913,0.7579728042225456,0.08023403951291361,0.0639108650627543,0.7456834647549542,0.06794470004532213,0.051621525595162816,1.61707,0.359009,0.3963842,0.5532244237135185,0.016794607596470144,0.03242496359811105,0.3910300077814215,0.0013047539493649166,0.007342006255181288
BB_DEF75,[7-4]x,BDFD,observed,5231.58655,0.0008015344352247524,0.03665378156534973,135,10,,,,,,,,,,,,,,,-0.0004542667435634845,0.9171502208353356,0.0007914407426175527,0.0820583305190755,0.0,-0.3789652584080083,-0.19183365480206002,0.001998404750308489,0.38096366315831687,0.19383205955236854,-0.0004542667435634847,0.3785109916644449,0.19137938805849658,0.0083385,0.6822414,0.7586628,0.0,0.13366806862824437,0.0639837335769586,0.0,0.014214380148217179,0.029929192321208945
BB_DEF75,[7-4]x,2 overcards + draw,observed,35846.897404,0.005492124117735333,0.2511521762440724,2375,20,,,,,,,,,,,,,,,0.2474573294366207,0.6841128253233877,0.21459184430971903,0.10129531779055571,0.0,-0.09264222078201334,-0.18058503670182277,0.2573237346443189,0.34996595542633185,0.437908771346141,0.24745732062720052,0.34009954140921345,0.42804235732902257,1.52043,1.1367729,1.4086239,0.14109439916090544,0.296619182691485,0.3551623931498001,0.08757673347902331,0.09165362801058997,0.15243341186314963
BB_DEF75,[7-4]x,2 overcards,observed,20078.241467,0.0030761991187086544,0.14067309599375072,1419,20,,,,,,,,,,,,,,,0.0005523385344248091,0.9437577310475262,0.055619778618096236,0.0006224920449463783,0.0,-0.32356062750332876,-0.7422446923413264,0.004750927970145285,0.3283115554734741,0.7469956203114717,0.0005523384413014271,0.3241129659446303,0.7427970307826278,0.0233995,1.1771793,1.7420898,0.0,0.2533237994651914,0.5746357227530595,0.0,0.08355539058325041,0.40873013687419246
BB_DEF75,[7-4]x,A-high,observed,18886.044239,0.0028935418841033135,0.13232026911030223,855,16,,,,,,,,,,,,,,,0.035189885473201586,0.6564995159036326,0.32567607870846743,0.01782441404971825,0.0,-0.08447588921534635,-0.29351756728442074,0.04795061117910771,0.13242650039445408,0.3414681784635285,0.035189885585741355,0.11966577480108773,0.3287074528701622,0.208968,0.5637508,0.9956047,0.03388584670782737,0.07755213010543877,0.2979165024077014,0.00967664258789625,0.012741411433479805,0.045376193614453615
BB_DEF75,[7-4]x,Air / Nothing,observed,1376.04344,0.00021082442027555204,0.009640898643680553,36,10,,,,,,,,,,,,,,,0.0,1.0,0.0,0.0,0.0,-0.9123401398935793,-0.7089327350617457,0.0,0.9123401398935793,0.7089327350617457,0.0,0.9123401398935793,0.7089327350617457,0.0,1.2446609,0.8871418,0.0,1.0,1.0,0.0,0.17878455203420032,0.04854474652340917
UTG_BTN_BET,ABB,Two pair+,observed,20870.74458,0.003924985761852868,0.23348965824812118,293,6,0.2736633813753022,0.7263366333249874,7.934020361555182,7.9702350667241735,0.03622095298202823,6.247813033226063e-06,0.025410454789450428,-0.010804250379544574,0.0861900000000002,0.0,0.0,0.0,0.0,0.0,7.959430916618633,,,,,,,,,,,,,,,,,,,,,
UTG_BTN_BET,ABB,Overpair,no_rows,0.0,0.0,0.0,0,0,,,,,,,,,,,,,,,,,,,,,,,,,,,,,,,,,,,,
UTG_BTN_BET,ABB,Top pair,observed,23202.098700000002,0.004363423963794442,0.2595714817617771,288,6,0.38445143484439626,0.6155486002797539,3.7794729886121896,3.8313621504642588,0.051945556369088236,5.639451701841325e-05,0.034708879677571,-0.01718028217449883,0.0908999999999995,0.0,0.0,0.0,0.0,0.0,3.8141819958223975,,,,,,,,,,,,,,,,,,,,,
UTG_BTN_BET,ABB,Second pair,observed,12612.52219,0.0023719311894718877,0.14110150620174688,198,6,0.4195130338452678,0.5804869661760601,3.091881399505788,3.1641017332375925,0.07277592512862803,0.0005555913968227476,0.04869913707885108,-0.0235211966529542,0.12026,0.0,0.0,0.0,0.0,0.0,3.1405805375104054,,,,,,,,,,,,,,,,,,,,,
UTG_BTN_BET,ABB,Third pair,observed,6238.61462,0.0011732438899497637,0.06979396398542541,135,6,0.4479833976634781,0.5520166113933628,3.030822173973878,3.0702371838802667,0.04109585034481899,0.0016808404384305244,0.02698240758178405,-0.012432602324604414,0.0954900000000003,0.0154899999999998,0.0,0.0,0.0,0.0,3.057804610554708,,,,,,,,,,,,,,,,,,,,,
UTG_BTN_BET,ABB,Underpair,observed,2013.495,0.00037866110508271767,0.022525801972815902,24,3,0.5264796200914331,0.473520379908567,3.109996624044261,3.1571057743724222,0.047617396651096884,0.0005082463229359934,0.029102786476698787,-0.018006363851462103,0.1232,0.0,0.0,0.0,0.0,0.0,3.1390994105209598,,,,,,,,,,,,,,,,,,,,,
UTG_BTN_BET,ABB,Weak pair,observed,16924.15844,0.0031827844307959065,0.18933756556435496,336,6,0.4171029518052999,0.5828970505839721,1.7614955303504698,1.796018799746476,0.045946926793921,0.011423657397915501,0.03139101729588919,-0.0031322521001163096,0.0977800000000002,0.13082,0.0,0.0,0.0,0.0,1.7928865552966458,,,,,,,,,,,,,,,,,,,,,
UTG_BTN_BET,ABB,Combo draw,observed,4045.946466,0.0007608871936215766,0.04526367777706442,93,6,0.109065246339903,0.8909347595037764,2.3445621957027747,2.3846437859117984,0.04031000288545585,0.00022841267643208284,0.03527861793355164,-0.004802972275472132,0.0958999999999999,0.000819999999999599,0.0,0.0,0.0,0.0,2.3798408323424076,,,,,,,,,,,,,,,,,,,,,
UTG_BTN_BET,ABB,OESD,observed,182.157028,3.425674338454456e-05,0.002037866069041483,5,3,0.4126963763952275,0.5873036236047724,2.8508702009466256,2.9145142002066478,0.06364399926002286,0.0,0.04236497923161538,-0.021279020028407484,0.1335,0.0,0.0,0.0,0.0,0.0,2.89323518017824,,,,,,,,,,,,,,,,,,,,,
UTG_BTN_BET,ABB,Gutshot,observed,1156.0639159999998,0.0002174112376632741,0.012933365535913462,26,6,0.1491872421375342,0.8508127578624658,1.8409344133573495,1.9054768736935828,0.06513005739016593,0.0005875970539331339,0.05860087350471598,-0.005941586831516816,0.0964000000000003,0.0,0.0,0.0,0.0,0.0,1.8995352868620656,,,,,,,,,,,,,,,,,,,,,
UTG_BTN_BET,ABB,BDFD,observed,1606.31745,0.00030208664075681997,0.01797053818568142,96,6,0.6836940032336697,0.3163059821590695,1.3582279526640013,1.3245932214020708,0.009994476648535438,0.04362920791046628,0.0061024909034242,0.039737222165355045,0.0510799999999998,0.13381,0.0,0.0,0.0,0.0,1.3643304229018502,,,,,,,,,,,,,,,,,,,,,
UTG_BTN_BET,ABB,2 overcards + draw,no_rows,0.0,0.0,0.0,0,0,,,,,,,,,,,,,,,,,,,,,,,,,,,,,,,,,,,,
UTG_BTN_BET,ABB,2 overcards,no_rows,0.0,0.0,0.0,0,0,,,,,,,,,,,,,,,,,,,,,,,,,,,,,,,,,,,,
UTG_BTN_BET,ABB,A-high,no_rows,0.0,0.0,0.0,0,0,,,,,,,,,,,,,,,,,,,,,,,,,,,,,,,,,,,,
UTG_BTN_BET,ABB,Air / Nothing,observed,534.044306,0.0001004332303149961,0.005974574698057805,32,6,0.9098355422829506,0.0901644577170494,1.118408202942349,1.0292051371462125,0.005121323616958492,0.09432438941309487,0.0014410170345984315,0.09064408283073482,0.0319700000000003,0.223819,0.0,0.0,0.0,0.0,1.1198492199769474,,,,,,,,,,,,,,,,,,,,,
UTG_BTN_BET,A[K/Q]x,Two pair+,observed,25570.38386,0.004808807476461024,0.09946142158090895,332,16,0.20570295623600163,0.7942970362597037,12.16476125610717,12.197649762403138,0.03304299973617989,0.00015449344020915647,0.026633371434377617,-0.006255134861593118,0.065800000000003,0.0,0.0,0.0,0.0,0.0,12.191394491899429,,,,,,,,,,,,,,,,,,,,,
UTG_BTN_BET,A[K/Q]x,Overpair,no_rows,0.0,0.0,0.0,0,0,,,,,,,,,,,,,,,,,,,,,,,,,,,,,,,,,,,,
UTG_BTN_BET,A[K/Q]x,Top pair,observed,75744.45390000001,0.014244623710344934,0.29462408945485513,912,16,0.3906342807249508,0.6093657124057003,4.649535816183292,4.684982197512877,0.035478436903497154,3.2055573906514784e-05,0.02283370126145008,-0.012612680068140559,0.0689700000000002,0.0,0.0,0.0,0.0,0.0,4.672369485178721,,,,,,,,,,,,,,,,,,,,,
UTG_BTN_BET,A[K/Q]x,Second pair,observed,44351.89739,0.008340889089971767,0.17251609472787965,702,16,0.33657240391952825,0.6634275877203388,2.935687825425976,2.998916693790402,0.06327470630628641,4.583794186127361e-05,0.043528363737489036,-0.019700504626936104,0.11161,0.0,0.0,0.0,0.0,0.0,2.9792161660714287,,,,,,,,,,,,,,,,,,,,,
UTG_BTN_BET,A[K/Q]x,Third pair,observed,2827.3018739999998,0.0005317069334720367,0.010997389212693965,108,12,0.28693625363467784,0.7130637309750306,2.4667303494585036,2.486449442560749,0.020686833372721047,0.0009677402704752597,0.0126887243588734,-0.007030368743372387,0.0741700000000003,0.00431999999999988,0.0,0.0,0.0,0.0,2.479419025446319,,,,,,,,,,,,,,,,,,,,,
UTG_BTN_BET,A[K/Q]x,Underpair,observed,4201.040999999999,0.0007900545208991357,0.016340838380346598,48,8,0.5979519603274522,0.4020480185085078,2.959967238424953,2.998318212193121,0.038350973768168484,0.0,0.015512563898445825,-0.02283840986972266,0.0529499999999996,0.0,0.0,0.0,0.0,0.0,2.9754797347766715,,,,,,,,,,,,,,,,,,,,,
UTG_BTN_BET,A[K/Q]x,Weak pair,observed,51825.072329999995,0.009746306377452925,0.20158459081791932,912,16,0.5176116454112343,0.48238835838661076,1.4547039489281357,1.4929438918420512,0.040893801391898625,0.0026538584779819854,0.022915698007630592,-0.015324244906286047,0.0991,0.0077799999999999,0.0,0.0,0.0,0.0,1.4776196562041777,,,,,,,,,,,,,,,,,,,,,
UTG_BTN_BET,A[K/Q]x,Combo draw,observed,13033.690454,0.0024511367699535927,0.0506972984096752,165,16,0.3303457238098333,0.6696542580992046,2.6824281795981575,2.697225926738434,0.014894856283512592,9.710914323667433e-05,0.010353414720036157,-0.004444332420239759,0.0321300000000004,0.0,0.0,0.0,0.0,0.0,2.6927815506488555,,,,,,,,,,,,,,,,,,,,,
UTG_BTN_BET,A[K/Q]x,OESD,observed,166.034,3.122462083159082e-05,0.0006458243943923583,2,2,0.497589785272896,0.5024102147271041,3.900550317525326,3.903349791428262,0.003769423732488225,0.0009699498295529334,0.001545334134408177,-0.0012541397685271146,0.0074999999999994,0.0019499999999999,0.0,0.0,0.0,0.0,3.9020956516597347,,,,,,,,,,,,,,,,,,,,,
UTG_BTN_BET,A[K/Q]x,Gutshot,observed,20070.778892,0.003774542929143407,0.07806954372543472,437,16,0.22591356737759483,0.7740864357042091,2.1325265562816864,2.1469024577217106,0.014397819520963504,2.191808094081217e-05,0.011098200751909508,-0.003277700688113184,0.0338399999999996,0.0,0.0,0.0,0.0,0.0,2.143624761599094,,,,,,,,,,,,,,,,,,,,,
UTG_BTN_BET,A[K/Q]x,BDFD,observed,14489.084256,0.002724840466955998,0.056358360726905664,447,16,0.5234006306978664,0.4765993793067059,1.0090122242465518,1.0268845303388632,0.02418220471017475,0.006309898617862108,0.017928176688433294,5.587059612065237e-05,0.065372,0.037759,0.0,0.0,0.0,0.0,1.0269404124904562,,,,,,,,,,,,,,,,,,,,,
UTG_BTN_BET,A[K/Q]x,2 overcards + draw,no_rows,0.0,0.0,0.0,0,0,,,,,,,,,,,,,,,,,,,,,,,,,,,,,,,,,,,,
UTG_BTN_BET,A[K/Q]x,2 overcards,no_rows,0.0,0.0,0.0,0,0,,,,,,,,,,,,,,,,,,,,,,,,,,,,,,,,,,,,
UTG_BTN_BET,A[K/Q]x,A-high,no_rows,0.0,0.0,0.0,0,0,,,,,,,,,,,,,,,,,,,,,,,,,,,,,,,,,,,,
UTG_BTN_BET,A[K/Q]x,Air / Nothing,observed,4808.723616,0.0009043362901183874,0.018704548568988472,149,16,0.9328446430515264,0.06715536587391881,0.7310372339324646,0.6732405404703522,0.004269455465996988,0.062066148928109244,0.0009555365325238144,0.05875222999463607,0.023034,0.17088,0.0,0.0,0.0,0.0,0.7319927754537763,,,,,,,,,,,,,,,,,,,,,
UTG_BTN_BET,A[J-T][9-5],Two pair+,observed,16243.408836000002,0.0030547615664057483,0.10110588341356919,206,10,0.35938169997830477,0.640618305365955,11.451995990638416,11.475384749901087,0.024032112915062725,0.0006433536523958943,0.015591925062075374,-0.0077968342005914565,0.0488400000000002,0.00363000000000113,0.0,0.0,0.0,0.0,11.46758797555194,,,,,,,,,,,,,,,,,,,,,
UTG_BTN_BET,A[J-T][9-5],Overpair,no_rows,0.0,0.0,0.0,0,0,,,,,,,,,,,,,,,,,,,,,,,,,,,,,,,,,,,,
UTG_BTN_BET,A[J-T][9-5],Top pair,observed,46449.482800000005,0.00873536437267969,0.28912133161291975,570,10,0.60731533108188,0.39268466728001766,4.2034833065363175,4.223848327411432,0.020564146454285177,0.0001991255791765165,0.008366088860555352,-0.011998932014553309,0.0489500000000014,0.0,0.0,0.0,0.0,0.0,4.211849390016772,,,,,,,,,,,,,,,,,,,,,
UTG_BTN_BET,A[J-T][9-5],Second pair,observed,16205.295485999999,0.0030475939085623438,0.10086864971708914,306,10,0.5592591401313743,0.4407408486011513,2.5893158096365374,2.6374501759269933,0.048438093121120386,0.0003037268306629802,0.023293011698319724,-0.024841354592137682,0.0814300000000001,0.0,0.0,0.0,0.0,0.0,2.612608791873891,,,,,,,,,,,,,,,,,,,,,
UTG_BTN_BET,A[J-T][9-5],Third pair,observed,3429.83699,0.0006450206555700323,0.021348763817969754,111,10,0.5190890413537242,0.4809109532661534,2.167838664142764,2.2017788955582347,0.03534357195364551,0.0014033405381752634,0.020520613471497393,-0.01341961794397285,0.10567,0.0139900000000002,0.0,0.0,0.0,0.0,2.1883592667451155,,,,,,,,,,,,,,,,,,,,,
UTG_BTN_BET,A[J-T][9-5],Underpair,observed,12707.423999999999,0.00238977857635338,0.07909641026724143,150,10,0.633200524616004,0.3667994953306823,2.4546961696469713,2.49014795224272,0.03545178259574877,0.0,0.01375049728407772,-0.02170128531167105,0.06392,0.0,0.0,0.0,0.0,0.0,2.4684467127897394,,,,,,,,,,,,,,,,,,,,,
UTG_BTN_BET,A[J-T][9-5],Weak pair,observed,20313.073099999998,0.0038201091672301277,0.1264372042442328,450,10,0.7371207811563932,0.26287921046957935,1.0951278627189427,1.107488767845815,0.017242218588742746,0.004881313461870033,0.006731283541066968,-0.005629621585805745,0.0501200000000002,0.030112,0.0,0.0,0.0,0.0,1.1018591401580546,,,,,,,,,,,,,,,,,,,,,
UTG_BTN_BET,A[J-T][9-5],Combo draw,observed,9130.441272,0.0017170854568540647,0.05683174880849697,144,10,0.4616741310917193,0.5383258505898891,2.4604283278802455,2.477126537405731,0.01701053275478316,0.0003123232292972494,0.008833990850152086,-0.007864218675333826,0.04325,0.00249999999999995,0.0,0.0,0.0,0.0,2.4692622631534786,,,,,,,,,,,,,,,,,,,,,
UTG_BTN_BET,A[J-T][9-5],OESD,observed,1665.7034640000002,0.00031325486997402577,0.010368046629443486,57,5,0.47584605350496756,0.5241539353584763,3.542569071616387,3.5480674405062644,0.006950862897779253,0.001452494007900992,0.003254746918904019,-0.0022436219709742423,0.0201700000000002,0.0102699999999998,0.0,0.0,0.0,0.0,3.5458237830552597,,,,,,,,,,,,,,,,,,,,,
UTG_BTN_BET,A[J-T][9-5],Gutshot,observed,21312.987774,0.004008154727534606,0.13266109834636863,351,10,0.42734127148382434,0.5726587322659383,1.6744087908737015,1.687240248844178,0.0129112274128666,7.976944239014687e-05,0.007652594945302402,-0.005178863025174051,0.0243499999999999,0.0,0.0,0.0,0.0,0.0,1.6820613928826749,,,,,,,,,,,,,,,,,,,,,
UTG_BTN_BET,A[J-T][9-5],BDFD,observed,9911.703138,0.0018640108187439855,0.06169465486083981,240,10,0.759369733671934,0.24063025913338912,0.8057828166485091,0.7909927889195286,0.008315112020545261,0.023105139749525657,0.0035338232555511126,0.018323850984531508,0.0343730000000001,0.125825,0.0,0.0,0.0,0.0,0.8093166335356488,,,,,,,,,,,,,,,,,,,,,
UTG_BTN_BET,A[J-T][9-5],2 overcards + draw,no_rows,0.0,0.0,0.0,0,0,,,,,,,,,,,,,,,,,,,,,,,,,,,,,,,,,,,,
UTG_BTN_BET,A[J-T][9-5],2 overcards,no_rows,0.0,0.0,0.0,0,0,,,,,,,,,,,,,,,,,,,,,,,,,,,,,,,,,,,,
UTG_BTN_BET,A[J-T][9-5],A-high,no_rows,0.0,0.0,0.0,0,0,,,,,,,,,,,,,,,,,,,,,,,,,,,,,,,,,,,,
UTG_BTN_BET,A[J-T][9-5],Air / Nothing,observed,3288.0479079999996,0.0006183555729754472,0.020466208281829025,80,10,0.9953759176760116,0.0046240823239884505,0.5714799224144438,0.4003927907367877,0.0,0.17108713167765624,-0.000242603576515427,0.1708445281011408,0.0,0.3462015,0.0,0.0,0.0,0.0,0.5712373188379284,,,,,,,,,,,,,,,,,,,,,
UTG_BTN_BET,A[J-T][4-2],Two pair+,observed,8672.81194,0.001631022949336844,0.08630629080986615,120,6,0.25330657487958624,0.7466934064346631,11.953984824305442,11.977433001521307,0.0236970240011915,0.00024884678532532175,0.01760065131693591,-0.005847525898930265,0.0413000000000032,0.0,0.0,0.0,0.0,0.0,11.971585270985827,,,,,,,,,,,,,,,,,,,,,
UTG_BTN_BET,A[J-T][4-2],Overpair,no_rows,0.0,0.0,0.0,0,0,,,,,,,,,,,,,,,,,,,,,,,,,,,,,,,,,,,,
UTG_BTN_BET,A[J-T][4-2],Top pair,observed,28639.0971,0.005385914619334667,0.28499802139657543,342,6,0.5565130677588855,0.4434869353428882,4.780788187359511,4.807289893964186,0.026565737263309186,6.403065863414261e-05,0.011835173770748091,-0.014666532833926951,0.0545199999999992,0.0,0.0,0.0,0.0,0.0,4.792623386613293,,,,,,,,,,,,,,,,,,,,,
UTG_BTN_BET,A[J-T][4-2],Second pair,observed,10122.645592,0.0019036809955959274,0.10073411026001815,189,6,0.47935197318855655,0.5206480244697563,2.93658726596515,2.9987488838675485,0.06216337005784804,1.7521554477830847e-06,0.033649551013156795,-0.028512066889243463,0.0893200000000003,0.0,0.0,0.0,0.0,0.0,2.970236810732885,,,,,,,,,,,,,,,,,,,,,
UTG_BTN_BET,A[J-T][4-2],Third pair,observed,139.8356,2.6297707630714197e-05,0.0013915546702344523,6,2,0.1408741219861037,0.8591260435868978,2.222361758572209,2.2549862214557668,0.03262446288355754,0.0,0.027993301094969447,-0.0046311617885880915,0.0661999999999998,0.0,0.0,0.0,0.0,0.0,2.2503553621673964,,,,,,,,,,,,,,,,,,,,,
UTG_BTN_BET,A[J-T][4-2],Underpair,observed,7806.792,0.0014681578478570447,0.07768821292395471,90,6,0.5931915459078453,0.40680845409215455,2.787434604632736,2.824665380371349,0.03723587440398054,5.098665367284255e-06,0.015751638944021082,-0.021479136794592173,0.05871,0.0,0.0,0.0,0.0,0.0,2.8031862435767567,,,,,,,,,,,,,,,,,,,,,
UTG_BTN_BET,A[J-T][4-2],Weak pair,observed,14687.38795,0.002762133778293759,0.1461595137101548,270,6,0.6604609955099671,0.3395389931063317,1.1444320885631278,1.165092778321274,0.021524890590057574,0.0008642008319117079,0.01084730369704404,-0.009813386061101825,0.0595100000000002,0.00624999999999987,0.0,0.0,0.0,0.0,1.1552793848125051,,,,,,,,,,,,,,,,,,,,,
UTG_BTN_BET,A[J-T][4-2],Combo draw,observed,4987.332600000001,0.0009379257826471205,0.04963075190825895,66,6,0.37777570155274975,0.6222242984472501,2.3454524425673964,2.363655929019251,0.01861651982203875,0.00041303337018269644,0.011022912755331269,-0.007180573696524785,0.03979,0.00309999999999988,0.0,0.0,0.0,0.0,2.356475355322727,,,,,,,,,,,,,,,,,,,,,
UTG_BTN_BET,A[J-T][4-2],OESD,no_rows,0.0,0.0,0.0,0,0,,,,,,,,,,,,,,,,,,,,,,,,,,,,,,,,,,,,
UTG_BTN_BET,A[J-T][4-2],Gutshot,observed,13911.48614,0.0026162164371479994,0.13843823395486454,238,6,0.3916649337001603,0.6083350660316603,1.7666013270941092,1.783591949395135,0.017058525438080896,6.790313705477382e-05,0.010595349799338506,-0.006395272501687616,0.0325499999999996,0.0,0.0,0.0,0.0,0.0,1.77719667206419,,,,,,,,,,,,,,,,,,,,,
UTG_BTN_BET,A[J-T][4-2],BDFD,observed,8650.186846,0.0016267680378040912,0.0860811403101351,225,6,0.7099250466141294,0.2900749412740786,0.8085447244333747,0.808154571513823,0.011897230029236759,0.012287382948789076,0.006927276648575961,0.007317429568128278,0.0525100000000001,0.0628000000000001,0.0,0.0,0.0,0.0,0.8154719911423965,,,,,,,,,,,,,,,,,,,,,
UTG_BTN_BET,A[J-T][4-2],2 overcards + draw,no_rows,0.0,0.0,0.0,0,0,,,,,,,,,,,,,,,,,,,,,,,,,,,,,,,,,,,,
UTG_BTN_BET,A[J-T][4-2],2 overcards,no_rows,0.0,0.0,0.0,0,0,,,,,,,,,,,,,,,,,,,,,,,,,,,,,,,,,,,,
UTG_BTN_BET,A[J-T][4-2],A-high,no_rows,0.0,0.0,0.0,0,0,,,,,,,,,,,,,,,,,,,,,,,,,,,,,,,,,,,,
UTG_BTN_BET,A[J-T][4-2],Air / Nothing,observed,2871.181872,0.0005399590764044541,0.028572170055937814,75,6,0.9967340683724547,0.003265961868750612,0.5705283073818962,0.4316986445579959,0.00010246965818123525,0.13893213248208144,-7.697435543044827e-05,0.13875268846846975,0.0,0.287251,0.0,0.0,0.0,0.0,0.5704513553735066,,,,,,,,,,,,,,,,,,,,,
UTG_BTN_BET,A[9-7]x,Two pair+,observed,17348.200299999997,0.003262530424358806,0.055713278078256094,242,18,0.5364161391774284,0.46358384008779835,13.166815331285381,13.17087786016581,0.013990922873959527,0.009928393993525676,0.0031746145582574378,-0.0008879143221764141,0.0508000000000024,0.0457999999999998,0.0,0.0,0.0,0.0,13.169989743351522,,,,,,,,,,,,,,,,,,,,,
UTG_BTN_BET,A[9-7]x,Overpair,no_rows,0.0,0.0,0.0,0,0,,,,,,,,,,,,,,,,,,,,,,,,,,,,,,,,,,,,
UTG_BTN_BET,A[9-7]x,Top pair,observed,99781.5601,0.01876508052632046,0.3204457931543207,1188,18,0.7594818738483957,0.2405181277781798,4.844020955392857,4.856647540968025,0.013561131217370103,0.0009345456422062945,0.003238811020374084,-0.009387774554789724,0.0381300000000007,0.00770000000000071,0.0,0.0,0.0,0.0,4.847259772017539,,,,,,,,,,,,,,,,,,,,,
UTG_BTN_BET,A[9-7]x,Second pair,observed,8784.428812,0.0016520137976366394,0.028210956566001887,228,18,0.6644881279678881,0.3355118631883412,2.8696368018425757,2.881866863062572,0.015113913416416208,0.002883852196419871,0.005285365850820801,-0.006944695369175536,0.04725,0.0181999999999998,0.0,0.0,0.0,0.0,2.8749221441992185,,,,,,,,,,,,,,,,,,,,,
UTG_BTN_BET,A[9-7]x,Third pair,observed,2355.329838,0.00044294711399401465,0.007564078345954301,93,12,0.6679151945709237,0.3320848293132046,2.2970133214575363,2.335467609322131,0.043378699473249745,0.004924411608655553,0.02036971106740388,-0.018084576797190312,0.1171,0.03071,0.0,0.0,0.0,0.0,2.3173830848340655,,,,,,,,,,,,,,,,,,,,,
UTG_BTN_BET,A[9-7]x,Underpair,observed,46367.727,0.008719989245562451,0.14890870658253028,528,18,0.7883023508633501,0.21169766421670821,2.553135694847625,2.5767975901128377,0.02449799887495026,0.0008361036097370059,0.006238489798279994,-0.017423405466933262,0.0590999999999999,0.00721000000000016,0.0,0.0,0.0,0.0,2.5593742232282373,,,,,,,,,,,,,,,,,,,,,
UTG_BTN_BET,A[9-7]x,Weak pair,observed,18712.20796,0.0035190478966529476,0.0600937519457645,552,18,0.8237859440474051,0.17621406093073042,1.1801674734354541,1.1764535159748217,0.006820839868797612,0.0105347973294291,0.0011524154181967042,0.004866372878828192,0.038445,0.0305639999999998,0.0,0.0,0.0,0.0,1.1813198975070434,,,,,,,,,,,,,,,,,,,,,
UTG_BTN_BET,A[9-7]x,Combo draw,observed,3511.745794,0.0006604245568653639,0.01127787704648927,117,17,0.6656493780196991,0.3343505735717573,3.3036857537335957,3.3057997025471946,0.00646711927533099,0.004353170461734193,0.0014145983910340658,-0.000699350422562731,0.0264699999999998,0.0172099999999995,0.0,0.0,0.0,0.0,3.3051001559107918,,,,,,,,,,,,,,,,,,,,,
UTG_BTN_BET,A[9-7]x,OESD,observed,324.20141,6.0969838107358225e-05,0.0010411640975054178,13,9,0.622017868998793,0.3779821310012069,4.316932259437244,4.324754448944129,0.008089577213745104,0.0002673877068579219,0.0036598674095313626,-0.004162322097355819,0.0364699999999996,0.00163000000000046,0.0,0.0,0.0,0.0,4.320592126846774,,,,,,,,,,,,,,,,,,,,,
UTG_BTN_BET,A[9-7]x,Gutshot,observed,1456.932178,0.00027399300646490347,0.004678898454617988,50,16,0.7315735374806748,0.26842644578450375,2.1032004081094158,2.1112895251720767,0.009486331010392451,0.0013972139477311835,0.0027565412562351004,-0.005332575806426168,0.0326799999999996,0.0079499999999999,0.0,0.0,0.0,0.0,2.105956908454033,,,,,,,,,,,,,,,,,,,,,
UTG_BTN_BET,A[9-7]x,BDFD,observed,43672.246226,0.008213072799973036,0.1402522426658406,684,18,0.6040650501124697,0.39593496272074663,0.7865470139110312,0.7969199179085211,0.015522825311532169,0.005149921314041732,0.006952269457236522,-0.003420634540253915,0.05636,0.0292020000000002,0.0,0.0,0.0,0.0,0.7934992936468429,,,,,,,,,,,,,,,,,,,,,
UTG_BTN_BET,A[9-7]x,2 overcards + draw,no_rows,0.0,0.0,0.0,0,0,,,,,,,,,,,,,,,,,,,,,,,,,,,,,,,,,,,,
UTG_BTN_BET,A[9-7]x,2 overcards,no_rows,0.0,0.0,0.0,0,0,,,,,,,,,,,,,,,,,,,,,,,,,,,,,,,,,,,,
UTG_BTN_BET,A[9-7]x,A-high,no_rows,0.0,0.0,0.0,0,0,,,,,,,,,,,,,,,,,,,,,,,,,,,,,,,,,,,,
UTG_BTN_BET,A[9-7]x,Air / Nothing,observed,69069.006098,0.012989228270263223,0.22181325306271915,1284,18,0.9470692752762931,0.05293072564906427,0.47908753209294686,0.42915672860847853,0.001283541981883609,0.05121434546635237,2.903458117189386e-05,0.04995983806564065,0.009517,0.166045,0.0,0.0,0.0,0.0,0.47911656692604054,,,,,,,,,,,,,,,,,,,,,
UTG_BTN_BET,A[6-2]x,Two pair+,observed,7416.097,0.0013946831183691182,0.04090906285784421,138,10,0.5263721775863395,0.4736278356430223,12.753239715588265,12.717262439110629,0.0061430166997547,0.04212029317739506,-0.014358734283993726,0.021618542193646634,0.0374000000000017,0.108400000000003,0.0,0.0,0.0,0.0,12.738881094766073,,,,,,,,,,,,,,,,,,,,,
UTG_BTN_BET,A[6-2]x,Overpair,no_rows,0.0,0.0,0.0,0,0,,,,,,,,,,,,,,,,,,,,,,,,,,,,,,,,,,,,
UTG_BTN_BET,A[6-2]x,Top pair,observed,57017.7001,0.010722840299648614,0.31452402488810627,660,10,0.786234892515207,0.2137651102452991,5.446020064762997,5.442698219249394,0.006218596465889382,0.009540441979489798,-0.0006723389082114789,0.002649506605388938,0.0288200000000005,0.0351900000000001,0.0,0.0,0.0,0.0,5.445347740380197,,,,,,,,,,,,,,,,,,,,,
UTG_BTN_BET,A[6-2]x,Second pair,observed,1893.614726,0.00035611622812476204,0.010445656772622236,75,9,0.5732474570417541,0.42675254295824583,2.9877320192328916,2.992245268745718,0.017082291908665698,0.012569042395839525,0.004541244439175356,2.799492634918306e-05,0.0597199999999996,0.0582199999999995,0.0,0.0,0.0,0.0,2.992273263672069,,,,,,,,,,,,,,,,,,,,,
UTG_BTN_BET,A[6-2]x,Third pair,observed,274.8088,5.1680984504285116e-05,0.001515914701909743,9,2,0.6054523004652689,0.394547699534731,2.48842752315428,2.530486013020689,0.04217920054961842,0.00012071068320957034,0.020963525375688276,-0.021094964490720573,0.0895899999999998,0.00137000000000009,0.0,0.0,0.0,0.0,2.5093910485299684,,,,,,,,,,,,,,,,,,,,,
UTG_BTN_BET,A[6-2]x,Underpair,observed,40871.841400000005,0.007686424168567379,0.22545939312126576,480,10,0.8266829081029393,0.17331709184479996,2.3210473123507236,2.3241744012555796,0.01080762029503275,0.007680531390176122,0.0013278050462921902,-0.001799283858564438,0.0391799999999995,0.0350600000000001,0.0,0.0,0.0,0.0,2.3223751255976373,,,,,,,,,,,,,,,,,,,,,
UTG_BTN_BET,A[6-2]x,Weak pair,observed,1190.70697,0.0002239262660646758,0.006568240178223561,120,9,0.6631153101309974,0.3368846661299633,1.9841627326939222,1.996623067403981,0.019842058696943714,0.007381723986884872,0.006521354314350853,-0.005938980395707989,0.0753899999999998,0.0426800000000001,0.0,0.0,0.0,0.0,1.9906840750520727,,,,,,,,,,,,,,,,,,,,,
UTG_BTN_BET,A[6-2]x,Combo draw,observed,1205.4971719999999,0.0002267077352184192,0.006649826665468565,48,9,0.6910350720264966,0.30896498539512296,3.528237486916195,3.519412000997843,0.0033193132973189723,0.01214479921567168,-0.0025846077962122984,0.006240878122140409,0.0198,0.0488500000000003,0.0,0.0,0.0,0.0,3.525653086873429,,,,,,,,,,,,,,,,,,,,,
UTG_BTN_BET,A[6-2]x,OESD,observed,92.91550000000001,1.7473838231191666e-05,0.0005125453496587254,4,4,0.49530726626558536,0.5046927337344146,5.066799988753222,5.039156493351485,0.0,0.02764349540173564,-0.012345098410141689,0.01529839699159395,0.0,0.0423499999999999,0.0,0.0,0.0,0.0,5.05445489034308,,,,,,,,,,,,,,,,,,,,,
UTG_BTN_BET,A[6-2]x,Gutshot,observed,307.668604,5.786065204527306e-05,0.0016971776745127766,12,8,0.8493665958084173,0.1506334041915827,2.4660154893731048,2.4693821755950114,0.006768616982446467,0.003401930760539986,-0.00020207692069290715,-0.003568763142599388,0.01816,0.0169700000000002,0.0,0.0,0.0,0.0,2.465813412452412,,,,,,,,,,,,,,,,,,,,,
UTG_BTN_BET,A[6-2]x,BDFD,observed,29683.278290000002,0.00558228501176772,0.16374045503888265,489,10,0.6849613877883589,0.3150386009743815,0.7319968475747088,0.7228853465776429,0.007618458850972824,0.016729959848037584,0.0009092192617545531,0.010020720258819314,0.03659,0.060586,0.0,0.0,0.0,0.0,0.7329060587366514,,,,,,,,,,,,,,,,,,,,,
UTG_BTN_BET,A[6-2]x,2 overcards + draw,no_rows,0.0,0.0,0.0,0,0,,,,,,,,,,,,,,,,,,,,,,,,,,,,,,,,,,,,
UTG_BTN_BET,A[6-2]x,2 overcards,no_rows,0.0,0.0,0.0,0,0,,,,,,,,,,,,,,,,,,,,,,,,,,,,,,,,,,,,
UTG_BTN_BET,A[6-2]x,A-high,no_rows,0.0,0.0,0.0,0,0,,,,,,,,,,,,,,,,,,,,,,,,,,,,,,,,,,,,
UTG_BTN_BET,A[6-2]x,Air / Nothing,observed,41328.36685399999,0.007772279079014152,0.2279777027515054,763,10,0.9443823999574081,0.05561759510126195,0.47887871560183953,0.4348233869689481,0.0012154884785063335,0.04527081711139749,-0.0004980761565774113,0.04355725247631375,0.0103439999999999,0.171689,0.0,0.0,0.0,0.0,0.478380636900248,,,,,,,,,,,,,,,,,,,,,
UTG_BTN_BET,BBB,Two pair+,observed,15194.32488,0.002857469151920731,0.23505962883946527,214,4,0.27474175614949936,0.7252582440615009,7.630892068561226,7.665858487166328,0.03750154177004807,0.002535123164945779,0.02664754075935408,-0.008318877845748213,0.0761800000000008,0.000789999999999402,0.0,0.0,0.0,0.0,7.657539580691726,,,,,,,,,,,,,,,,,,,,,
UTG_BTN_BET,BBB,Overpair,observed,2451.2039999999997,0.00046097736295504975,0.03792067808213224,30,4,0.24362763429482004,0.7563723657051802,4.7312135766912915,4.791711359352384,0.06049778266109222,0.0,0.04293117398031501,-0.017566608680777206,0.130129999999999,0.0,0.0,0.0,0.0,0.0,4.7741447506716055,,,,,,,,,,,,,,,,,,,,,
UTG_BTN_BET,BBB,Top pair,observed,10298.7772,0.0019368045888133309,0.1593244033710794,144,4,0.39797136608269373,0.6020286346243319,3.9002763137955836,3.9582476137672935,0.05800660462321685,3.530465150755862e-05,0.03771341449070422,-0.02025788548100507,0.0891999999999999,0.0,0.0,0.0,0.0,0.0,3.9379897403460897,,,,,,,,,,,,,,,,,,,,,
UTG_BTN_BET,BBB,Second pair,observed,7395.31434,0.0013907746979349186,0.11440717884081303,108,4,0.4164157276035112,0.5835842868155918,3.478845556717187,3.545287375055744,0.06659937434881227,0.0001575560102560833,0.04156860776801404,-0.024873210570542148,0.0974900000000001,0.0,0.0,0.0,0.0,0.0,3.5204142227272506,,,,,,,,,,,,,,,,,,,,,
UTG_BTN_BET,BBB,Third pair,observed,6022.746808000001,0.0011326474423580346,0.09317324991161795,99,4,0.5708524736948046,0.4291475359463446,3.0932843955149933,3.146823207946572,0.05388932718095756,0.0003505147493791231,0.027159706966565108,-0.02637910546501333,0.0923799999999999,0.0,0.0,0.0,0.0,0.0,3.120444147166493,,,,,,,,,,,,,,,,,,,,,
UTG_BTN_BET,BBB,Underpair,observed,509.50500000000005,9.581832899767326e-05,0.007882157130225305,6,1,0.5733078437483439,0.426692156251656,4.372711483675332,4.421871186445668,0.04915970277033553,0.0,0.02098146763739331,-0.028178235132942223,0.0603100000000003,0.0,0.0,0.0,0.0,0.0,4.393692951312725,,,,,,,,,,,,,,,,,,,,,
UTG_BTN_BET,BBB,Weak pair,observed,9863.578259999998,0.0018549603768578862,0.1525917777285685,204,4,0.5710516744505683,0.4289483253387783,1.6172156326071874,1.6539860016315726,0.048055025148398815,0.01128465612401396,0.025541744063678137,-0.011228624960706719,0.10126,0.10238,0.0,0.0,0.0,0.0,1.6427573932402952,,,,,,,,,,,,,,,,,,,,,
UTG_BTN_BET,BBB,Combo draw,observed,8724.824332,0.0016408044833524317,0.1349749979262952,129,4,0.12184803816099458,0.8781519632663464,2.1268490443570207,2.144550873759164,0.01802982572242579,0.00032799632028166945,0.015413259763855621,-0.0022885696382884974,0.0624099999999999,0.00147999999999993,0.0,0.0,0.0,0.0,2.1422623113751698,,,,,,,,,,,,,,,,,,,,,
UTG_BTN_BET,BBB,OESD,observed,351.400206,6.608488738748031e-05,0.005436240349526582,8,3,0.09910997775606312,0.9008900222439369,2.2534100208487637,2.284375988861714,0.030965968012949846,0.0,0.027697412978373484,-0.0032685550345763637,0.0396900000000002,0.0,0.0,0.0,0.0,0.0,2.2811074338271378,,,,,,,,,,,,,,,,,,,,,
UTG_BTN_BET,BBB,Gutshot,observed,2548.4033920000006,0.00047925683679932976,0.039424374573248856,35,4,0.18609052941554546,0.8139094705844542,1.5712740207525286,1.5969962188605578,0.02668774744618458,0.0009655493381559583,0.022736452170880685,-0.002985745937147937,0.0594700000000001,0.0,0.0,0.0,0.0,0.0,1.5940104729234097,,,,,,,,,,,,,,,,,,,,,
UTG_BTN_BET,BBB,BDFD,observed,960.2016980000001,0.00018057707422515677,0.01485453658029881,51,4,0.7830157082815614,0.21698429171843853,1.0885658007823162,1.0707576312044054,0.005931985276222657,0.02374015485413356,0.002806431144206723,0.020614600722117626,0.0190299999999999,0.111506,0.0,0.0,0.0,0.0,1.0913722319265229,,,,,,,,,,,,,,,,,,,,,
UTG_BTN_BET,BBB,2 overcards + draw,no_rows,0.0,0.0,0.0,0,0,,,,,,,,,,,,,,,,,,,,,,,,,,,,,,,,,,,,
UTG_BTN_BET,BBB,2 overcards,no_rows,0.0,0.0,0.0,0,0,,,,,,,,,,,,,,,,,,,,,,,,,,,,,,,,,,,,
UTG_BTN_BET,BBB,A-high,no_rows,0.0,0.0,0.0,0,0,,,,,,,,,,,,,,,,,,,,,,,,,,,,,,,,,,,,
UTG_BTN_BET,BBB,Air / Nothing,observed,320.019688,6.0183416748641804e-05,0.004950776666728839,17,4,0.9999989033299725,1.0966700273765659e-06,0.8427822759969319,0.781857746681348,0.0,0.06092452931558386,-2.688125587135756e-08,0.06092450243432799,0.0,0.109458,0.0,0.0,0.0,0.0,0.842782249115676,,,,,,,,,,,,,,,,,,,,,
UTG_BTN_BET,BBx,Two pair+,observed,64342.076462000005,0.012100274287454223,0.0761983578724782,970,48,0.22919532050646707,0.7708046763194099,12.122708335490373,12.14174739233949,0.02126182385429463,0.0022227670051721943,0.015829052592342963,-0.0032100042567794747,0.0479999999999983,0.0122799999999987,0.0,0.0,0.0,0.0,12.13853736355403,,,,,,,,,,,,,,,,,,,,,
UTG_BTN_BET,BBx,Overpair,observed,40807.473,0.007674318943833069,0.04832704510806267,480,48,0.3834168392425818,0.6165831649426079,6.353201730206868,6.363225549332599,0.012797979845505228,0.00277416071977797,0.008238392329307478,-0.0017854267964197788,0.0358099999999997,0.0182599999999997,0.0,0.0,0.0,0.0,6.361440143637177,,,,,,,,,,,,,,,,,,,,,
UTG_BTN_BET,BBx,Top pair,observed,152848.07166,0.028744853960172748,0.1810133073859588,2106,48,0.4367154468021672,0.5632845494407686,4.931594370307971,4.955296277347872,0.024518025823606918,0.000816118783708178,0.015466999682110747,-0.008234907357787993,0.0556600000000005,0.00678000000000001,0.0,0.0,0.0,0.0,4.947061351344441,,,,,,,,,,,,,,,,,,,,,
UTG_BTN_BET,BBx,Second pair,observed,100953.865808,0.018985546221485364,0.11955658285276625,1629,48,0.525074401197938,0.47492560137164214,3.435919586003063,3.475576108326345,0.04046919143653306,0.0008126691132511219,0.02341899819135464,-0.0162375241319273,0.0798999999999994,0.00520000000000032,0.0,0.0,0.0,0.0,3.4593385934161915,,,,,,,,,,,,,,,,,,,,,
UTG_BTN_BET,BBx,Third pair,observed,20214.612108,0.0038015924348626475,0.023939548307372667,441,48,0.5174453695684804,0.482554621322094,2.2968658048968185,2.3167813267101276,0.02153732505631219,0.0016218032430019116,0.011287278969154543,-0.008628242844155736,0.0726200000000001,0.0106999999999999,0.0,0.0,0.0,0.0,2.308153055125468,,,,,,,,,,,,,,,,,,,,,
UTG_BTN_BET,BBx,Underpair,observed,16877.988,0.003174101543660575,0.019988086187285856,192,24,0.48067590145075356,0.5193241138952699,3.6836730297870814,3.7167428790499195,0.033074167310700765,4.318047862098545e-06,0.01892281665631431,-0.014147032606524357,0.0534100000000004,0.0,0.0,0.0,0.0,0.0,3.702595909224829,,,,,,,,,,,,,,,,,,,,,
UTG_BTN_BET,BBx,Weak pair,observed,112750.17240000001,0.021203978594062037,0.13352658880682572,2208,48,0.5927268608588852,0.4072731520135577,1.4859613435298764,1.5177821929369264,0.035460991622851844,0.003640142215799483,0.019566858915707506,-0.012253990491344855,0.08568,0.0151599999999998,0.0,0.0,0.0,0.0,1.5055282255444113,,,,,,,,,,,,,,,,,,,,,
UTG_BTN_BET,BBx,Combo draw,observed,48908.643332,0.009197838053827605,0.05792101393976815,771,48,0.309437548188688,0.6905624593618251,2.822723114348622,2.835203731763031,0.013533160423044454,0.0010525430086354222,0.008617276095946839,-0.003863341318462193,0.0341800000000001,0.00831999999999988,0.0,0.0,0.0,0.0,2.831340409865227,,,,,,,,,,,,,,,,,,,,,
UTG_BTN_BET,BBx,OESD,observed,23508.591384,0.004421063470434988,0.027840507454151384,464,47,0.4482725127381768,0.5517274799332748,3.451121180799772,3.456559428053842,0.006939197780074868,0.00150095052600281,0.0036306623446870122,-0.0018075849093850457,0.0208199999999996,0.00936000000000048,0.0,0.0,0.0,0.0,3.4547518217146465,,,,,,,,,,,,,,,,,,,,,
UTG_BTN_BET,BBx,Gutshot,observed,72585.371526,0.013650521602921684,0.08596064068761351,897,48,0.24669478238728398,0.7533052006012979,2.054426900058107,2.067730966300261,0.013870060949345007,0.0005659947071870836,0.010365384529477734,-0.0029386817126801894,0.0273300000000001,0.00232999999999994,0.0,0.0,0.0,0.0,2.0647922499355875,,,,,,,,,,,,,,,,,,,,,
UTG_BTN_BET,BBx,BDFD,observed,102748.486908,0.019323045549236743,0.12168189786189659,1731,48,0.47389447637770843,0.5261055209773821,0.8273876820058353,0.8384346968491878,0.01901581977871029,0.00796880493535725,0.013619894441752375,0.0025728795983993346,0.059267,0.0425610000000001,0.0,0.0,0.0,0.0,0.8410075744201079,,,,,,,,,,,,,,,,,,,,,
UTG_BTN_BET,BBx,2 overcards + draw,observed,53717.22,0.01010214670866899,0.06361566456270709,624,24,0.5624687915878,0.43753121475506374,2.431195527646815,2.4364784838498714,0.007082862999239343,0.001799906796181924,0.003177301431902671,-0.002105654771154748,0.0235999999999996,0.0104100000000003,0.0,0.0,0.0,0.0,2.4343728484710856,,,,,,,,,,,,,,,,,,,,,
UTG_BTN_BET,BBx,2 overcards,no_rows,0.0,0.0,0.0,0,0,,,,,,,,,,,,,,,,,,,,,,,,,,,,,,,,,,,,
UTG_BTN_BET,BBx,A-high,observed,27847.2117,0.0052369913785702904,0.03297860310928027,326,48,0.9010298747681155,0.09897012521475528,0.4979430728485824,0.4108475803442934,0.0034752625880996187,0.09057075509238866,0.0017277298277571336,0.08882322233204618,0.025896,0.2608478,0.0,0.0,0.0,0.0,0.4996708033708986,,,,,,,,,,,,,,,,,,,,,
UTG_BTN_BET,BBx,Air / Nothing,observed,6292.618316,0.0011833999117953162,0.007452155863832915,251,48,0.950412205587977,0.049587792435993344,0.5050741898830259,0.3826289662960015,0.0011851604806023951,0.12363038406762664,0.0005639562874256278,0.12300917987444987,0.00654099999999991,0.2730039,0.0,0.0,0.0,0.0,0.5056381453454184,,,,,,,,,,,,,,,,,,,,,
UTG_BTN_BET,K/Qx dis,Two pair+,observed,28029.463846,0.005271266009998755,0.035199880815033766,446,42,0.4399507596201304,0.560049233600734,16.404666309101312,16.39186114516585,0.010497624467931085,0.023302788403393934,-0.0012619985712762696,0.01154316536418658,0.0465000000000018,0.0883000000000003,0.0,0.0,0.0,0.0,16.40340418985696,,,,,,,,,,,,,,,,,,,,,
UTG_BTN_BET,K/Qx dis,Overpair,observed,33085.125,0.006222041770304794,0.04154886669074441,378,42,0.5233785293347086,0.4766214657526306,8.37276811087732,8.351909156835585,0.0038456816085778466,0.024704635650311196,-0.004817576673961859,0.01604137736777149,0.0256299999999996,0.0569599999999992,0.0,0.0,0.0,0.0,8.367950493335208,,,,,,,,,,,,,,,,,,,,,
UTG_BTN_BET,K/Qx dis,Top pair,observed,164031.84864,0.03084809302967402,0.20599400522681188,2298,42,0.5374703267718336,0.4625296692345739,5.926594270110115,5.933332563034568,0.01814980526118271,0.011411512336728241,0.009013752668670024,0.002275459744215556,0.0559799999999999,0.0456200000000013,0.0,0.0,0.0,0.0,5.935608004990197,,,,,,,,,,,,,,,,,,,,,
UTG_BTN_BET,K/Qx dis,Second pair,observed,24583.585622000002,0.00462322861418684,0.030872487916819992,558,42,0.5571259158342766,0.4428741026543654,3.3018054472015774,3.3090202459029863,0.021577267625837344,0.014362468924423524,0.0082233298649702,0.0010085311635563785,0.0768099999999992,0.0638900000000002,0.0,0.0,0.0,0.0,3.3100288431468705,,,,,,,,,,,,,,,,,,,,,
UTG_BTN_BET,K/Qx dis,Third pair,observed,13886.043704,0.002611431691751683,0.017438331537793696,246,42,0.7211202527251039,0.2788797357079731,2.194146500493691,2.2128590182749996,0.02549560893128671,0.006783091149978701,0.011241395574122754,-0.007471122207185255,0.0799099999999999,0.03871,0.0,0.0,0.0,0.0,2.2053878674373033,,,,,,,,,,,,,,,,,,,,,
UTG_BTN_BET,K/Qx dis,Underpair,observed,95009.87460000001,0.0178677096838117,0.11931502794865498,1050,42,0.6200855430559307,0.3799144602323332,2.997641003113081,3.011154854683105,0.023999824502578607,0.010485972932554526,0.010282079974943618,-0.003231771595080462,0.0656699999999999,0.0455800000000002,0.0,0.0,0.0,0.0,3.0079230958570298,,,,,,,,,,,,,,,,,,,,,
UTG_BTN_BET,K/Qx dis,Weak pair,observed,36375.42394,0.00684082067597523,0.04568088045919043,1092,42,0.7271815093827941,0.27281848733797487,1.3789707943631204,1.3720160306541915,0.016586919170042257,0.02354168287897293,0.005829761626696994,0.012784525335627668,0.0554300000000003,0.086284,0.0,0.0,0.0,0.0,1.3848005549063729,,,,,,,,,,,,,,,,,,,,,
UTG_BTN_BET,K/Qx dis,Combo draw,observed,18380.655006,0.0034566955153681276,0.023082741399129,342,38,0.5703033816707608,0.4296966139049088,3.1850648621501145,3.179773613031921,0.003999609440554869,0.009290858558751837,0.00042175648520052095,0.005713005603397489,0.0171300000000003,0.0279700000000003,0.0,0.0,0.0,0.0,3.1854866073787083,,,,,,,,,,,,,,,,,,,,,
UTG_BTN_BET,K/Qx dis,OESD,observed,875.0748520000001,0.00016456798278039711,0.0010989339883156221,23,17,0.698224405945831,0.3017755940541689,4.354834495156421,4.341985413955925,0.0024381889310881497,0.015287270131584192,-0.0022644094424357857,0.010584671758060257,0.0213000000000001,0.0358600000000004,0.0,0.0,0.0,0.0,4.352570085713986,,,,,,,,,,,,,,,,,,,,,
UTG_BTN_BET,K/Qx dis,Gutshot,observed,17604.908246,0.0033108073331745095,0.02210854533013978,379,35,0.6263001036631086,0.373699895720312,2.146314703553125,2.1460728191374807,0.00625255350000193,0.00649443791564763,0.0020380961987127204,0.002279980614358421,0.0242300000000002,0.0212800000000002,0.0,0.0,0.0,0.0,2.148352796605228,,,,,,,,,,,,,,,,,,,,,
UTG_BTN_BET,K/Qx dis,BDFD,observed,144283.09731,0.027134111121290046,0.18119318502985537,2061,42,0.5799274439980604,0.42007254957016654,0.8675336309962618,0.8667649278984066,0.009116047775616034,0.009884750873471395,0.004091599314458817,0.004860302412314179,0.03423,0.0389600000000001,0.0,0.0,0.0,0.0,0.8716252244084706,,,,,,,,,,,,,,,,,,,,,
UTG_BTN_BET,K/Qx dis,2 overcards + draw,observed,5577.293,0.0010488746834484842,0.007004060082959394,63,21,0.9306552404630702,0.06934475953692948,1.5727476621185226,1.5368955777453328,0.0,0.03585208437318963,-0.002305985239359289,0.033546099133830345,0.0,0.0584500000000001,0.0,0.0,0.0,0.0,1.5704416768791631,,,,,,,,,,,,,,,,,,,,,
UTG_BTN_BET,K/Qx dis,2 overcards,no_rows,0.0,0.0,0.0,0,0,,,,,,,,,,,,,,,,,,,,,,,,,,,,,,,,,,,,
UTG_BTN_BET,K/Qx dis,A-high,observed,165425.8199,0.031110245504731144,0.2077445782124805,1878,42,0.7921769539598976,0.2078230497230106,0.647744036630612,0.621126272217741,0.010141438115272116,0.03675920252814303,0.0032934919951420807,0.029911256408012992,0.051351,0.22158,0.0,0.0,0.0,0.0,0.6510375312283295,,,,,,,,,,,,,,,,,,,,,
UTG_BTN_BET,K/Qx dis,Air / Nothing,observed,49146.06907,0.00924248871962323,0.06171847536207123,1062,42,0.8122746717791436,0.18772533240459072,0.5498193750925674,0.5154507700888132,0.005024235388445974,0.03939284039219977,0.0019594014641134755,0.03632800646786727,0.027806,0.259524,0.0,0.0,0.0,0.0,0.5517787786588066,,,,,,,,,,,,,,,,,,,,,
UTG_BTN_BET,K/Qx con,Two pair+,observed,9834.88207,0.001849563725256038,0.036993659257323855,170,14,0.5406395216841163,0.459360476365286,15.161766116880036,15.131566326615648,0.007543292975347297,0.03774308323973627,-0.006926460412291494,0.023273329852097478,0.0405000000000015,0.113499999999998,0.0,0.0,0.0,0.0,15.1548396323305,,,,,,,,,,,,,,,,,,,,,
UTG_BTN_BET,K/Qx con,Overpair,observed,11032.787999999999,0.002074843839305956,0.04149955200533396,126,14,0.6103353076375619,0.38966468380784625,7.954894618930412,7.931115205882685,0.005223178940808072,0.029002591988534512,-0.0030207424117297856,0.020758670635996655,0.0274100000000006,0.0784699999999994,0.0,0.0,0.0,0.0,7.951873793737092,,,,,,,,,,,,,,,,,,,,,
UTG_BTN_BET,K/Qx con,Top pair,observed,55064.17267,0.010355456792138933,0.20712248774737213,768,14,0.6098203931789568,0.39017961267051365,5.683494358921461,5.679935445325415,0.012190007101407005,0.015748920697453216,0.0045405251993068385,0.00809943879535305,0.0487099999999998,0.0548299999999999,0.0,0.0,0.0,0.0,5.688034908552708,,,,,,,,,,,,,,,,,,,,,
UTG_BTN_BET,K/Qx con,Second pair,observed,6174.636033999999,0.0011612119742626672,0.02322573670471979,120,14,0.6739642800000079,0.326035704427499,2.755663673265776,2.7525999341114518,0.015821851933357212,0.01888559108768028,0.004488250505126102,0.007551989659449169,0.0502899999999999,0.07959,0.0,0.0,0.0,0.0,2.7601518918455032,,,,,,,,,,,,,,,,,,,,,
UTG_BTN_BET,K/Qx con,Third pair,observed,4854.563217999999,0.0009129569593278325,0.01826031631610907,96,14,0.7447659375310896,0.25523408626003163,2.3967971232995526,2.4063629361095824,0.01933711208640809,0.00977129927637909,0.007409199756776386,-0.0021566130532526123,0.0732199999999996,0.0396799999999999,0.0,0.0,0.0,0.0,2.4042063951425825,,,,,,,,,,,,,,,,,,,,,
UTG_BTN_BET,K/Qx con,Underpair,observed,39156.94639999999,0.007363918259289813,0.14728785992234006,462,14,0.6919743733105114,0.3080256225929483,2.6922374704881236,2.6973446025401,0.017854873735915204,0.01274774168393785,0.006402017725657148,0.001294885673679795,0.05321,0.0506699999999998,0.0,0.0,0.0,0.0,2.698639489505961,,,,,,,,,,,,,,,,,,,,,
UTG_BTN_BET,K/Qx con,Weak pair,observed,4729.634480000001,0.000889462660117917,0.017790400039317415,252,12,0.8455817522318914,0.1544182579768406,1.1519223312604163,1.11843091175994,0.0045306170014981694,0.038022036501975096,0.00042879946835834484,0.03392021896883527,0.0313399999999999,0.158823,0.0,0.0,0.0,0.0,1.152351144674977,,,,,,,,,,,,,,,,,,,,,
UTG_BTN_BET,K/Qx con,Combo draw,observed,8388.52729,0.0015775599212552976,0.03155323246667281,177,14,0.6000421506411089,0.3999578508635278,3.25024637303109,3.2425695133920494,0.005454727344220163,0.013131586983259363,0.0006369323573928711,0.008313791996432071,0.02393,0.0407000000000002,0.0,0.0,0.0,0.0,3.2508833103626475,,,,,,,,,,,,,,,,,,,,,
UTG_BTN_BET,K/Qx con,OESD,observed,587.5678,0.00011049894460081663,0.00221012136485897,19,14,0.5282330532939348,0.4717669467060652,4.567347248538807,4.5583012499766,0.007578379283207803,0.01662437784541629,0.0006128283741900437,0.009658826936398529,0.0288599999999999,0.06149,0.0,0.0,0.0,0.0,4.567960076912997,,,,,,,,,,,,,,,,,,,,,
UTG_BTN_BET,K/Qx con,Gutshot,observed,6242.535400000001,0.0011739812381366657,0.02348113844636898,112,14,0.7437056370105228,0.2562943662099313,1.561299367439515,1.5387946579570724,0.004910996970272671,0.027415706452714683,-0.0023637913828903692,0.020140918099551642,0.02677,0.053986,0.0,0.0,0.0,0.0,1.5589355709618422,,,,,,,,,,,,,,,,,,,,,
UTG_BTN_BET,K/Qx con,BDFD,observed,46744.994912,0.008790938855305793,0.17583011178494645,645,14,0.6547625211370578,0.3452374720726782,0.8584562370417604,0.8467420664848765,0.008298044633332788,0.020012215190216304,0.002674986997193197,0.014389157554076713,0.03315,0.075736,0.0,0.0,0.0,0.0,0.861131219045376,,,,,,,,,,,,,,,,,,,,,
UTG_BTN_BET,K/Qx con,2 overcards + draw,observed,1859.689,0.0003497361015796783,0.00699517296709114,21,7,0.9416111123327611,0.05838888766723898,1.5307179031332656,1.4876230669375363,0.0,0.04309483619572951,-0.002031290301998761,0.04106354589373075,0.0,0.0759299999999998,0.0,0.0,0.0,0.0,1.5286866128312668,,,,,,,,,,,,,,,,,,,,,
UTG_BTN_BET,K/Qx con,2 overcards,no_rows,0.0,0.0,0.0,0,0,,,,,,,,,,,,,,,,,,,,,,,,,,,,,,,,,,,,
UTG_BTN_BET,K/Qx con,A-high,observed,52255.221,0.009827200827517146,0.1965566873431919,592,14,0.8112329173073448,0.18876708098574504,0.6548117386193408,0.6185366598038993,0.008161120347955284,0.04443619916339748,0.00211978623698252,0.03839486505242472,0.046444,0.20984,0.0,0.0,0.0,0.0,0.6569315222775246,,,,,,,,,,,,,,,,,,,,,
UTG_BTN_BET,K/Qx con,Air / Nothing,observed,18927.024878,0.0035594467114304085,0.07119352363435341,398,14,0.8600753153040797,0.13992469222421078,0.5238244720096119,0.48456795179970713,0.003358811967744272,0.042615332177648915,0.0009347489351389749,0.04019126914504362,0.024522,0.241653,0.0,0.005377611994281651,0.0,0.0,0.5247592250504022,,,,,,,,,,,,,,,,,,,,,
UTG_BTN_BET,[J-8]x dis,Two pair+,observed,39326.462252,0.0073957976828033355,0.029746503554828285,691,67,0.7639417832431803,0.23605821449235007,16.334283203450212,16.233065014439674,0.00036466183334634393,0.10158285084386309,-0.01915964120118895,0.0820585478093278,0.0,0.218200000000001,0.0,0.0036741342019050226,0.0,0.0,16.31512354011661,,,,,,,,,,,,,,,,,,,,,
UTG_BTN_BET,[J-8]x dis,Overpair,observed,152412.49800000002,0.02866293927777199,0.11528468755988064,1692,67,0.8649188581663415,0.13508115381106728,6.864890402234012,6.816445134586081,1.1511672093978477e-05,0.048456779320026705,-0.00705466067567559,0.04139060697225714,0.0,0.0982000000000003,0.0,0.0,0.0,0.0,6.8578358217949384,,,,,,,,,,,,,,,,,,,,,
UTG_BTN_BET,[J-8]x dis,Top pair,observed,140103.62165,0.026348112212883554,0.10597426365866645,2190,67,0.7933525646607005,0.20664743152252554,5.047029096794892,5.006314779663845,0.00047701971960536555,0.0411913368506546,-0.00768766412463062,0.03302665300641861,0.000310000000000699,0.08744,0.0,0.0,0.0,0.0,5.039341411925036,,,,,,,,,,,,,,,,,,,,,
UTG_BTN_BET,[J-8]x dis,Second pair,observed,41092.36178,0.007727895585573161,0.031082228498773633,882,67,0.8181471680301122,0.18185283254489076,3.2980276659870476,3.254299294461511,0.0023744522374469375,0.04610282376298548,-0.006264614623471073,0.03746375690206747,0.0204500000000003,0.11894,0.0,0.0,0.0,0.0,3.291763056651098,,,,,,,,,,,,,,,,,,,,,
UTG_BTN_BET,[J-8]x dis,Third pair,observed,22506.12794,0.00423253858434882,0.017023616578645664,390,67,0.8708173884389024,0.12918261361211666,2.1486163071080395,2.1094105135457815,0.0023534293420976607,0.04155922290435535,-0.0027940989320182404,0.036411694630239445,0.0150399999999995,0.13678,0.0,0.0,0.0,0.0,2.145822212241012,,,,,,,,,,,,,,,,,,,,,
UTG_BTN_BET,[J-8]x dis,Underpair,observed,64612.4347,0.012151118292117406,0.048872792222542594,726,52,0.8490604082177368,0.15093959367621576,2.613969842052508,2.589070576943776,0.0002560953935078986,0.025155360502240907,-0.0032132375174459956,0.021686027591287012,0.00105000000000022,0.0523199999999999,0.0,0.0,0.0,0.0,2.61075661082646,,,,,,,,,,,,,,,,,,,,,
UTG_BTN_BET,[J-8]x dis,Weak pair,observed,48487.17808,0.009118576621305404,0.03667566143829683,1602,67,0.9113560552214436,0.0886439385937973,1.6805496764577565,1.6369721143380924,0.00025504704480009484,0.04383260916446407,-0.001747197671044885,0.04183036444861909,0.0,0.1418,0.0,0.0,0.0,0.0,1.6788024707174238,,,,,,,,,,,,,,,,,,,,,
UTG_BTN_BET,[J-8]x dis,Combo draw,observed,30240.53918,0.005687084390175303,0.022873918850202353,678,67,0.816712473165669,0.18328751562965298,3.0143767228351694,2.976914363908911,0.00034027342172938073,0.037802632347989064,-0.005482749120048853,0.031979609806210826,0.0,0.084738,0.0,0.0,0.0,0.0,3.0088939526502885,,,,,,,,,,,,,,,,,,,,,
UTG_BTN_BET,[J-8]x dis,OESD,observed,3085.333654,0.0005802328046369817,0.0023337438266996637,160,50,0.8200164183097155,0.17998356728194043,4.025416975997185,3.9999876114721746,0.0009753316171554321,0.026404696142163234,-0.00341151275176542,0.02201785177324238,0.00626000000000015,0.06548,0.0,0.0,0.0,0.0,4.022005392557601,,,,,,,,,,,,,,,,,,,,,
UTG_BTN_BET,[J-8]x dis,Gutshot,observed,10638.17052,0.0020006314419263966,0.008046703391784397,282,63,0.8407507661301621,0.15924923052467754,1.8877007335444276,1.852948406822343,0.001307637315349229,0.03605996403743204,-0.0019070050686109767,0.03284532165347183,0.00731999999999999,0.10917,0.0,0.0,0.0,0.0,1.885793732060803,,,,,,,,,,,,,,,,,,,,,
UTG_BTN_BET,[J-8]x dis,BDFD,observed,141576.00584,0.02662501114955423,0.1070879738434589,2046,67,0.8562843644321058,0.14371563242176139,0.582663437820436,0.5357137080723825,0.0006451458792407478,0.0475948756272932,-0.00243604599052536,0.04451368375752709,0.00438,0.177557,0.0,0.0,0.0,0.0,0.5802273891933007,,,,,,,,,,,,,,,,,,,,,
UTG_BTN_BET,[J-8]x dis,2 overcards + draw,observed,298604.755,0.05615609003809505,0.22586438996669223,4028,67,0.9248572997938466,0.07514270264330734,1.0018057150369928,0.952438763366459,5.348794999932241e-05,0.049420439620532754,-0.002080332423275811,0.04728661924725762,0.0,0.157601,0.0,0.0,0.0,0.0,0.999725388207112,,,,,,,,,,,,,,,,,,,,,
UTG_BTN_BET,[J-8]x dis,2 overcards,observed,20931.279000000002,0.00393636996214775,0.015832402141612367,248,10,0.9998434139743203,0.00015658156536922565,0.30437364163993036,0.14402352916578726,0.0,0.16035011247414313,-5.784917877342631e-06,0.1603443275562658,0.0,0.2872621,0.0,0.0,0.0,0.0,0.3043678554594818,,,,,,,,,,,,,,,,,,,,,
UTG_BTN_BET,[J-8]x dis,A-high,observed,285979.16209999996,0.05378170074989789,0.2163144019287378,3232,67,0.9017222607131552,0.09827774172983711,0.6554114962909517,0.5681646864204594,0.00027871968713625385,0.08752552955762885,-0.00434528481355397,0.08290152505693862,0.0,0.3704123,0.0,0.022929359789183056,0.0,0.0,0.6510662140184339,,,,,,,,,,,,,,,,,,,,,
UTG_BTN_BET,[J-8]x dis,Air / Nothing,observed,22457.338834,0.004223363226677728,0.01698671253917814,638,61,0.9474276196596508,0.05257238338418998,0.46529394318569595,0.2758849338557619,0.000588138309966329,0.1899971476399002,-0.0004870516968017987,0.18892195763313208,0.00134999999999996,0.4972277,0.0,0.04774515840570854,0.0,0.0,0.46480689252108187,,,,,,,,,,,,,,,,,,,,,
UTG_BTN_BET,[J-8]x con,Two pair+,observed,17588.555050000003,0.0033077319248576314,0.03545272989155652,351,25,0.8081111593085164,0.1918888520652622,14.926487593232064,14.823770983265918,0.00029226777500521606,0.1030088777411582,-0.015681651227824184,0.08703495873832881,0.0,0.296400000000002,0.0,0.009493150490494668,0.0,0.0,14.910806099250074,,,,,,,,,,,,,,,,,,,,,
UTG_BTN_BET,[J-8]x con,Overpair,observed,59082.399000000005,0.011111130892442275,0.11909064315616813,654,25,0.8841699393990757,0.11583006807653495,6.478439354950024,6.425850605980978,8.354595621616377e-05,0.05267229492526194,-0.0070109958689220965,0.04557775310012368,0.0,0.113189999999999,0.0,0.0,0.0,0.0,6.471428414698202,,,,,,,,,,,,,,,,,,,,,
UTG_BTN_BET,[J-8]x con,Top pair,observed,49287.493002,0.009269085131522074,0.09934734101036276,783,25,0.8169757287752102,0.1830242791379213,4.799518032242327,4.746471953081961,0.00010244227809669744,0.053148521438466836,-0.00920698979421909,0.04383908936615105,0.0,0.1073,0.0,3.9810099489547575e-06,0.0,0.0,4.790311077549884,,,,,,,,,,,,,,,,,,,,,
UTG_BTN_BET,[J-8]x con,Second pair,observed,11471.622277999999,0.0021573717187671204,0.02312300952998957,213,25,0.8430285294536592,0.15697147151360857,2.6641476586832313,2.602101387824377,0.0010425042768305933,0.0630887751356853,-0.007070583295251755,0.05497568756360295,0.0112400000000004,0.180839999999999,0.0,0.0,0.0,0.0,2.6570770811114923,,,,,,,,,,,,,,,,,,,,,
UTG_BTN_BET,[J-8]x con,Third pair,observed,9318.635714,0.0017524776060166627,0.01878329822927972,171,25,0.8692680851753108,0.13073191652165445,2.2477248641701597,2.1913852979438193,0.0016715326428093573,0.05801109886914933,-0.003667805798504583,0.05267176042783539,0.0101800000000001,0.17953,0.0,0.0,0.0,0.0,2.244057062794951,,,,,,,,,,,,,,,,,,,,,
UTG_BTN_BET,[J-8]x con,Underpair,observed,34475.0643,0.006483435988485569,0.06949036684067704,444,22,0.8843488316851873,0.11565116507155576,2.628429855933234,2.5980888207979924,7.913086125846843e-06,0.030348948221367078,-0.0033347540413490376,0.027006281093892193,0.0,0.06728,0.0,0.0,0.0,0.0,2.6250951007396006,,,,,,,,,,,,,,,,,,,,,
UTG_BTN_BET,[J-8]x con,Weak pair,observed,6444.814249999999,0.0012120221236992625,0.012990621353316021,402,21,0.9467196952903371,0.05328027720314668,1.3064396888568097,1.2374688710121602,0.0029613729508806263,0.07193219079552941,-0.0003387876056559955,0.0686320302389928,0.0357099999999999,0.24902,0.0,0.0,0.0,0.0,1.3061008679993258,,,,,,,,,,,,,,,,,,,,,
UTG_BTN_BET,[J-8]x con,Combo draw,observed,19522.30897,0.003671396794303662,0.039350540439814057,345,25,0.8766449075614382,0.12335508531090067,2.5441719024439404,2.504689632146331,0.0012986619719736938,0.04078093226958595,-0.0037700133332512374,0.03571225696436102,0.00641999999999987,0.10652,0.0,0.0,0.0,0.0,2.540401870679216,,,,,,,,,,,,,,,,,,,,,
UTG_BTN_BET,[J-8]x con,OESD,observed,2916.7189,0.0005485228430612684,0.0058791439681850285,59,23,0.8218631081191268,0.17813685346373284,2.664099732983525,2.6208878081658815,0.0009388860098928189,0.04415081082753642,-0.004195744198007203,0.039016180619636395,0.00367999999999991,0.18968,0.0,0.0,0.0,0.0,2.6599039007158627,,,,,,,,,,,,,,,,,,,,,
UTG_BTN_BET,[J-8]x con,Gutshot,observed,6321.14635,0.0011887649397096032,0.012741347627163287,116,25,0.9248635599793273,0.07513642647423756,1.4889003312253766,1.423309337634771,0.00010475187226127828,0.06569574546286691,-0.0020058347275871383,0.06358515886301849,0.0,0.2809291,0.0,0.0,0.0,0.0,1.4868944832887552,,,,,,,,,,,,,,,,,,,,,
UTG_BTN_BET,[J-8]x con,BDFD,observed,42532.509174,0.00799873201858841,0.0857315200179546,642,24,0.8721546068939848,0.12784539422546404,0.5640561219300214,0.4918232942372302,0.0003926083880126179,0.07262543608080367,-0.0034402426587979416,0.06879258503399312,0.0,0.2807247,0.0,0.0,0.0,0.0,0.560615877329189,,,,,,,,,,,,,,,,,,,,,
UTG_BTN_BET,[J-8]x con,2 overcards + draw,observed,120663.2481,0.022692124325322954,0.2432173382387753,1628,25,0.9280079072117039,0.07199209317894999,0.7863800439891775,0.7216175756805218,0.00030897682316741816,0.06507144513182243,-0.0020984374341897353,0.06266403087446527,0.0,0.2433931,0.0,0.000746407886561774,0.0,0.0,0.7842816064326653,,,,,,,,,,,,,,,,,,,,,
UTG_BTN_BET,[J-8]x con,2 overcards,observed,12508.033,0.002352280784502122,0.0252120719503718,158,5,0.9997255896410729,0.0002744026732260781,0.2660735663576758,0.061447389725849025,0.0,0.20462617663182694,-1.2370446192423133e-05,0.20461380618563452,0.0,0.4640538,0.0,0.0,0.0,0.0,0.26606119321916777,,,,,,,,,,,,,,,,,,,,,
UTG_BTN_BET,[J-8]x con,A-high,observed,96170.6047,0.018085998451535863,0.19384824178247406,1081,25,0.9095704005955052,0.09042959775744236,0.6203989762147759,0.5087652952442143,0.0002615983489807464,0.11189527931954267,-0.005196628775425001,0.10643705219513692,0.0,0.4297578,0.0,0.032928504607811826,0.0,0.0026152346736777873,0.6152023473918452,,,,,,,,,,,,,,,,,,,,,
UTG_BTN_BET,[J-8]x con,Air / Nothing,observed,7809.70238,0.0014687051785963862,0.015741785963912142,239,19,0.9728725469860795,0.027127454331253787,0.46139467343483637,0.2652458274263937,0.00017193147647196123,0.1963207774849144,-0.0005043109592528489,0.19564453504918958,0.0,0.4684231,0.0,0.02797520178995605,0.0,0.0,0.4608903633400751,,,,,,,,,,,,,,,,,,,,,
UTG_BTN_BET,[7-4]x,Two pair+,observed,9229.648952000001,0.0017357426125666406,0.021576533816039706,252,20,0.9558306072054442,0.04416938639390929,16.910151968263573,16.744074464197553,0.0,0.16607750406600758,-0.01049475431685639,0.15558274974915118,0.0,0.437299999999997,0.0,0.024525523470851938,0.0,0.0,16.89965712642762,,,,,,,,,,,,,,,,,,,,,
UTG_BTN_BET,[7-4]x,Overpair,observed,87384.93239999999,0.016433750801547846,0.20428338702225252,930,20,0.982268748054372,0.017731259379002516,5.767332850731704,5.730322667230236,0.0,0.037010183501463685,-0.0010101275126396627,0.036000055988824026,0.0,0.0850999999999988,0.0,0.0,0.0,0.0,5.766322782959383,,,,,,,,,,,,,,,,,,,,,
UTG_BTN_BET,[7-4]x,Top pair,observed,9829.294805999998,0.0018485129754103073,0.022978350842208974,225,20,0.9698885841873274,0.030111411043724685,3.887323512969142,3.828557086206092,0.0,0.058766426763051376,-0.0027782588541410413,0.055988167908910334,0.0,0.15375,0.0,0.0,0.0,0.0,3.8845452286724105,,,,,,,,,,,,,,,,,,,,,
UTG_BTN_BET,[7-4]x,Second pair,observed,8155.479837999999,0.0015337326429600785,0.019065404050118955,144,20,0.9728904575318279,0.02710956296532948,2.994241195120999,2.9449495077551666,0.0,0.04929168736583418,-0.0017132939827470548,0.04757839338308713,0.0,0.12585,0.0,0.0,0.0,0.0,2.9925279732190253,,,,,,,,,,,,,,,,,,,,,
UTG_BTN_BET,[7-4]x,Third pair,observed,5430.4902,0.0010212667129905308,0.012695082559188999,69,20,0.9702163776902494,0.029783622808950094,2.291975300148227,2.2377831492381666,0.0,0.05419215091005965,-0.0019506521787722474,0.0522414987312874,0.0,0.1319,0.0,0.0,0.0,0.0,2.290024663521745,,,,,,,,,,,,,,,,,,,,,
UTG_BTN_BET,[7-4]x,Underpair,observed,3413.0505000000003,0.0006418637612872753,0.007978829954647795,90,10,0.9882141936634109,0.011785799432238108,3.672602267579106,3.618793160335305,0.0,0.05380910724379838,-0.0004077837193675302,0.053401323524430847,0.0,0.14923,0.0,0.0,0.0,0.0,3.6721944530679185,,,,,,,,,,,,,,,,,,,,,
UTG_BTN_BET,[7-4]x,Weak pair,observed,1715.44564,0.00032260946352075863,0.004010268543639174,180,16,0.9997356611030823,0.00026434958623346416,3.0214200237956597,2.85107043832946,0.0,0.17034958546619988,-2.385456554244272e-05,0.17032573090065745,0.0,0.322580000000001,0.0,0.0,0.0,0.0,3.0213962583151033,,,,,,,,,,,,,,,,,,,,,
UTG_BTN_BET,[7-4]x,Combo draw,observed,10584.398768,0.0019905190398421826,0.02474358874621269,150,16,0.9795378545020983,0.020462168126426733,3.088996849402335,3.0464066808669106,0.0,0.042590168535424605,-0.0008997172576421706,0.04169045127778243,0.0,0.0840800000000002,0.0,0.0,0.0,0.0,3.088097199956591,,,,,,,,,,,,,,,,,,,,,
UTG_BTN_BET,[7-4]x,OESD,observed,1058.596906,0.00019908143514789253,0.002474725968306146,17,12,0.9904570329730003,0.009542967026999794,3.9007691395916098,3.857852539007421,0.0,0.042916600584188905,-0.00042199627221580643,0.0424946043119731,0.0,0.0869499999999999,0.0,0.0,0.0,0.0,3.900347143319394,,,,,,,,,,,,,,,,,,,,,
UTG_BTN_BET,[7-4]x,Gutshot,observed,2454.98517,0.0004616884558610196,0.0057391208283065565,33,15,0.9818293819447627,0.01817061805523738,1.6763318072503473,1.6176082384335218,0.0,0.05872356881682507,-0.000703683744432173,0.0580198850723929,0.0,0.163342,0.0,0.0,0.0,0.0,1.675628123505915,,,,,,,,,,,,,,,,,,,,,
UTG_BTN_BET,[7-4]x,BDFD,observed,3157.469834,0.0005937988505597408,0.007381348413220371,48,7,0.9792947237790781,0.0207052612488389,0.48121166885443506,0.4082384749871489,3.385196642230249e-07,0.07297353238695044,-0.0005704008266343769,0.07240279304065184,0.0,0.2125723,0.0,0.0,0.0,0.0,0.4806412608867498,,,,,,,,,,,,,,,,,,,,,
UTG_BTN_BET,[7-4]x,2 overcards + draw,observed,128039.735572,0.024079358412209855,0.2993238094681155,1750,20,0.985197224738089,0.014802780761180705,0.9000309557290472,0.8545853414988163,3.24194439810115e-06,0.045448856174628655,-0.0007795043975195404,0.044666109832711014,0.0,0.13217,0.0,0.0,0.0,0.0,0.899251453001593,,,,,,,,,,,,,,,,,,,,,
UTG_BTN_BET,[7-4]x,2 overcards,observed,77379.02475200001,0.014552023731280828,0.1808921610016291,1244,20,0.9995727445300036,0.00042724922853044255,0.2618744290845178,0.09145115760383844,0.0,0.17042327148067915,-1.5096516826203849e-05,0.17040817496385294,0.0,0.3351897,0.0,0.0,0.0,0.0,0.2618593307474765,,,,,,,,,,,,,,,,,,,,,
UTG_BTN_BET,[7-4]x,A-high,observed,79668.8579,0.01498265343251014,0.18624519908659382,871,16,0.9750918058548327,0.02490819877924973,0.6079484307560331,0.5095571358757643,0.0,0.09839129488026842,-0.0025524350220536038,0.09583885985821482,0.0,0.2738966,0.0,0.008729319314115584,0.0,0.0,0.6053960017136903,,,,,,,,,,,,,,,,,,,,,
UTG_BTN_BET,[7-4]x,Air / Nothing,observed,261.872276,4.9248121013802596e-05,0.0006121896995197096,7,4,0.9999999702627399,2.973726015960544e-08,0.38761032174912624,0.14327101803263817,0.0,0.2443393037164881,-3.0545221518141917e-09,0.24433930066196594,0.0,0.4098652,0.0,0.0,0.0,0.0,0.38761031869460405,,,,,,,,,,,,,,,,,,,,,
BTN_DEF33,ABB,Two pair+,observed,7907.791899999999,0.005196762826331728,0.14051704553141947,163,6,,,,,,,,,,,,,,,9.140240446088225,0.0,0.8389998961691826,0.16100010200886797,0.0,9.134983533349434,9.132352169623102,9.152956406467647,0.017972873118221495,0.020604236844548193,9.140240400438365,0.005256867088940504,0.007888230815267202,19.0764,0.0845000000000002,0.0910799999999998,0.9999999999999999,0.0,0.0,0.9999999999999999,0.0,0.0
BTN_DEF33,ABB,Overpair,no_rows,0.0,0.0,0.0,0,0,,,,,,,,,,,,,,,,,,,,,,,,,,,,,,,,,,,,
BTN_DEF33,ABB,Top pair,observed,9939.92182,0.006532217446291121,0.17662685925760008,252,6,,,,,,,,,,,,,,,2.8168986230404456,0.0,0.9916362208963965,0.008363779103603653,0.0,2.816868024527169,2.4785154232277216,2.817544501769924,0.0006764772427556227,0.3390290785422024,2.816898623040445,3.059851327685641e-05,0.33838319981272363,4.02016,0.0,0.916741,1.0000000000000004,0.0,0.30752155151256505,1.0000000000000004,0.0,0.03770022307881693
BTN_DEF33,ABB,Second pair,observed,4525.0858100000005,0.0029737501973678897,0.08040824756622013,93,6,,,,,,,,,,,,,,,1.9889518797059476,0.0,0.9600785598604594,0.03992140866223705,0.0,1.9887184293305515,1.9203433210191965,1.9902125587862984,0.0014941294557461629,0.06986923776710215,1.9889519496972667,0.00023352036671451496,0.0686086286780705,2.61062,0.01003,0.349107,0.9905743444896129,0.0,0.011421794452114489,0.9586480283784937,0.0,0.0
BTN_DEF33,ABB,Third pair,observed,2957.12128,0.0019433311011710483,0.05254639358221977,60,6,,,,,,,,,,,,,,,1.4907173560842055,5.17122043435432e-06,0.9221274314963167,0.07786741488367703,0.0,1.4902632016586377,1.4787082173219863,1.4936926459878441,0.0034294443292058577,0.014984428665857787,1.4907173217179406,0.00045412005930239255,0.012009104395954321,2.19559,0.0233099999999997,0.0628499999999999,0.9239868376314957,0.0,0.0,0.769270389884043,0.0,0.0
BTN_DEF33,ABB,Underpair,observed,98.7153,6.487272400658197e-05,0.0017541157481328934,6,1,,,,,,,,,,,,,,,2.508679432313981,0.0,0.6298933598905133,0.3701064743347789,0.0,2.5099236814860513,2.509522644129127,2.516399217456666,0.006475535970614476,0.006876573327538877,2.5086798466429965,-0.00124383484305504,-0.0008427974861306394,2.6115,0.0251999999999999,0.0177399999999999,1.0,0.0,0.0,1.0,0.0,0.0
BTN_DEF33,ABB,Weak pair,observed,23501.956599999998,0.01544477851079283,0.4176166428506603,336,6,,,,,,,,,,,,,,,0.12923993548779078,0.7277687341294299,0.2346065819603632,0.03762470587562485,0.0,0.12544538757415677,-0.03609516052834681,0.13409905224635305,0.008653664672196274,0.1701942127746997,0.12923993832555017,0.003794550751393391,0.16533509885389683,0.915707,0.0485054,0.353791,0.14513306096395395,0.0,0.0,0.04083895721260928,0.0,0.0
BTN_DEF33,ABB,Combo draw,observed,1341.98457,0.0008819118680761907,0.023846316305459733,60,6,,,,,,,,,,,,,,,1.0713949635521216,0.011601449406903388,0.7757057029711302,0.2126928476219663,0.0,1.064825320909107,1.0669039938957048,1.0841209185249872,0.01929559761588021,0.017216924629282437,1.0713949635521214,0.006569642643014399,0.004490969656416627,2.72857,0.0758500000000002,0.101388,0.7559644892191271,0.0,0.0,0.4232449632412688,0.0,0.0
BTN_DEF33,ABB,OESD,observed,82.60856000000001,5.428785926255776e-05,0.0014679079740078896,4,3,,,,,,,,,,,,,,,1.9318249867089319,0.0,0.9226188360990677,0.07738116390093229,0.0,1.930826333256505,1.8910949587573005,1.9399164832264353,0.00909014996993045,0.04882152446913497,1.9318249867089319,0.0009986534524269852,0.040730027951631505,2.47284,0.0374779999999999,0.24602,1.0,0.0,0.0,0.7574537069766135,0.0,0.0
BTN_DEF33,ABB,Gutshot,observed,364.04531999999995,0.00023923962719302693,0.006468882015716697,16,6,,,,,,,,,,,,,,,0.31201173381465686,0.21414671412649944,0.49413146053483126,0.2917218253386694,0.0,0.27540044474124814,0.25967510250484205,0.3206783161073188,0.04527787136607058,0.061003213602476763,0.31201173381465686,0.03661128907340865,0.052336631309814835,1.07176,0.2714344,0.2268803,0.2585406124709968,0.0,0.0,0.06000368305792257,0.0,0.0
BTN_DEF33,ABB,BDFD,observed,4171.49846,0.0027413832332927285,0.07412519783658776,165,6,,,,,,,,,,,,,,,0.0012786435697671242,0.9624089394550038,0.009639801335439064,0.027951239900052615,0.0,-0.2957852965024219,-0.2370924599475582,0.0027426245114907702,0.29852792101391273,0.239835084459049,0.0012786437122459283,0.29706394021466787,0.23837110365980416,0.0121338,0.6381329,0.4840805,0.0,0.214657991267723,0.03691949583028253,0.0,0.0,0.0
BTN_DEF33,ABB,2 overcards + draw,no_rows,0.0,0.0,0.0,0,0,,,,,,,,,,,,,,,,,,,,,,,,,,,,,,,,,,,,
BTN_DEF33,ABB,2 overcards,no_rows,0.0,0.0,0.0,0,0,,,,,,,,,,,,,,,,,,,,,,,,,,,,,,,,,,,,
BTN_DEF33,ABB,A-high,no_rows,0.0,0.0,0.0,0,0,,,,,,,,,,,,,,,,,,,,,,,,,,,,,,,,,,,,
BTN_DEF33,ABB,Air / Nothing,observed,1385.6592699999999,0.0009106135663860803,0.02462239133197517,55,6,,,,,,,,,,,,,,,0.0,0.9999999999999999,0.0,0.0,0.0,-0.698231586018931,-0.6292399998964812,0.0,0.698231586018931,0.6292399998964812,0.0,0.698231586018931,0.6292399998964812,0.0,0.9936638,0.9499062,0.0,0.9145447206512752,0.7068394021569241,0.0,0.0,0.0
BTN_DEF33,A[K/Q]x,Two pair+,observed,10008.458619999998,0.0065772577684164064,0.06408607699766451,236,16,,,,,,,,,,,,,,,13.570545575555633,0.0,0.6364852447927942,0.3635147642226202,0.0,13.536760598580972,13.57628125978097,13.581641918927847,0.04488132034687876,0.005360659146872743,13.57054546548157,0.0337848669006026,-0.005735794299403409,18.3797,0.303100000000001,0.0341000000000005,0.9999999999999998,0.01610474760598051,0.0,0.9999999999999998,0.0,0.0
BTN_DEF33,A[K/Q]x,Overpair,no_rows,0.0,0.0,0.0,0,0,,,,,,,,,,,,,,,,,,,,,,,,,,,,,,,,,,,,
BTN_DEF33,A[K/Q]x,Top pair,observed,31174.48787,0.020486935132011424,0.19961621522891193,744,16,,,,,,,,,,,,,,,4.570746772787699,0.0,0.9546661009633767,0.04533389915437415,0.0,4.5708472437425804,4.499618210640962,4.571947069043574,0.0010998253009953988,0.07232885840261283,4.570746776443831,-0.0001004672987478365,0.0711285658028696,5.98365,0.00632000000000055,0.37547,1.0,0.0,0.005237414987564959,1.0,0.0,0.0
BTN_DEF33,A[K/Q]x,Second pair,observed,16575.444900000002,0.010892883497127666,0.1061357476174434,330,16,,,,,,,,,,,,,,,1.872474203261359,0.0,0.9576300192704402,0.04236997599459728,0.0,1.872621739755878,1.667782267408598,1.8738300144147488,0.001208274658872055,0.206047747006151,1.8724742111298018,-0.00014752862607483874,0.2046919437212041,2.48413,0.00753000000000026,0.62315,0.9999999999999998,0.0,0.19173120354675965,0.9911103803916598,0.0,0.0
BTN_DEF33,A[K/Q]x,Third pair,observed,3608.4697400000005,0.002371377704663032,0.023105722707317596,144,14,,,,,,,,,,,,,,,1.293595830364521,0.0,0.7868631475899227,0.21313681926974384,0.0,1.2895311991213982,1.288001736746555,1.3017421420086757,0.01221094288727774,0.013740405262120895,1.2935958780575822,0.004064678936184429,0.005594141311027584,1.78223,0.0680000000000001,0.0822899999999998,0.994512854083127,0.0,0.001889155373657089,0.680763666318011,0.0,0.0
BTN_DEF33,A[K/Q]x,Underpair,no_rows,0.0,0.0,0.0,0,0,,,,,,,,,,,,,,,,,,,,,,,,,,,,,,,,,,,,
BTN_DEF33,A[K/Q]x,Weak pair,observed,64785.3297,0.042574968756651885,0.41483287138507274,912,16,,,,,,,,,,,,,,,0.020082448325561802,0.5238966920884403,0.41456891489779835,0.06153439990093927,0.0,0.023036771957982802,-0.05552607416219073,0.025752541465656396,0.0027157695076735866,0.08127861562784718,0.020082448140248385,-0.002954323817734425,0.07560852230243917,0.115989,0.0175747,0.2282951,0.0,0.0,0.005667185791909306,0.0,0.0,0.0
BTN_DEF33,A[K/Q]x,Combo draw,observed,10223.621619999998,0.0067186564159961455,0.06546380688680987,177,16,,,,,,,,,,,,,,,2.006143781837259,0.0,0.876091277530817,0.12390873093661306,0.0,2.006227649751978,2.0021652725989183,2.008928490742618,0.0027008409906410465,0.006763218143699282,2.006143764421494,-8.38853304830872e-05,0.003978491822575148,2.60742,0.0179,0.01892,1.0,0.0,0.0,1.0,0.0,0.0
BTN_DEF33,A[K/Q]x,OESD,observed,93.0983,6.118140066820411e-05,0.0005961262416801271,2,2,,,,,,,,,,,,,,,4.341237938151881,0.0,0.7863635010510398,0.2136364989489604,0.0,4.336585198011135,4.358133393176889,4.358133393176889,0.021548195165755207,0.0,4.34123793815188,0.0046527401407464065,-0.0168954550250088,4.48136,0.0230100000000002,0.0,1.0,0.0,0.0,1.0,0.0,0.0
BTN_DEF33,A[K/Q]x,Gutshot,observed,3331.19507,0.0021891611370091213,0.021330279901807744,57,16,,,,,,,,,,,,,,,1.366857667372892,0.0,0.9613394994967434,0.038660500503256326,0.0,1.3665742828592802,1.3447285255090153,1.3688675444241694,0.0022932615648893844,0.02413901891515469,1.3668576673728918,0.0002833845136117432,0.022129141863877048,1.68294,0.00852000000000008,0.0887900000000004,0.9999999999999999,0.0,0.0,0.9417719299158305,0.0,0.0
BTN_DEF33,A[K/Q]x,BDFD,observed,12273.541720000001,0.008065802206799042,0.07858983781280478,495,16,,,,,,,,,,,,,,,0.027201132393386358,0.758840165717528,0.12774009750874335,0.11341974534993397,0.0,-0.25877471683011183,-0.0999456681438605,0.033150516618372074,0.2919252334484838,0.13309618476223245,0.02720112908233672,0.28597584591244846,0.1271467972261971,0.198452,0.818161,0.4172085,0.0,0.26062042016670617,0.0068038926257057595,0.0,0.0,0.0
BTN_DEF33,A[K/Q]x,2 overcards + draw,no_rows,0.0,0.0,0.0,0,0,,,,,,,,,,,,,,,,,,,,,,,,,,,,,,,,,,,,
BTN_DEF33,A[K/Q]x,2 overcards,no_rows,0.0,0.0,0.0,0,0,,,,,,,,,,,,,,,,,,,,,,,,,,,,,,,,,,,,
BTN_DEF33,A[K/Q]x,A-high,no_rows,0.0,0.0,0.0,0,0,,,,,,,,,,,,,,,,,,,,,,,,,,,,,,,,,,,,
BTN_DEF33,A[K/Q]x,Air / Nothing,observed,4098.47422,0.002693393900663335,0.026243315220487274,165,16,,,,,,,,,,,,,,,-4.530645574348826e-06,0.9999487794573515,0.0,5.1232670527814134e-05,0.0,-0.7226804074751763,-0.5312537806680175,0.0,0.7226804074751763,0.5312537806680175,-4.530645574348826e-06,0.7226758768296019,0.5312492500224432,0.0,1.2819256,0.8714096,0.0,0.6294416510932695,0.5083463011266668,0.0,0.26316796741983656,0.0
BTN_DEF33,A[J-T][9-5],Two pair+,observed,5673.013790000001,0.003728133915251269,0.0836331320261171,141,10,,,,,,,,,,,,,,,13.18497189273302,0.0,0.6914266013092856,0.308573396329412,0.0,13.179246438003549,13.187938828091772,13.20058587683729,0.02133943883374553,0.012647048745513454,13.184971932686418,0.005725494682874411,-0.0029668954053576647,17.1146,0.0745999999999984,0.0693999999999981,0.9999999999999997,0.0,0.0,0.9999999999999997,0.0,0.0
BTN_DEF33,A[J-T][9-5],Overpair,no_rows,0.0,0.0,0.0,0,0,,,,,,,,,,,,,,,,,,,,,,,,,,,,,,,,,,,,
BTN_DEF33,A[J-T][9-5],Top pair,observed,14281.11377,0.00938511813374226,0.21053611318762697,495,10,,,,,,,,,,,,,,,3.8451367920653685,0.0,0.9667665232192966,0.033233473927657825,0.0,3.845135191251935,3.7845860214632285,3.846719933784634,0.001584742532696725,0.06213391232140571,3.84513681095414,1.6197022027287025e-06,0.06055078949091171,5.88136,0.0105700000000009,0.292390000000001,0.9999999999999988,0.0,0.007771809803319002,0.9999999999999988,0.0,0.0
BTN_DEF33,A[J-T][9-5],Second pair,observed,4901.294299999999,0.003220983093795321,0.07225623072048887,126,10,,,,,,,,,,,,,,,1.403503849959658,0.0,0.8682050356434934,0.13179497281692718,0.0,1.402142639249657,1.377264486318747,1.408628055783592,0.006485416533934719,0.03136356946484523,1.4035038392922232,0.001361200042566073,0.026239352973476585,2.12021,0.0302549999999999,0.19575,1.0000000000000002,0.0,0.0,0.7566001290720292,0.0,0.0
BTN_DEF33,A[J-T][9-5],Third pair,observed,2185.6689499999998,0.0014363558492260652,0.0322217337428215,123,10,,,,,,,,,,,,,,,1.2245555943356126,0.0,0.9130127455727228,0.08698728337679411,0.0,1.2232140846446027,1.1729687040841572,1.2299137759494456,0.00669969130484284,0.056945071865288646,1.2245555568617623,0.0013414722171594508,0.05158685277760526,1.62499,0.0464570000000001,0.239062,0.9837296494512588,0.0,0.019537634004454338,0.678926788066418,0.0,0.0
BTN_DEF33,A[J-T][9-5],Underpair,observed,2692.4289,0.0017693832358007834,0.03969252852188698,90,10,,,,,,,,,,,,,,,0.8682286129717711,0.0,0.9877212918071115,0.012278708192888583,0.0,0.8683135081073076,0.5128394637639975,0.8689503427167564,0.0006368346094487397,0.356110878952759,0.8682286129717711,-8.489513553652133e-05,0.35538914920777376,1.57252,0.0,0.673422,0.7181317954208558,0.0,0.29100683030107133,0.44121789065627687,0.0,0.0
BTN_DEF33,A[J-T][9-5],Weak pair,observed,22509.653899999998,0.014792667042883739,0.3318435184838324,450,10,,,,,,,,,,,,,,,0.012715042408249238,0.5139724530554864,0.41598863577369355,0.07003891739705072,0.0,0.010784795963738483,-0.029133007671808327,0.018494865214502925,0.007710069250764442,0.047627872886311234,0.012715042256939056,0.0019302462932005732,0.04184804992874737,0.0779806,0.0375999,0.1336487,0.0,0.0,0.0,0.0,0.0,0.0
BTN_DEF33,A[J-T][9-5],Combo draw,observed,5398.6331900000005,0.0035478192432950436,0.07958813763783354,147,10,,,,,,,,,,,,,,,2.1352936273024263,0.0,0.8931015081121061,0.10689849200044096,0.0,2.1344859945224206,2.1076941133871148,2.1366869807662003,0.0022009862437792293,0.028992867379085623,2.135293628947622,0.0008076344252008984,0.02759951556050729,5.22227,0.0065299999999997,0.15654,0.9999999999999998,0.0006839545992566314,0.019039828486661824,0.9999999999999998,0.0,0.0
BTN_DEF33,A[J-T][9-5],OESD,observed,223.06102,0.00014658898860750726,0.003288427003019914,10,5,,,,,,,,,,,,,,,4.325638447316002,0.0,0.8206020476483521,0.17939782298480475,0.0,4.316744606358386,4.328145505753089,4.330131496722735,0.013386890364349684,0.001985990969645949,4.325639063979282,0.008894457620896773,-0.0025064417738069633,4.94159,0.0213700000000001,0.00889999999999969,1.0,0.0,0.0,1.0,0.0,0.0
BTN_DEF33,A[J-T][9-5],Gutshot,observed,4760.126990000001,0.0031282121865460755,0.07017510334938801,159,10,,,,,,,,,,,,,,,0.9545999242192964,0.0,0.9416330461389436,0.058366965032922345,0.0,0.9517978485509055,0.91788816219174,0.9673543614086645,0.015556512857758862,0.049466199216924654,0.9545999143230853,0.002802065772179684,0.036711752131345476,1.90066,0.079718,0.21274,0.9999999999999998,0.0,0.005442844288488194,0.1937603118441174,0.0,0.0
BTN_DEF33,A[J-T][9-5],BDFD,observed,3903.31224,0.0025651393214327794,0.057543704279816116,225,10,,,,,,,,,,,,,,,0.035678363897618734,0.6328981059861225,0.24579375817580248,0.12130807737123282,0.0,-0.06083321628297509,-0.019476592047389996,0.04720184501863089,0.10803506130160596,0.06667843706602086,0.03567837186166481,0.09651158814463988,0.05515496390905478,0.175404,0.454491,0.3369495,0.0,0.02643227434964311,0.007657232668632218,0.0,0.0,0.0
BTN_DEF33,A[J-T][9-5],2 overcards + draw,no_rows,0.0,0.0,0.0,0,0,,,,,,,,,,,,,,,,,,,,,,,,,,,,,,,,,,,,
BTN_DEF33,A[J-T][9-5],2 overcards,no_rows,0.0,0.0,0.0,0,0,,,,,,,,,,,,,,,,,,,,,,,,,,,,,,,,,,,,
BTN_DEF33,A[J-T][9-5],A-high,no_rows,0.0,0.0,0.0,0,0,,,,,,,,,,,,,,,,,,,,,,,,,,,,,,,,,,,,
BTN_DEF33,A[J-T][9-5],Air / Nothing,observed,1303.8266099999998,0.0008568356052503247,0.01922137104716868,75,10,,,,,,,,,,,,,,,-9.75367616104028e-06,0.999932883793912,0.0,6.711620608816998e-05,0.0,-0.5144208785648162,-0.3699694547031825,0.0,0.5144208785648162,0.3699694547031825,-9.75367616104028e-06,0.5144111248886551,0.36995970102702147,0.0,0.9255482,0.8524387,0.0,0.42058003402768424,0.21534393288690434,0.0,0.020015843977904395,0.01461205796375026
BTN_DEF33,A[J-T][4-2],Two pair+,observed,3198.1994600000003,0.0021017604250463656,0.06831578167592668,81,6,,,,,,,,,,,,,,,14.150023709819166,0.0,0.6608675555226126,0.3391324444773874,0.0,14.11265599197437,14.157314777276927,14.163061969220767,0.05040597724639731,0.005747191943838179,14.150023709819166,0.03736771784479623,-0.007291067457762905,16.9089,0.308500000000002,0.0181000000000004,1.0000000000000002,0.0,0.0,1.0000000000000002,0.0,0.0
BTN_DEF33,A[J-T][4-2],Overpair,no_rows,0.0,0.0,0.0,0,0,,,,,,,,,,,,,,,,,,,,,,,,,,,,,,,,,,,,
BTN_DEF33,A[J-T][4-2],Top pair,observed,9544.33902,0.006272252336463658,0.20387376987780115,297,6,,,,,,,,,,,,,,,4.505126039928839,0.0,0.9673780138422302,0.032621996450163816,0.0,4.50518295517249,4.461438092884781,4.506727885471601,0.0015449302991125344,0.04528979258682073,4.505125985935673,-5.69692368146042e-05,0.04368789305089359,6.87736,0.0109400000000006,0.23665,0.9999999999999998,0.0,0.0,0.9999999999999998,0.0,0.0
BTN_DEF33,A[J-T][4-2],Second pair,observed,3397.85503,0.0022329680563759244,0.07258056456426557,81,6,,,,,,,,,,,,,,,1.6172671699559247,0.0,0.894612478562895,0.10538753795505511,0.0,1.6167906821878153,1.5731864034271348,1.6195959770473487,0.002805294859533777,0.04640957362021417,1.6172671534624208,0.00047647127460578127,0.04408075003528617,2.59977,0.0204460000000002,0.29645,0.9999999999999999,0.0,0.0,0.8551487936788168,0.0,0.0
BTN_DEF33,A[J-T][4-2],Third pair,observed,353.60228,0.00023237677562179437,0.00755319249556433,18,4,,,,,,,,,,,,,,,1.3674594292835875,0.0,0.9472626649041969,0.05273733509580312,0.0,1.3677129689263883,1.2858547431558418,1.3677129689263883,0.0,0.08185822577054647,1.3674594292835875,-0.00025353964280065694,0.08160468612774581,1.84605,0.0,0.37959,1.0,0.0,0.0,0.7073925541430334,0.0,0.0
BTN_DEF33,A[J-T][4-2],Underpair,observed,1814.5517000000002,0.0011924687624894432,0.03876009589998543,54,6,,,,,,,,,,,,,,,0.9300155488971186,0.0,0.9999999999999999,0.0,0.0,0.9300155488971185,0.34730199830831493,0.9300155488971185,0.0,0.5827135505888038,0.9300155488971185,0.0,0.5827135505888038,1.67301,0.0,0.824631,0.6148621722930242,0.0,0.6950173974100599,0.4660845981957967,0.0,0.0
BTN_DEF33,A[J-T][4-2],Weak pair,observed,16456.559,0.010814755261899955,0.3515236325444837,270,6,,,,,,,,,,,,,,,0.015155882854449715,0.35525917217736097,0.5705483472224905,0.07419245081703899,0.0,0.015552707573407048,-0.06081718943569976,0.020956070007392177,0.005403362433985135,0.08177325944309204,0.015155882968907467,-0.000396824604499575,0.07597307240460732,0.109526,0.0251743,0.2031639,0.0,0.0,0.0,0.0,0.0,0.0
BTN_DEF33,A[J-T][4-2],Combo draw,observed,3586.959050000001,0.0023572415266282076,0.07661995895036809,78,6,,,,,,,,,,,,,,,1.932604774225037,0.0,0.9160151673389578,0.08398481563558968,0.0,1.933411541679908,1.9149402317954807,1.9337494594294844,0.0003379177495767736,0.01880922763400382,1.932604799055807,-0.000806742624100461,0.017664567260326586,2.82636,0.00385999999999997,0.0592500000000005,0.9999999999999998,0.0,0.0,0.9999999999999998,0.0,0.0
BTN_DEF33,A[J-T][4-2],OESD,no_rows,0.0,0.0,0.0,0,0,,,,,,,,,,,,,,,,,,,,,,,,,,,,,,,,,,,,
BTN_DEF33,A[J-T][4-2],Gutshot,observed,3357.57739,0.0022064988036526235,0.07172020594840188,98,6,,,,,,,,,,,,,,,1.059754108522793,0.0,0.9429628086621703,0.05703718261174613,0.0,1.0572276302727006,1.0400438250307016,1.0748263128756352,0.01759868260293473,0.034782487844933915,1.0597541163529602,0.00252648608025971,0.019710291322258894,2.08376,0.076344,0.19887,1.0,0.0,0.0,0.3345982413826059,0.0,0.0
BTN_DEF33,A[J-T][4-2],BDFD,observed,3823.7686299999996,0.0025128656550607253,0.08167837752881654,201,6,,,,,,,,,,,,,,,0.014631381689537405,0.7807297831572203,0.142218483091188,0.07705170567032713,0.0,-0.20149216768266578,-0.09403244339252638,0.02135378416422569,0.22284595184689152,0.11538622755675208,0.014631383327576197,0.21612355101024203,0.1086638267201026,0.105911,0.5758247,0.3582882,0.0,0.14293417381793835,0.0,0.0,0.0,0.0
BTN_DEF33,A[J-T][4-2],2 overcards + draw,no_rows,0.0,0.0,0.0,0,0,,,,,,,,,,,,,,,,,,,,,,,,,,,,,,,,,,,,
BTN_DEF33,A[J-T][4-2],2 overcards,no_rows,0.0,0.0,0.0,0,0,,,,,,,,,,,,,,,,,,,,,,,,,,,,,,,,,,,,
BTN_DEF33,A[J-T][4-2],A-high,no_rows,0.0,0.0,0.0,0,0,,,,,,,,,,,,,,,,,,,,,,,,,,,,,,,,,,,,
BTN_DEF33,A[J-T][4-2],Air / Nothing,observed,1281.53195,0.0008421842257275904,0.027374420514386735,67,6,,,,,,,,,,,,,,,-1.7755157197677506e-06,0.999996581603065,0.0,3.4183969350120374e-06,0.0,-0.688826290762125,-0.43080778737862363,0.0,0.688826290762125,0.43080778737862363,-1.7755157197677506e-06,0.6888245152464052,0.43080601186290385,0.0,1.0604259,0.7622562,0.0,0.6652506400640266,0.3785135282815228,0.0,0.07532537912925229,0.0
BTN_DEF33,A[9-7]x,Two pair+,observed,4427.63786,0.002909710337636346,0.061908226364408486,192,18,,,,,,,,,,,,,,,14.36782619707048,0.0,0.772727805050262,0.22727219300027166,0.0,14.378077414817076,14.34431887641857,14.390641468697785,0.012564053880707393,0.0463225922792159,14.367826215084115,-0.010251199732963413,0.023507338665545097,17.0447,0.0598000000000027,0.15314,1.0,0.0,0.0010170456894593454,1.0,0.0,0.0
BTN_DEF33,A[9-7]x,Overpair,no_rows,0.0,0.0,0.0,0,0,,,,,,,,,,,,,,,,,,,,,,,,,,,,,,,,,,,,
BTN_DEF33,A[9-7]x,Top pair,observed,16257.047580000002,0.01068364236161174,0.22730968824076306,972,18,,,,,,,,,,,,,,,4.983343616404945,0.0,0.9782962627403157,0.02170374068435802,0.0,4.983518319575314,4.918459072597075,4.984545563169129,0.001027243593814961,0.06608649057205382,4.983343600022524,-0.0001747195527903244,0.06488452742544853,7.82409,0.00752000000000042,0.301180000000001,0.9999999999999996,0.0,0.0016401206842011342,0.9999999999999996,0.0,0.0
BTN_DEF33,A[9-7]x,Second pair,observed,2301.6636,0.0015125840419752143,0.03218237707532823,219,18,,,,,,,,,,,,,,,2.015569393662861,0.0,0.8204628279133835,0.1795371843405701,0.0,2.0120745779640425,2.018623510992831,2.033068822213723,0.020994244249680976,0.014445311220892572,2.0155693651539788,0.0034947871899367496,-0.0030541458388516542,2.62518,0.0767800000000003,0.08284,1.0,0.0,0.0,1.0,0.0,0.0
BTN_DEF33,A[9-7]x,Third pair,observed,1151.16619,0.0007565117720310681,0.016095864053699654,126,15,,,,,,,,,,,,,,,1.6544452403587795,0.0,0.932632426682111,0.0673675749212544,0.0,1.653311460528631,1.6293590105475915,1.664324413141234,0.011012952612602333,0.03496540259364289,1.6544452377307035,0.0011337772020718687,0.025086227183112427,2.23556,0.0500699999999998,0.14144,1.0000000000000004,0.0,0.004347226354867145,0.965914165703564,0.0,0.0
BTN_DEF33,A[9-7]x,Underpair,observed,12434.682229999999,0.008171698899930802,0.1738645179676749,420,18,,,,,,,,,,,,,,,0.715804619783135,5.266268875131521e-08,0.9831429703197735,0.016856972628242227,0.0,0.7157374372245068,0.40478384329475625,0.717701036264504,0.0019635990399973434,0.31291719296974757,0.7158046201957167,6.71829712100766e-05,0.3110207769009603,1.6432,0.016851,0.751846,0.6608258963124308,0.0,0.32946085185161994,0.2491758512754532,0.0,0.0
BTN_DEF33,A[9-7]x,Weak pair,observed,13394.6335,0.00880254998176389,0.18728677209077102,552,18,,,,,,,,,,,,,,,0.060110791883431866,0.16492372074749187,0.7576843646281699,0.07739190989379442,0.0,0.0570174836329333,0.005729776604819384,0.07377853086944779,0.016761047236514535,0.06804875426462842,0.06011079341220317,0.003093309779269922,0.0543810168073838,0.282445,0.0674793,0.1897968,0.0,0.0,0.0,0.0,0.0,0.0
BTN_DEF33,A[9-7]x,Combo draw,observed,1952.41698,0.0012830696750078688,0.027299132444304014,168,18,,,,,,,,,,,,,,,3.395242363034598,0.0,0.8860630711557169,0.11393694198214771,0.0,3.394492219207345,3.380013868855873,3.404075000076675,0.009582780869330464,0.02406113122080097,3.3952422897736527,0.0007500705663082002,0.015228420917778707,6.03975,0.02806,0.12003,0.9999999999999998,0.0,0.0018693752601967228,0.9999999999999998,0.0,0.0
BTN_DEF33,A[9-7]x,OESD,observed,185.28793000000002,0.00012176565076174494,0.0025907374260804327,17,10,,,,,,,,,,,,,,,4.918361644313998,0.0,0.9406241762263197,0.05937580287329022,0.0,4.916571886466645,4.931094176705411,4.939334793732651,0.02276290726600483,0.008240617027239737,4.918361775914348,0.0017898894477021976,-0.012732400791062897,6.03952,0.0594400000000004,0.0585000000000004,0.9999999999999999,0.0,0.0,0.9999999999999999,0.0,0.0
BTN_DEF33,A[9-7]x,Gutshot,observed,473.50156999999996,0.000311170980256285,0.0066206052315811595,39,18,,,,,,,,,,,,,,,2.0583349109474005,0.0,0.9980917065232328,0.0019082934767671415,0.0,2.0583168793366413,1.973027720336598,2.059156380618548,0.0008395012819070543,0.08612866028195011,2.0583349109474005,1.80316107595206e-05,0.08530719061080258,2.65113,0.0142500000000001,0.29079,0.9999999999999999,0.0,0.013301708798980329,0.9999999999999999,0.0,0.0
BTN_DEF33,A[9-7]x,BDFD,observed,11520.36939,0.0075708400206588545,0.16108039061661708,603,18,,,,,,,,,,,,,,,0.0548085386414216,0.4151776036548852,0.547248972420037,0.037573424838569354,0.0,0.05318731261415755,-0.05290113757768339,0.07001666983779262,0.016829357223635086,0.12291780741547594,0.05480853870805881,0.001621226093901279,0.10770967628574213,0.264837,0.0878922,0.3113308,0.0028757576149214086,0.0,0.0016922808062841117,0.0,0.0,0.0
BTN_DEF33,A[9-7]x,2 overcards + draw,no_rows,0.0,0.0,0.0,0,0,,,,,,,,,,,,,,,,,,,,,,,,,,,,,,,,,,,,
BTN_DEF33,A[9-7]x,2 overcards,no_rows,0.0,0.0,0.0,0,0,,,,,,,,,,,,,,,,,,,,,,,,,,,,,,,,,,,,
BTN_DEF33,A[9-7]x,A-high,no_rows,0.0,0.0,0.0,0,0,,,,,,,,,,,,,,,,,,,,,,,,,,,,,,,,,,,,
BTN_DEF33,A[9-7]x,Air / Nothing,observed,7420.97145,0.0048768390790138345,0.1037616884887719,417,18,,,,,,,,,,,,,,,0.0015316244758509512,0.9289673177504127,0.0657723436407763,0.005260339430906987,0.0,-0.1521746044721867,-0.3746732442652162,0.00721570319113854,0.15939030766332526,0.3818889474563547,0.0015316244393761306,0.15370622891156285,0.3762048687045923,0.0470646,0.4206825,0.7030697,0.0,0.013090181070565903,0.25382016797814255,0.0,0.0,0.0012718968215407972
BTN_DEF33,A[6-2]x,Two pair+,observed,1693.3812799999998,0.0011128392094776848,0.046755275147630594,116,10,,,,,,,,,,,,,,,14.74541779565906,0.0,0.6742195446719832,0.32578046375771924,0.0,14.781202036730436,14.665366992292721,14.79252280941017,0.011320772679735799,0.127155817117454,14.745417649456545,-0.035784387273890314,0.08005065716382789,17.4205,0.0757000000000012,0.393099999999999,1.0000000000000002,0.0,0.048258487893523896,1.0000000000000002,0.0,0.008687529603492488
BTN_DEF33,A[6-2]x,Overpair,no_rows,0.0,0.0,0.0,0,0,,,,,,,,,,,,,,,,,,,,,,,,,,,,,,,,,,,,
BTN_DEF33,A[6-2]x,Top pair,observed,7994.7328099999995,0.0052538977756183235,0.22073937906254634,540,10,,,,,,,,,,,,,,,5.950319033939689,0.0,0.9781072520461694,0.021892751816010986,0.0,5.9504741155614544,5.856706713961641,5.952156647113918,0.0016825315524584506,0.09544993315227507,5.950319007951299,-0.00015510761016043957,0.09361229398965618,9.17797,0.0090899999999996,0.40994,0.9999999999999996,0.0,0.029696320770474877,0.9999999999999996,0.0,0.0
BTN_DEF33,A[6-2]x,Second pair,observed,920.6632099999999,0.0006050321513012047,0.0254200647014657,99,10,,,,,,,,,,,,,,,2.7327627719740666,0.0,0.7797747500338367,0.22022522628789526,0.0,2.7440614630397793,2.6991092831247165,2.756065499447621,0.012004036407841258,0.05695621632290485,2.7327628335942125,-0.011298629445567173,0.03365355046949642,4.65816,0.0587500000000003,0.16968,1.0,0.0,0.0,1.0,0.0,0.0
BTN_DEF33,A[6-2]x,Third pair,observed,177.66245999999998,0.00011675442139071053,0.004905367325606029,21,5,,,,,,,,,,,,,,,2.2252753642390255,0.0,0.958391576369876,0.04160843018862849,0.0,2.225656638892651,2.2066038113245763,2.231226501501781,0.005569862609129656,0.024622690177204653,2.225275346061213,-0.00038129283143832973,0.01867153473663667,3.65594,0.0125799999999998,0.118889999999999,1.0000000000000002,0.0,0.0,1.0000000000000002,0.0,0.0
BTN_DEF33,A[6-2]x,Underpair,observed,11991.80549,0.007880653636198082,0.33110095866999145,420,10,,,,,,,,,,,,,,,0.5954953389882552,2.137074689993158e-07,0.963390469196225,0.036609317689703456,0.0,0.5957642802566764,0.32707862031990137,0.6009147767652813,0.005150496508604563,0.2738361564453797,0.5954953392809563,-0.00026894097572038433,0.26841671896105473,1.62925,0.0328500000000003,0.9611036,0.45259959349123846,0.0,0.30362581873398947,0.15325311868446592,0.0,0.043586485824496125
BTN_DEF33,A[6-2]x,Weak pair,observed,2061.0596,0.00135446633492393,0.05690709459931284,120,9,,,,,,,,,,,,,,,1.0055666995442842,0.0,0.8578924353500501,0.14210755982131712,0.0,1.0077678422902954,0.9903531840638571,1.0122084051563573,0.004440562866061705,0.021855221092500182,1.0055667002712843,-0.0022011420190114163,0.015213516207427061,2.64816,0.0240899999999997,0.0644856,0.37156417019672805,0.0,0.0,0.32446218440262475,0.0,0.0
BTN_DEF33,A[6-2]x,Combo draw,observed,630.539351,0.0004143714833740293,0.017409570541262524,72,10,,,,,,,,,,,,,,,3.9821460689060584,0.0,0.8219166511755156,0.17808336378266265,0.0,3.9829866643975733,3.9700633417298494,3.990915151907133,0.007928487509560716,0.020851810177284193,3.9821460440722314,-0.0008406203253409454,0.012082702342382531,6.18195,0.0334500000000002,0.10038,1.0000000000000004,0.0,0.0,1.0000000000000004,0.0,0.0
BTN_DEF33,A[6-2]x,OESD,observed,73.89735999999999,4.856312081404838e-05,0.00204035053433655,8,6,,,,,,,,,,,,,,,5.419704749817988,0.0,0.8465967509284501,0.15340324907155006,0.0,5.4169037207459105,5.427900332711481,5.440113676611722,0.02320995586581191,0.012213343900242089,5.419704749817988,0.002801029072077566,-0.008195582893492254,6.3882,0.0488300000000006,0.0521900000000004,1.0,0.0,0.0,1.0,0.0,0.0
BTN_DEF33,A[6-2]x,Gutshot,observed,137.10001599999998,9.009800405069904e-05,0.003785413861918065,16,10,,,,,,,,,,,,,,,2.2947473592793988,0.0,0.9879598936659937,0.012040106334006557,0.0,2.294881612138835,2.2381756420419388,2.296349589042791,0.0014679769039560233,0.05817394700085227,2.2947473592793997,-0.0001342528594356874,0.056571717237460566,2.60939,0.00713000000000008,0.17638,1.0000000000000002,0.0,0.0,1.0000000000000002,0.0,0.0
BTN_DEF33,A[6-2]x,BDFD,observed,6573.456527,0.004319877780296832,0.18149708646293364,420,10,,,,,,,,,,,,,,,0.04275274958261045,0.5247940519971231,0.4285980626924715,0.0466078627757404,0.0,0.007836760162587976,-0.12331046179018557,0.055860089414517394,0.04802332925192941,0.17917055120470315,0.042752751008339564,0.03491599084575158,0.16606321279852532,0.225117,0.2668163,0.4248482,0.0045533122303403955,0.0,0.013177414294018652,0.0,0.0,0.0
BTN_DEF33,A[6-2]x,2 overcards + draw,no_rows,0.0,0.0,0.0,0,0,,,,,,,,,,,,,,,,,,,,,,,,,,,,,,,,,,,,
BTN_DEF33,A[6-2]x,2 overcards,no_rows,0.0,0.0,0.0,0,0,,,,,,,,,,,,,,,,,,,,,,,,,,,,,,,,,,,,
BTN_DEF33,A[6-2]x,A-high,no_rows,0.0,0.0,0.0,0,0,,,,,,,,,,,,,,,,,,,,,,,,,,,,,,,,,,,,
BTN_DEF33,A[6-2]x,Air / Nothing,observed,3963.6746200000002,0.0026048076607694415,0.10943943909299633,260,10,,,,,,,,,,,,,,,0.002693251063184628,0.8796453389640845,0.10456688036894156,0.01578780189350659,0.0,-0.12129041119725413,-0.3050785346594754,0.018064756178182956,0.13935516737543704,0.32314329083765825,0.002693250617891373,0.12398366181514546,0.30777178527736665,0.0857193,0.413419,0.6484379,0.0,0.014306903425892208,0.1761853776988385,0.0,0.0,0.0016987721358419678
BTN_DEF33,BBB,Two pair+,observed,6752.4794,0.0044375262241651515,0.16597543159595116,129,4,,,,,,,,,,,,,,,8.662749660555516,0.0,0.83149542728548,0.16850459380512886,0.0,8.652979370337809,8.634204066065863,8.67651605585646,0.02353668551865563,0.04231198979059451,8.662749494786736,0.009770124448930677,0.028545428720869556,15.0573,0.0874999999999986,0.287699999999999,1.0000000000000002,0.0,0.007751434236141468,1.0000000000000002,0.0,0.0
BTN_DEF33,BBB,Overpair,no_rows,0.0,0.0,0.0,0,0,,,,,,,,,,,,,,,,,,,,,,,,,,,,,,,,,,,,
BTN_DEF33,BBB,Top pair,observed,3526.3704499999994,0.0023174245223163605,0.08667791824821537,87,4,,,,,,,,,,,,,,,3.3555785722414897,0.0,0.9912074084570156,0.008792591542984373,0.0,3.35559435023938,3.085207996366564,3.3566164735733026,0.0010221233339225756,0.27140847720673816,3.355578572241489,-1.5777997891365048e-05,0.27037057587492425,4.34142,0.00341000000000058,0.98432,1.0,0.0,0.24353895660621824,1.0,0.0,0.03296477260351363
BTN_DEF33,BBB,Second pair,observed,3362.56059,0.0022097736127072443,0.08265148431149397,66,4,,,,,,,,,,,,,,,2.25579076262362,0.0,0.9858363343242713,0.014163656644872534,0.0,2.2558130207087963,2.096003932928715,2.256424033402429,0.0006110126936329863,0.1604201004737137,2.2557907864909077,-2.2234217887959836e-05,0.15978685356219274,3.53746,0.0,0.44783,1.0,0.0,0.030814046981975724,0.9976784210154559,0.0,0.0
BTN_DEF33,BBB,Third pair,observed,2868.85101,0.0018853225365038034,0.07051614027422733,54,4,,,,,,,,,,,,,,,1.8375640720523436,0.0,0.9695772660205173,0.030422733979482607,0.0,1.8373251460132851,1.7444478936306593,1.8387175111921934,0.0013923651789083324,0.09426961756153379,1.8375640720523436,0.0002389260390585435,0.093116178421684,3.08064,0.00893999999999995,0.34181,0.9598464194904288,0.0,0.0,0.8948446228303785,0.0,0.0
BTN_DEF33,BBB,Underpair,observed,105.55600000000001,6.936822615378535e-05,0.0025945584754456597,6,1,,,,,,,,,,,,,,,4.0967369846698425,0.0,0.7006744754263139,0.29932535762154683,0.0,4.091694658929857,4.107964422448748,4.108654057808177,0.016959398878320528,0.0006896353594300821,4.096737663742659,0.005043004812802673,-0.011226758706087773,4.15787,0.0332899999999992,0.0041500000000001,1.0,0.0,0.0,1.0,0.0,0.0
BTN_DEF33,BBB,Weak pair,observed,15341.4569,0.010081943724352482,0.377091847224026,204,4,,,,,,,,,,,,,,,0.2238650884282808,0.7045172346076726,0.2687463828348271,0.02673641692464684,0.0,0.2244028368429233,0.08573129771927719,0.2286225157940847,0.004219678951161413,0.14289121807480754,0.2238650879778671,-0.0005377488650561788,0.13813379025858993,2.25501,0.0233654,0.3275509,0.12551713390401667,0.0,0.0,0.07170633839866931,0.0,0.0
BTN_DEF33,BBB,Combo draw,observed,4134.45254,0.002717037769684454,0.10162452990815145,132,4,,,,,,,,,,,,,,,0.5621002351954466,0.05187508941399774,0.768951329964102,0.17917353789036594,0.0,0.5617151031725268,0.5548845223377572,0.5699208280939829,0.008205724921456225,0.015036305756225698,0.5621002452849961,0.00038514211246941724,0.0072157229472388906,1.51862,0.031676,0.087721,0.5111331136479801,0.0,0.0,0.08633056409446654,0.0,0.0
BTN_DEF33,BBB,OESD,observed,165.90612,0.00010902850858745167,0.004077959848557207,7,3,,,,,,,,,,,,,,,0.8113719176356012,0.0,0.8332854536270272,0.16671454637297284,0.0,0.8064213436096269,0.7800846854470469,0.8178146642929146,0.011393320683287626,0.037729978845867755,0.8113719176356011,0.004950574025974149,0.03128723218855428,1.92077,0.05235,0.119713,0.7200469759644792,0.0,0.0,0.1356127188074798,0.0,0.0
BTN_DEF33,BBB,Gutshot,observed,1224.27997,0.0008045599476534687,0.030092708822633082,37,4,,,,,,,,,,,,,,,0.0013670432433519094,0.4486445198405067,0.3833874614957477,0.16796799475532545,0.0,-0.053012291086662146,-0.07320073370315941,0.009966066416537876,0.06297835750320004,0.08316680011969729,0.0013670434673684322,0.054379334554030594,0.07456777717052784,0.0360706,0.4064232,0.3598499,0.0,0.0,0.0,0.0,0.0,0.0
BTN_DEF33,BBB,BDFD,observed,2401.3150699999997,0.0015780719887287587,0.059024142323353346,87,4,,,,,,,,,,,,,,,-4.698023651232073e-10,0.9999999977253049,0.0,2.274695256878557e-09,0.0,-0.2562314723509243,-0.1934803617797143,0.0,0.2562314723509243,0.1934803617797143,-4.698023651232073e-10,0.25623147188112194,0.19348036130991195,0.0,0.366758,0.3107506,0.0,0.0,0.0,0.0,0.0,0.0
BTN_DEF33,BBB,2 overcards + draw,no_rows,0.0,0.0,0.0,0,0,,,,,,,,,,,,,,,,,,,,,,,,,,,,,,,,,,,,
BTN_DEF33,BBB,2 overcards,no_rows,0.0,0.0,0.0,0,0,,,,,,,,,,,,,,,,,,,,,,,,,,,,,,,,,,,,
BTN_DEF33,BBB,A-high,no_rows,0.0,0.0,0.0,0,0,,,,,,,,,,,,,,,,,,,,,,,,,,,,,,,,,,,,
BTN_DEF33,BBB,Air / Nothing,observed,800.3799700000002,0.0005259856262829204,0.019673278967945386,29,4,,,,,,,,,,,,,,,0.0,0.9999999999999994,0.0,0.0,0.0,-0.6836457285262247,-0.5713317543610504,0.0,0.6836457285262247,0.5713317543610504,0.0,0.6836457285262247,0.5713317543610504,0.0,0.7875263,0.7836788,0.0,0.9999999999999994,0.7962661034608347,0.0,0.0,0.0
BTN_DEF33,BBx,Two pair+,observed,32506.67316,0.02136240720821236,0.07139770723977469,602,48,,,,,,,,,,,,,,,15.151002201478171,0.0,0.7033197743815154,0.29668022039145614,0.0,15.144896163615252,15.143078044725254,15.166579251012717,0.02168308739746163,0.023501206287472345,15.151002302298824,0.006106138683569278,0.007924257573579993,20.1951,0.0960000000000001,0.104299999999995,1.0000000000000007,0.000331545770523876,0.005401686574806661,1.0000000000000007,0.000331545770523876,0.0027486251687528886
BTN_DEF33,BBx,Overpair,observed,687.1694699999999,0.0004515870931158514,0.001509300087452294,48,8,,,,,,,,,,,,,,,6.015012956815296,0.0,0.9787189851306985,0.021281014869301455,0.0,6.015565067852039,5.897549894694099,6.016113186522096,0.0005481186700567476,0.11856329182799698,6.015012956815295,-0.0005521110367444753,0.11746306212119575,6.60527,0.0,0.17708,1.0,0.0,0.0425732970936558,1.0,0.0,0.03541759502208386
BTN_DEF33,BBx,Top pair,observed,50593.92577,0.033248805229652394,0.1111245768663382,1227,48,,,,,,,,,,,,,,,4.941297713683224,0.0,0.9658036611908436,0.03419633353491265,0.0,4.941506008140904,4.848564857496703,4.943073519744937,0.0015675116040338131,0.0945086622482359,4.941297735302736,-0.00020827283816740377,0.09273287780603467,8.74816,0.00936000000000003,0.568689,1.0000000000000004,0.0,0.057403805215726404,1.0000000000000004,0.0,0.016702072178416766
BTN_DEF33,BBx,Second pair,observed,40663.20216,0.026722632570123656,0.08931272015937833,816,48,,,,,,,,,,,,,,,2.44714460291318,0.0,0.9629319712238416,0.037068018932502576,0.0,2.4474856290384768,2.374368266474554,2.448231089579668,0.000745460541192165,0.07386282310511083,2.4471446307969718,-0.00034099824150383724,0.07277636432241483,3.43588,0.00292000000000003,0.49572,1.0000000000000004,0.0,0.049259681815476575,0.9941513878060019,0.0,0.010509674036945053
BTN_DEF33,BBx,Third pair,observed,14274.172825,0.009380556753598251,0.03135181528521874,549,48,,,,,,,,,,,,,,,1.6724101511786658,0.0,0.9574588144190431,0.0425411827352434,0.0,1.6725190401094863,1.553585092088905,1.6731694917876017,0.0006504516781160647,0.11958439969869673,1.672410157431343,-0.00010888267814266586,0.118825065342438,2.51365,0.000460000000000016,0.6177302,0.9958994611654491,0.0,0.06712799345695185,0.8904754251495479,0.0,0.009592450762554083
BTN_DEF33,BBx,Underpair,observed,9487.230800000001,0.00623472253313462,0.02083776841267424,192,24,,,,,,,,,,,,,,,1.7447791262048211,0.0,0.9864401183388518,0.01355988166114816,0.0,1.7448867863389388,1.4946109904473808,1.7456033619162925,0.0007165755773539296,0.2509923714689119,1.7447791262048207,-0.00010766013411796043,0.25016813575744,3.43398,0.00505,0.98231,1.0,0.0,0.1792262184661935,0.906345116005821,0.0,0.030962459561961954
BTN_DEF33,BBx,Weak pair,observed,154798.09545999998,0.10172864919137264,0.3399987764520833,2208,48,,,,,,,,,,,,,,,0.08576735219507264,0.2349943824921424,0.7146465887199374,0.05035902328227533,0.0,0.08744462717724377,0.042182086867176054,0.08967323372779884,0.0022286065505551663,0.047491146860622585,0.08576735150448563,-0.0016772756727580435,0.04358526463730938,0.375509,0.014011,0.1968109,0.04773726690913644,0.0,0.010567952371369569,0.01683453786854491,0.0,0.0
BTN_DEF33,BBx,Combo draw,observed,31808.289190000003,0.02090345028323284,0.06986377560716553,717,48,,,,,,,,,,,,,,,2.5951870872091662,0.0011091943463495653,0.8522609147857607,0.1466298926373529,0.0,2.5956965844058364,2.5665574428638047,2.5971228305174003,0.0014262461115656683,0.03056538765360135,2.5951870903301106,-0.0005094940757240014,0.02862964746631168,5.30334,0.00556999999999963,0.15886,0.977583784348133,0.0,0.014383054909593518,0.9362022924943114,0.0,0.0
BTN_DEF33,BBx,OESD,observed,3796.0923799999996,0.0024946776565661945,0.00833774317871105,98,47,,,,,,,,,,,,,,,3.6468000896562605,2.6811442086138066e-07,0.8695761602755309,0.13042356645152825,0.0,3.6462583851339954,3.6332328626899657,3.6486572170280716,0.0023988318940752567,0.015424354338104905,3.646800106557484,0.0005417214234877993,0.013567243867517446,4.89873,0.00742999999999938,0.10649,0.9963652623227256,0.0,0.0,0.9787720471649848,0.0,0.0
BTN_DEF33,BBx,Gutshot,observed,31205.49264,0.020507310533667476,0.06853979233178668,621,48,,,,,,,,,,,,,,,1.1653783393497472,0.004214456749250025,0.8996561700136232,0.09612937718481664,0.0,1.1627155398992743,1.148429317159412,1.1685789364507935,0.005863396551518541,0.020149619291381423,1.1653783361783858,0.00266279627911081,0.016949019018973693,1.53758,0.0149699999999999,0.11131,0.9701150226737781,0.0,0.0010819178658542723,0.9198088388198575,0.0,0.0
BTN_DEF33,BBx,BDFD,observed,55563.311852000006,0.03651453619313765,0.1220393441480494,1965,48,,,,,,,,,,,,,,,0.010604296582606414,0.7569027142403852,0.18402944256381593,0.05906785985800089,0.0,-0.08953339589373671,-0.07195086405236796,0.015792675624479734,0.10532607151821635,0.08774353967684784,0.010604296131815162,0.10013769202555178,0.08255516018418327,0.0700068,0.4919632,0.3062397,0.0,0.047894205210235546,0.0,0.0,0.0,0.0
BTN_DEF33,BBx,2 overcards + draw,observed,11005.94,0.007232772508952521,0.024173463650087223,528,24,,,,,,,,,,,,,,,2.1098163905000393,0.0,0.8792816824697415,0.1207183199911021,0.0,2.1092984727081068,2.0833753314073142,2.115212240684156,0.005913767976047482,0.03183690927684047,2.1098163836928894,0.0005179109847808592,0.02644105228557385,3.5616,0.0226499999999998,0.14703,1.0000000000000002,0.0,0.02297419393527495,0.9663296992351403,0.0,0.0031448744950454024
BTN_DEF33,BBx,2 overcards,no_rows,0.0,0.0,0.0,0,0,,,,,,,,,,,,,,,,,,,,,,,,,,,,,,,,,,,,
BTN_DEF33,BBx,A-high,observed,11045.228060000001,0.007258591439484405,0.02425975600587805,326,48,,,,,,,,,,,,,,,-4.138964949409112e-05,0.9969682839451479,0.0,0.003031721022643148,0.0,-0.4817950284738161,-0.2727858576647256,4.820026047248498e-05,0.48184322873428853,0.27283405792519805,-4.138963984535623e-05,0.4817536388339707,0.2727444680248802,0.0,0.6929577,0.6492085,0.0,0.4666299230764817,0.1413250058324282,0.0,0.0,0.0
BTN_DEF33,BBx,Air / Nothing,observed,7855.330731,0.005162286925051991,0.017253460575402155,329,48,,,,,,,,,,,,,,,-0.0006389292737777235,0.9969475933804397,0.0,0.00305241476307893,0.0,-0.7227438540020996,-0.3493233062625341,0.0,0.7227438540020996,0.3493233062625341,-0.0006389292737777235,0.7221049247283219,0.3486843769887564,0.0,1.1656796,0.6663589,0.0,0.8576533556267394,0.1834646610501829,0.0,0.1540756183853158,0.0
BTN_DEF33,K/Qx dis,Two pair+,observed,12633.15082,0.00830212648373033,0.043947730067441716,357,42,,,,,,,,,,,,,,,19.8423572285264,0.0,0.688038148885361,0.3119618555951198,0.0,19.849440160960174,19.80535864725447,19.87127599101536,0.021835830055181762,0.0659173437608813,19.842357125541785,-0.007083035418393821,0.03699847828730572,23.1809,0.111499999999999,0.305400000000002,0.9999999999999999,0.0,0.024218868622673504,0.9999999999999999,0.0,0.00502633910611383
BTN_DEF33,K/Qx dis,Overpair,no_rows,0.0,0.0,0.0,0,0,,,,,,,,,,,,,,,,,,,,,,,,,,,,,,,,,,,,
BTN_DEF33,K/Qx dis,Top pair,observed,39054.938930000004,0.025665730381205384,0.13586285308798848,1290,42,,,,,,,,,,,,,,,6.95942590624422,0.0,0.9713860045430597,0.02861399923801724,0.0,6.960008273794257,6.891035815589219,6.961795037134801,0.0017867633405463303,0.07075922154559122,6.959425879637842,-0.0005823941564129648,0.06839006404863193,11.9645,0.0109900000000005,0.286099999999999,1.0,0.0,0.01991123840684494,1.0,0.0,0.0
BTN_DEF33,K/Qx dis,Second pair,observed,11425.39574,0.007508426196415321,0.03974623710660477,615,42,,,,,,,,,,,,,,,2.90855856630242,0.0,0.9248244086374565,0.07517558289059662,0.0,2.9085262089046116,2.8724473946080042,2.913567027432522,0.005040818527910348,0.04111963282451691,2.908558590220338,3.2381315726636405e-05,0.0361111956123332,3.63706,0.0290999999999997,0.18991,0.9999999999999996,0.0,0.0003068742719978643,0.9999999999999996,0.0,0.0
BTN_DEF33,K/Qx dis,Third pair,observed,6023.025033,0.003958150769440434,0.020952673019677303,324,42,,,,,,,,,,,,,,,2.100013512125861,0.0,0.9742001361661079,0.025799866543377854,0.0,2.1001094006481917,1.9648794490077444,2.1005900514091698,0.00048065076097783386,0.1357106024014262,2.100013507702385,-9.589294580687925e-05,0.13513405869464148,2.87021,0.000639999999999974,0.48848,0.9999999999999999,0.0,0.043853462098004864,0.9941252776128049,0.0,0.0
BTN_DEF33,K/Qx dis,Underpair,observed,60071.1869,0.039476975995732196,0.2089733863172577,1050,42,,,,,,,,,,,,,,,1.1378505991717298,0.0,0.9935591562797375,0.006440841568727185,0.0,1.1378909475967145,0.9375516581299654,1.1381087011960658,0.00021775359935163877,0.2005570430661011,1.1378506003125777,-4.034728413640192e-05,0.20029894218261304,2.29094,0.0,0.770475,0.9427944564218356,0.0,0.1139701220053636,0.45960742620186185,0.0,0.011187400061176416
BTN_DEF33,K/Qx dis,Weak pair,observed,41594.98488,0.027334972128719562,0.14469906943338143,1092,42,,,,,,,,,,,,,,,0.20964186342139488,0.013947277273326899,0.9560766858172164,0.029976041746325035,0.0,0.20952670023750344,0.1564495383436911,0.21170168861078026,0.002174988373276937,0.055252150267088775,0.20964186225912457,0.00011516202162125582,0.05319232391543309,0.555544,0.0133450000000001,0.2281913,0.08069259093814102,0.0,0.0,0.0,0.0,0.0
BTN_DEF33,K/Qx dis,Combo draw,observed,9895.06756,0.006502740576651871,0.03442258897420328,438,38,,,,,,,,,,,,,,,3.1866436121390027,0.0,0.8413365540280479,0.1586634548262165,0.0,3.1859207868708492,3.187794864029264,3.1916962249796614,0.005775438108812672,0.003901360950394559,3.186643581335326,0.0007227944644774041,-0.0011512826939407091,6.43784,0.0244199999999997,0.0173200000000002,1.0000000000000004,0.0,0.0,1.0000000000000004,0.0,0.0
BTN_DEF33,K/Qx dis,OESD,observed,542.99287,0.0003568385710528342,0.0018889431796798156,37,24,,,,,,,,,,,,,,,5.1466094369566235,0.0,0.8950334165535544,0.10496657911508121,0.0,5.146358221804643,5.142736800056876,5.151801601375538,0.005443379570895609,0.009064801318661959,5.146609485355212,0.0002512635505701379,0.0038726852983364873,6.71516,0.0139999999999993,0.0304099999999998,1.0000000000000002,0.0,0.0,1.0000000000000002,0.0,0.0
BTN_DEF33,K/Qx dis,Gutshot,observed,2821.40564,0.0018541428673603155,0.009814999855869498,109,38,,,,,,,,,,,,,,,2.110823218972803,0.0,0.9526226528260928,0.04737734677793442,0.0,2.1105427719814163,2.097088044428203,2.114307619165885,0.0037648471844693872,0.017219574737682927,2.1108232194113596,0.000280447429944165,0.013735174983157704,2.86681,0.0218900000000004,0.08779,1.0000000000000002,0.0,0.0,1.0000000000000002,0.0,0.0
BTN_DEF33,K/Qx dis,BDFD,observed,55730.90099,0.036624670730498875,0.19387456288785446,2058,42,,,,,,,,,,,,,,,0.15740413057892455,0.16096630773872353,0.7533560056291527,0.08567769455497481,0.0,0.15009339384550924,0.11750190290768615,0.16322630124369106,0.013132907398181825,0.04572439833600499,0.15740413024900793,0.007310736403498699,0.03990222734132186,0.450683,0.0790192,0.206312,0.03734884495001233,0.0,0.0,0.0,0.0,0.0
BTN_DEF33,K/Qx dis,2 overcards + draw,no_rows,0.0,0.0,0.0,0,0,,,,,,,,,,,,,,,,,,,,,,,,,,,,,,,,,,,,
BTN_DEF33,K/Qx dis,2 overcards,no_rows,0.0,0.0,0.0,0,0,,,,,,,,,,,,,,,,,,,,,,,,,,,,,,,,,,,,
BTN_DEF33,K/Qx dis,A-high,observed,39483.83687,0.025947589198314903,0.13735488711514193,1353,42,,,,,,,,,,,,,,,0.06078292828361598,0.4552333973723952,0.5105073974471724,0.03425919412224138,0.0,0.028549617201949363,-0.014924085185770413,0.0653213912176089,0.036771774015659515,0.08024547640337922,0.06078292896685021,0.032233311764900824,0.07570701415262053,0.320122,0.207959,0.307663,0.03978801034895473,0.0008377169652712122,0.004834069713853521,0.009442055776581875,0.0,0.0
BTN_DEF33,K/Qx dis,Air / Nothing,observed,8181.66511,0.005376744056851482,0.028462068954899552,341,42,,,,,,,,,,,,,,,0.0019654785511147963,0.8571564801274787,0.12233350826713074,0.02050998091072931,0.0,-0.1612660226426256,-0.185627465902638,0.007120269317372243,0.16838629195999796,0.19274773522001024,0.001965479361442345,0.16323150200406805,0.18759294526408032,0.0643974,0.5469021,0.4290817,0.0,0.07962458512311316,0.023324701932220738,0.0,0.0,0.0
BTN_DEF33,K/Qx con,Two pair+,observed,3652.23093,0.002400136241597728,0.04546140398924493,135,14,,,,,,,,,,,,,,,18.29066076331665,0.0,0.6662451138587827,0.333754868455725,0.0,18.315147770074734,18.230389795757006,18.33963352190177,0.02448575182703473,0.10924372614477562,18.290661164246384,-0.02448660582835278,0.06027136848938811,23.3216,0.135200000000001,0.4299,0.9999999999999996,0.0,0.03389346741006873,0.9999999999999996,0.0,0.009899894254496115
BTN_DEF33,K/Qx con,Overpair,no_rows,0.0,0.0,0.0,0,0,,,,,,,,,,,,,,,,,,,,,,,,,,,,,,,,,,,,
BTN_DEF33,K/Qx con,Top pair,observed,10876.68276,0.007147828541235535,0.13538828143466153,432,14,,,,,,,,,,,,,,,6.958958814296476,0.0,0.964671287653195,0.03532870825618709,0.0,6.960238952825155,6.879973731632367,6.962902767195952,0.002663814370798104,0.08292903556358766,6.958958821780727,-0.001280131044426484,0.07898509014836308,12.336,0.0139899999999997,0.433299999999999,0.9999999999999993,0.0,0.03312872205164877,0.9999999999999993,0.0,0.0
BTN_DEF33,K/Qx con,Second pair,observed,2137.185017,0.00140449366773786,0.026602762344383926,156,14,,,,,,,,,,,,,,,2.6776213940916094,0.0,0.9395002650282736,0.0604997355814768,0.0,2.6780590898199015,2.6214549997925713,2.6807961175734976,0.0027370277535966685,0.05934111778092724,2.677621392234754,-0.0004376975851471624,0.05616639244218341,3.55986,0.0206399999999998,0.25622,1.0,0.0,0.003060235753093903,0.994216691628622,0.0,0.0
BTN_DEF33,K/Qx con,Third pair,observed,1496.531115,0.0009834752058764688,0.0186281773812945,129,14,,,,,,,,,,,,,,,2.340429093775717,0.0,0.975080195662358,0.024919803507729273,0.0,2.340379058770629,2.194044952703286,2.342419763796958,0.002040705026330183,0.14837481109367376,2.340429095829733,5.003705910496068e-05,0.14638414312644854,2.98872,0.0103599999999999,0.58663,0.9999999999999999,0.0,0.08233457277632347,0.9900631868920413,0.0,0.0
BTN_DEF33,K/Qx con,Underpair,observed,23113.204899999997,0.015189302594281513,0.2877032601673672,462,14,,,,,,,,,,,,,,,1.0105846648110848,0.0,0.9832569412600249,0.01674305116128227,0.0,1.010649238042294,0.83141054847045,1.0113969599240908,0.000747721881797534,0.17998641145364064,1.0105846685771829,-6.456946511039464e-05,0.1791741201067327,1.94714,0.00493199999999994,0.75803,0.9211398199476876,0.0,0.13259515559436758,0.36910475362073225,0.0,0.020132863530318987
BTN_DEF33,K/Qx con,Weak pair,observed,5735.13053,0.0037689551671768427,0.07138844474858616,252,12,,,,,,,,,,,,,,,0.19470165828527386,0.018736002892464243,0.9119342101859295,0.06932978398236382,0.0,0.19499726486593735,0.18252404499921038,0.20082292605608745,0.005825661190150105,0.018298881056877186,0.19470165664074468,-0.0002956082251926737,0.012177611641534407,0.537835,0.0343945,0.06159,0.09899412001700333,0.0,0.0,0.0,0.0,0.0
BTN_DEF33,K/Qx con,Combo draw,observed,4238.678897,0.002785532194478508,0.05276125672513378,213,14,,,,,,,,,,,,,,,3.743153479403625,0.0,0.8250570612686882,0.1749429310293412,0.0,3.7433165590281736,3.7387755044002455,3.74727958735277,0.00396302832459639,0.00850408295252378,3.7431534988240216,-0.0001630602041518131,0.004377994423775577,6.95011,0.0179500000000001,0.0449000000000002,1.0000000000000002,0.0,0.0,1.0000000000000002,0.0,0.0
BTN_DEF33,K/Qx con,OESD,observed,486.79111,0.0003199044659529747,0.006059366927841819,19,14,,,,,,,,,,,,,,,5.107316671993096,0.0,0.902705516807733,0.09729448319226704,0.0,5.106196378513773,5.114697641137283,5.116322177764502,0.010125799250730032,0.0016245366272198169,5.107316671993095,0.0011202934793226073,-0.007380969144187607,6.3969,0.0223200000000006,0.0125600000000006,0.9999999999999999,0.0,0.0,0.9999999999999999,0.0,0.0
BTN_DEF33,K/Qx con,Gutshot,observed,1009.684837,0.0006635344851743519,0.012568123745853038,64,14,,,,,,,,,,,,,,,2.0236787473355817,0.0,0.8974357771105161,0.10256419395665345,0.0,2.0205352152180436,2.0203770597398703,2.037149359063744,0.016614143845699852,0.016772299323873086,2.0236788088550144,0.0031435936369702596,0.0033017491151434934,2.98724,0.11418,0.0765199999999999,0.9999999999999999,0.0,0.0,0.9120878944129374,0.0,0.0
BTN_DEF33,K/Qx con,BDFD,observed,14572.536970000001,0.009576632689466803,0.18139268930110544,624,14,,,,,,,,,,,,,,,0.17660550588648385,0.25842169202226734,0.6648763519075648,0.07670192207603971,0.0,0.13940971636398097,0.11692653476322694,0.18261672542204171,0.04320700905806071,0.06569019065881475,0.17660550957516621,0.03719579321118521,0.059678974811939255,0.490201,0.2796848,0.2569252,0.041821472215486155,0.0002610046560753381,0.0027053285286673043,0.0,0.0,0.0
BTN_DEF33,K/Qx con,2 overcards + draw,no_rows,0.0,0.0,0.0,0,0,,,,,,,,,,,,,,,,,,,,,,,,,,,,,,,,,,,,
BTN_DEF33,K/Qx con,2 overcards,no_rows,0.0,0.0,0.0,0,0,,,,,,,,,,,,,,,,,,,,,,,,,,,,,,,,,,,,
BTN_DEF33,K/Qx con,A-high,observed,10767.217011,0.00707589094571538,0.1340256987465306,429,14,,,,,,,,,,,,,,,0.06412175485315233,0.408496139624799,0.552814468694517,0.038689438512951604,0.0,0.03315794580596474,-0.0464337190157843,0.07016251388549784,0.037004568079533104,0.11659623290128224,0.06412175407972893,0.030963808273764205,0.11055547309551333,0.226102,0.2378418,0.4231861,0.04356395060309423,0.008118246331498592,0.026889176627927065,0.021520882300716172,0.0,0.0
BTN_DEF33,K/Qx con,Air / Nothing,observed,2251.0845189999995,0.0014793449922816046,0.028020534487996927,103,14,,,,,,,,,,,,,,,0.0033528639335459426,0.8661661278096154,0.12149198598514284,0.01234191784225939,0.0,-0.22818383292264907,-0.2804542817667065,0.008290898007983683,0.23647473093063273,0.2887451797746902,0.003352862166184533,0.2315366950888336,0.2838071439328911,0.0519062,0.745816,0.5456375,0.0,0.22647270002393008,0.10920182601993186,0.0,0.0,0.0
BTN_DEF33,[J-8]x dis,Two pair+,observed,10093.726033,0.006633292945843861,0.061879002362162074,743,67,,,,,,,,,,,,,,,20.14638872651109,0.0,0.6878512222371941,0.3121487809550027,0.0,20.24916245479527,19.976431763992597,20.25713314895342,0.007970694158159894,0.28070138496077984,20.146388628254005,-0.10277382654125551,0.16995686426136444,24.4002,0.0427999999999997,1.1063,0.9999999999999989,0.0013496668084175252,0.16376837746493658,0.9999999999999989,0.0004288213278078775,0.057754754398335474
BTN_DEF33,[J-8]x dis,Overpair,observed,6064.782584999999,0.003985592575787438,0.03717979809203073,888,67,,,,,,,,,,,,,,,5.898508550625236,9.992572718086974e-09,0.9255231784220451,0.07447681143868551,0.0,5.8983098284423665,5.897042014451887,5.941958235750264,0.04364840730789199,0.0449162212983781,5.898508533600399,0.00019870515802666855,0.001466519148512778,8.66319,0.211179999999999,0.22044,1.0000000000000002,0.019622619332527978,0.006108066609283077,1.0000000000000002,0.0026642504943151235,5.827974787986568e-05
BTN_DEF33,[J-8]x dis,Top pair,observed,15997.722228,0.01051322154550516,0.09807310881028593,1203,67,,,,,,,,,,,,,,,5.47552533056249,1.8113992971624936e-08,0.9576762167778785,0.04232376819596417,0.0,5.476549008148933,5.401567646966015,5.486040488801668,0.009491480652728698,0.08447284183564444,5.475525300549039,-0.0010237075998996703,0.07395765358301606,7.90195,0.0407500000000001,0.39273,0.9999999999999998,0.0024785734140701575,0.009490948263513006,0.9999999999999998,0.0003731643739601503,0.0
BTN_DEF33,[J-8]x dis,Second pair,observed,6351.107712,0.004173756831379232,0.03893509768625932,903,67,,,,,,,,,,,,,,,3.1656028848747004,1.0363162850417738e-07,0.9626365334838014,0.03736337111669303,0.0,3.1664113270906333,3.035206414261503,3.1819828916863444,0.015571564595721043,0.14677647742484268,3.1656028549354644,-0.0008084721551589336,0.1303964406739627,4.05779,0.0711600000000003,0.58222,1.0000000000000002,0.005849021569861228,0.06963172678750501,1.0000000000000002,0.0013350960784335067,0.006191871683375412
BTN_DEF33,[J-8]x dis,Third pair,observed,3023.693107,0.0019870801021828967,0.018536575323998213,486,67,,,,,,,,,,,,,,,2.1858276630947997,4.768430951746057e-08,0.9934500854277902,0.006549860295685762,0.0,2.1860173804250813,1.6891665826463043,2.196156987420595,0.010139606995512454,0.5069904047742877,2.185827679812271,-0.00018970061281123503,0.496661097165964,3.22935,0.00670999999999999,1.241567,1.0000000000000002,0.0059323275759943055,0.46627778088194666,0.9699829189708842,0.0013924726653815136,0.13830051238728439
BTN_DEF33,[J-8]x dis,Underpair,observed,23960.879680000002,0.01574636894620751,0.14689078398510177,726,52,,,,,,,,,,,,,,,1.334417650517082,1.0168807374938581e-08,0.9973857103494904,0.0026142791487432566,0.0,1.3343874047251385,0.9281281276327458,1.340166136894324,0.005778732169185533,0.4120380092615785,1.334417650739812,3.0246014673399914e-05,0.4062895231070664,1.91824,0.00136999999999987,0.965585,1.0000000000000002,0.003616257881897598,0.39605351960099633,0.8031883527241188,0.0,0.039758260661655304
BTN_DEF33,[J-8]x dis,Weak pair,observed,21917.6379,0.014403611946303166,0.1343648086893853,1602,67,,,,,,,,,,,,,,,0.4725068731868414,0.004934267627714532,0.9815701179086672,0.013495610397801542,0.0,0.4723149235843692,0.2856187826939201,0.48392204698095265,0.01160712339658344,0.19830326428703296,0.4725068739653661,0.00019195038099691433,0.18688809127144643,1.09883,0.043985,0.5923836,0.4021662399578202,0.005061971892509456,0.07071775649692612,0.06628007418627897,0.0005010198202060816,0.003684663026575505
BTN_DEF33,[J-8]x dis,Combo draw,observed,6138.986278,0.004034357009429014,0.03763469953074786,831,67,,,,,,,,,,,,,,,3.5042630733081803,3.5738516156364022e-06,0.7864570158757745,0.21353942092411315,0.0,3.5017917813631243,3.5081126758758945,3.5209515236639524,0.019159742300824845,0.012838847788048583,3.504263013662359,0.0024712322992315947,-0.0038496622135446665,6.28455,0.0707700000000004,0.0842699999999996,0.9980191579766875,0.004767225674518765,0.0003618840146233016,0.9929445356222375,0.0011815387217909007,0.0
BTN_DEF33,[J-8]x dis,OESD,observed,600.957224,0.0003949309998785766,0.003684133427227761,106,57,,,,,,,,,,,,,,,5.036636972086183,9.284972003265244e-09,0.8457181897079803,0.15428185752286094,0.0,5.035497004921768,5.045913191710329,5.063232907511699,0.0277359025899321,0.017319715801369553,5.036636678614495,0.0011396736927281742,-0.009276513095834372,6.43268,0.1068,0.0800500000000008,1.0000000000000004,0.013990638042484037,0.0,1.0000000000000004,0.003497844631950044,0.0
BTN_DEF33,[J-8]x dis,Gutshot,observed,1484.598104,0.00097563319020949,0.009101242621796582,171,66,,,,,,,,,,,,,,,1.9883054147841064,0.0018897008949480649,0.9325029198782381,0.06560738119625673,0.0,1.9857476415939743,1.9865131204261963,2.012664598430977,0.026916956837001987,0.026151478004779398,1.988305413823506,0.0025577722295310606,0.0017922933973084712,2.95128,0.15931,0.103434,0.9859745779387036,0.007553658441153446,0.00010411504607444927,0.9028779353742187,0.002752068717447318,5.314906423994733e-05
BTN_DEF33,[J-8]x dis,BDFD,observed,20133.220511,0.013230946546014226,0.12342554131993042,1782,67,,,,,,,,,,,,,,,0.15082497094353392,0.1427114419947981,0.7453077137492958,0.11198085366152896,0.0,0.14648748164662062,0.13193463283398288,0.16429385190911683,0.017806370262496287,0.032359219075134005,0.15082496842683116,0.004337486780210623,0.01889033559284834,0.450896,0.090444,0.1381096,0.02693900569477551,0.002506767110230852,3.566866014345021e-05,0.0018887751206630588,0.0,0.0
BTN_DEF33,[J-8]x dis,2 overcards + draw,observed,18418.919797,0.01210435971414917,0.11291612016224778,2179,67,,,,,,,,,,,,,,,0.6671004592179293,0.06979559301753145,0.8158862245969862,0.11431817736568146,0.0,0.6642536190265703,0.6487203850475507,0.7033855719313761,0.039131952904806554,0.054665186883826294,0.6671004570266009,0.0028468380000314514,0.018380071979051192,2.16217,0.15523,0.287464,0.5045527744528024,0.0061851013118888395,0.013843839530781365,0.21410369872191481,0.0003801835328660561,2.8512692697947363e-05
BTN_DEF33,[J-8]x dis,2 overcards,observed,357.019148,0.000234622238429798,0.002188685192187947,140,10,,,,,,,,,,,,,,,-0.10770762515815863,0.21052353018961045,0.585987036305036,0.20348941788364525,0.0,-0.11485075041005362,-0.2121024808300478,0.04753224979330157,0.16238300020335514,0.2596347306233494,-0.10770762507908269,0.00714312533097089,0.10439485575096516,0.246166,0.3649305,0.6906723,0.015220836278506832,0.015220836278506832,0.24130500137768524,0.0,0.0,0.0
BTN_DEF33,[J-8]x dis,A-high,observed,25648.653391,0.01685552303011616,0.15723758288853146,2637,67,,,,,,,,,,,,,,,0.19406722963510756,0.20886276181403549,0.7389585076345482,0.05217871487357601,0.0,0.15512211671291973,0.02819925880828747,0.21338969274184874,0.058267576028928465,0.18519043393356077,0.19406722899198012,0.03894511227905985,0.16586797018369215,1.26256,0.3643486,0.9724258,0.1476563342046217,0.016571594130908418,0.14533400678680486,0.10098457831352904,0.0,0.04071997122338124
BTN_DEF33,[J-8]x dis,Air / Nothing,observed,2928.4707049999997,0.0019245028056119517,0.017952819908106713,250,56,,,,,,,,,,,,,,,0.0004674732061939079,0.7460489778427255,0.12214845204341943,0.13180259492165314,0.0,-0.202423365666576,-0.11718220912601095,0.014684691981541197,0.21710805764811736,0.13186690110755214,0.00046747362525755357,0.2028908392918337,0.1176496827512685,0.0969028,0.6169796,0.381076,0.0015365924584176437,0.0746033069844214,0.016583003175372386,5.836356829801377e-05,0.0,0.0
BTN_DEF33,[J-8]x con,Two pair+,observed,3667.6680560000004,0.0024102810561751325,0.06916494728514122,335,25,,,,,,,,,,,,,,,17.519672030403992,3.1357502435874748e-09,0.6934041169696141,0.30659587216483297,0.0,17.619892726765894,17.384249834096643,17.630249680649115,0.010356953883219635,0.24599984655247933,17.519672171228496,-0.10022055553740064,0.13542233713185906,24.2124,0.0371500000000013,0.868000000000002,1.0,0.003139249742398171,0.146578539767395,1.0,0.0013453019533564898,0.03927425295873069
BTN_DEF33,[J-8]x con,Overpair,observed,2360.556253,0.0015512865209636225,0.044515410421415595,354,25,,,,,,,,,,,,,,,5.712263535722098,1.514882856723008e-08,0.9260377062895969,0.07396226730594967,0.0,5.713336748047345,5.69432096277656,5.738690942980374,0.025354194933027905,0.04436998020381007,5.712263623482438,-0.001073124564908167,0.017942660705873997,8.81561,0.12834,0.216229999999999,1.0,0.0010085745666828638,0.0025178501857121382,1.0,0.0,0.0
BTN_DEF33,[J-8]x con,Top pair,observed,4977.658514999999,0.0032711673574674603,0.09386876989322865,447,25,,,,,,,,,,,,,,,5.5312922055198745,2.087323340620927e-08,0.9460190199372622,0.0539809802491803,0.0,5.532570179249659,5.405644219206184,5.544835066164498,0.012264886914842914,0.1391908469583173,5.531292058884145,-0.0012781203655100205,0.12564783967796436,8.22269,0.08073,0.58093,1.0000000000000007,0.0017099172179753277,0.06514963090030294,1.0000000000000007,0.0007268750938010058,0.018521444314064203
BTN_DEF33,[J-8]x con,Second pair,observed,1450.688664,0.0009533489268547948,0.02735711177803271,261,25,,,,,,,,,,,,,,,3.0317407366868667,1.2661114307845727e-08,0.9733052763399379,0.026694705214873726,0.0,3.0322010244833395,2.675420810199601,3.0436275351164377,0.011426510633097502,0.36820672491683687,3.0317407589066265,-0.00046026557671382216,0.35631994870702555,4.37079,0.0199599999999998,1.00957,0.9999999999999996,0.004572492475201419,0.28075199049049704,0.979972063805966,0.002123511458003645,0.05878412309700106
BTN_DEF33,[J-8]x con,Third pair,observed,937.2184430000001,0.0006159117521459944,0.01767408151855854,219,25,,,,,,,,,,,,,,,2.5058119140778765,1.6256683928700707e-08,0.990668437830966,0.009331545985984189,0.0,2.505085706032451,1.910012999437759,2.5191990975811605,0.014113391548708564,0.6091860981434012,2.505811914594802,0.0007262085623500718,0.5957989151570426,3.88805,0.0228299999999999,1.43574,1.0000000000000002,0.004076029476940201,0.6199042980207341,0.9623834440483799,0.001289414446574223,0.19580716787068175
BTN_DEF33,[J-8]x con,Underpair,observed,11084.281755,0.007284256352392253,0.2090275759890708,444,22,,,,,,,,,,,,,,,1.3707688795479802,0.0,0.994743366802391,0.0052566352872482555,0.0,1.3705935460291288,1.0441623841840553,1.3816610285861362,0.011067482557007593,0.3374986444020809,1.3707688793106323,0.00017533328150375407,0.326606495126577,2.29612,0.00446999999999997,1.022169,1.0000000000000002,0.0034076705044926926,0.27700400060788594,0.7883921167068888,0.003096649179322491,0.06069296278006783
BTN_DEF33,[J-8]x con,Weak pair,observed,3647.213368,0.002396838850870942,0.06877921242700988,402,21,,,,,,,,,,,,,,,0.4272599808269839,0.06839659798921477,0.8775448757087303,0.054058538990166376,0.0,0.4270430930236979,0.38169983765744026,0.44742918826300143,0.020386095239303535,0.06572935060556113,0.42725998179202707,0.00021688876832915913,0.045560144134586755,1.32794,0.0662422,0.16441,0.3946495263010341,0.003543219355736908,0.022897215099262045,0.14886010063560393,0.0027727453756141197,0.0020155481070829413
BTN_DEF33,[J-8]x con,Combo draw,observed,2610.364109,0.0017154527251585544,0.04922629126664063,369,25,,,,,,,,,,,,,,,3.469962288252366,3.677655672862303e-05,0.7802049736772243,0.21975823948036255,0.0,3.468517803850749,3.462550768351725,3.4860131424471636,0.017495338596416467,0.023462374095441635,3.4699623153243833,0.0014445114736358969,0.007411546972661064,6.80795,0.0833999999999997,0.145253,0.9461913564028396,0.00256938906602167,0.002066661498064598,0.9286636843657275,0.0008497676597498759,0.0011161274359982399
BTN_DEF33,[J-8]x con,OESD,observed,319.563776,0.00021000769529089393,0.006026339184409734,36,23,,,,,,,,,,,,,,,4.149215690588297,1.29334464992678e-07,0.8845801585110604,0.1154197122858506,0.0,4.146607915973086,4.138339530570696,4.16607854597359,0.01947063000050429,0.027739015402894165,4.1492156904346675,0.0026077744615820055,0.01087615986397188,6.3075,0.109960000000001,0.26125,0.9999999999999998,0.003357032556781404,0.0011901505382136929,0.972752168255766,0.003357032556781404,0.0
BTN_DEF33,[J-8]x con,Gutshot,observed,565.8381279999999,0.00037185178700915655,0.01067058515042534,87,25,,,,,,,,,,,,,,,2.004925200523746,0.05184345204423553,0.8056693340111309,0.1424871895059518,0.0,1.979264751140355,2.0295840632438034,2.0437506201104516,0.06448586897009709,0.014166556866648207,2.0049252435038785,0.025660492363524058,-0.02465881973992482,2.92761,0.28198,0.0422899999999995,0.890300989048939,0.004326689699496533,0.003264530805884471,0.8444918296492036,0.0018668784370076954,0.0008608345318150779
BTN_DEF33,[J-8]x con,BDFD,observed,5673.570177,0.003728499556041418,0.10699228398513343,549,24,,,,,,,,,,,,,,,0.14758394047079193,0.2244077496760335,0.6603471139487598,0.11524515685641301,0.0,0.12551223395599023,0.0975796007068362,0.15789230722818473,0.032380073272194464,0.06031270652134859,0.1475839394822235,0.02207170552623324,0.05000433877538737,0.496527,0.2210491,0.2697681,0.048285036661845804,0.0007067821274611159,0.0004967833149268192,0.0008308946312342406,0.00012685751256197073,0.00014961760822862561
BTN_DEF33,[J-8]x con,2 overcards + draw,observed,7488.807608,0.004921418960304788,0.14122406268161047,897,25,,,,,,,,,,,,,,,0.6150310651186645,0.03631197254134402,0.879240254424522,0.08444777573151685,0.0,0.6146242135188132,0.6025464433728446,0.6396773710624909,0.02505315754367799,0.03713092768964795,0.6150310521741329,0.000406838655320034,0.012484608801289994,1.88403,0.1197,0.171788,0.5318613049619686,0.00316399715953285,0.005903979019673061,0.20931291335692712,0.0005969882301721965,5.49243646692973e-05
BTN_DEF33,[J-8]x con,2 overcards,observed,225.100615,0.00014792934905335714,0.00424495126947439,74,5,,,,,,,,,,,,,,,-0.08541648471614606,0.18197243877886338,0.6148648907389924,0.2031626401253546,0.0,-0.09211874309859794,-0.1486759402021825,0.0072340805292233435,0.09935282362782127,0.15591002073140584,-0.0854164848697555,0.00670225822884242,0.06325945533242698,0.0453075,0.177391,0.3576839,0.0,0.004527855243753999,0.013805830783714206,0.0,0.0,0.0014379525351363432
BTN_DEF33,[J-8]x con,A-high,observed,7019.020234,0.004612688837869068,0.13236480430222158,900,25,,,,,,,,,,,,,,,0.28146338912520186,0.14778959982427173,0.7897946804490302,0.062415736316690194,0.0,0.2352618775706477,0.0767277217769527,0.29626990413080667,0.061008026560159044,0.21954218235385384,0.28146338819210637,0.04620151062145873,0.20473566641515353,1.42037,0.422282,0.9412854,0.16770294966498325,0.03251355436967386,0.21888202452502012,0.1323813773180241,0.0,0.03747393628043502
BTN_DEF33,[J-8]x con,Air / Nothing,observed,1000.294604,0.0006573635066759176,0.018863572847627193,88,18,,,,,,,,,,,,,,,0.011531451739811674,0.7470979950333164,0.1291757881395909,0.12372624754125737,0.0,-0.21587498316863007,-0.09837389943413721,0.020868949865929097,0.23674393303455912,0.11924284930006629,0.01153144915664846,0.2274064323252785,0.10990534859078566,0.100795,0.7530479,0.3445152,0.0011088353326756523,0.17557165988671075,0.0007107446117943869,0.0003556822145968509,0.00020413386134791143,0.0
BTN_DEF33,[7-4]x,Two pair+,observed,391.067398,0.0002569977235385614,0.05646305329053786,296,20,,,,,,,,,,,,,,,20.268398238346585,0.0,0.5223222787663648,0.4776777289184488,0.0,20.753605870525437,19.727111931479026,20.76960547331002,0.015999602784581894,1.0424935418309917,20.26839807529207,-0.48520779523336943,0.5412861438130404,24.2315,0.0,2.1162,1.0000000000000002,0.012557359741862194,0.8140644595487349,1.0000000000000002,0.006710963413012505,0.46951072357097895
BTN_DEF33,[7-4]x,Overpair,observed,1734.34608,0.0011397600430707027,0.25040817935755266,690,20,,,,,,,,,,,,,,,3.8276559218336677,3.432141352088161e-07,0.9353210663784427,0.06467859587879078,0.0,3.8297082751444558,3.845412342824324,3.938248429131055,0.10854015398659642,0.09283608630672492,3.827655911477375,-0.002052363667083598,-0.017756431346955093,6.65329,0.46871,0.38479,1.0000000000000004,0.04003439382755719,0.03891597287203487,1.0000000000000004,0.006764480939121446,0.008259622554686432
BTN_DEF33,[7-4]x,Top pair,observed,184.632139,0.00012133468465467742,0.026657538717924506,258,20,,,,,,,,,,,,,,,5.41839195953286,3.950574390518219e-08,0.8563429432420266,0.1436570053616939,0.0,5.416964221660292,5.361851849287408,5.53629639745987,0.11933217579957736,0.1744445481724609,5.418392018976464,0.0014277973161719165,0.05654016968905547,7.90977,0.65317,0.61335,1.0000000000000002,0.09946430290774026,0.07096187625275793,1.0000000000000002,0.02694108960087387,0.018505326420986755
BTN_DEF33,[7-4]x,Second pair,observed,190.708731,0.00012532803802256065,0.027534888606142126,177,20,,,,,,,,,,,,,,,4.688520923454896,0.0,0.9870343878800385,0.01296560868979827,0.0,4.68453194464846,4.148831724251628,4.790732133263421,0.10620018861496172,0.6419004090117931,4.6885209496413935,0.003989004992934406,0.5396892253897658,7.5913,0.63721,1.76395,1.0000000000000002,0.07385113899163852,0.5006379178308309,1.0000000000000002,0.027108601545883078,0.2960168771717116
BTN_DEF33,[7-4]x,Third pair,observed,52.693348,3.462848233036599e-05,0.007607965612569055,81,20,,,,,,,,,,,,,,,4.156685908033113,0.0,0.9823533275479669,0.017646658796590418,0.0,4.153591173372396,2.785653125402699,4.192031977579029,0.03844080420663344,1.4063788521763314,4.156685958219343,0.0030947848469476194,1.3710328328166457,6.52681,0.47616,2.49899,1.0,0.029723220471775676,0.8280744848476891,1.0,0.0,0.6460542609666783
BTN_DEF33,[7-4]x,Underpair,observed,309.3534149999999,0.00020329775335524086,0.04466503330649636,90,10,,,,,,,,,,,,,,,2.706239447791094,0.0,0.9977664778247172,0.002233528037833364,0.0,2.706067786673311,2.0783946012091383,2.7556025750684867,0.04953478839517579,0.6772079738593478,2.7062394076389165,0.00017162096560558587,0.6278448064297776,5.55046,0.54758,0.9436,1.0,0.05074680685196252,0.6937061806801132,1.0,0.00223598630711738,0.0
BTN_DEF33,[7-4]x,Weak pair,observed,210.412506,0.00013827676590428506,0.030379757044522584,180,16,,,,,,,,,,,,,,,2.7525377879140795,0.0,0.999635225111662,0.000364774669267995,0.0,2.752452302851523,2.3007170791328146,2.8005706197918667,0.048118316940343846,0.4998535406590519,2.7525377918703477,8.548901882485249e-05,0.45182071273753294,5.79806,0.34846,1.03431,1.0,0.0,0.5141935479823618,1.0,0.0,0.06523593706925386
BTN_DEF33,[7-4]x,Combo draw,observed,237.90284700000007,0.00015634259059954335,0.034348864663302045,150,16,,,,,,,,,,,,,,,4.113748879372005,3.001696780871226e-06,0.7858631192222214,0.214133848326464,0.0,4.095472541093549,4.162349944696495,4.19491430539774,0.09944176430419094,0.0325643607012446,4.113748975730804,0.01827643463725484,-0.0486009689656915,6.88165,0.43423,0.20599,0.9999999999999994,0.024015643663146232,0.017004176498989096,0.9999999999999994,0.004428744814474624,0.0007904403094427867
BTN_DEF33,[7-4]x,OESD,observed,26.377645999999995,1.7334595031381362e-05,0.0038084546024389956,18,13,,,,,,,,,,,,,,,5.223114110395092,0.0,0.7628304705657966,0.23716960900805936,0.0,5.170103088736577,5.368230978567232,5.38114020131061,0.21103711257403324,0.012909222743379007,5.2231137634732905,0.05301067473671378,-0.14511721509394046,6.90649,0.690169999999999,0.12135,1.0000000000000002,0.19247214099393103,0.0,1.0000000000000002,0.031710828176251975,0.0
BTN_DEF33,[7-4]x,Gutshot,observed,54.893488000000005,3.607434811809942e-05,0.007925626002317637,32,16,,,,,,,,,,,,,,,2.377073795405689,4.209889632081677e-06,0.8576664815916415,0.14232935895173943,0.0,2.349933762778838,2.4948506921812124,2.5009452315483576,0.1510114687695196,0.006094539367144971,2.3770737091941068,0.027139946415268748,-0.11777698298710587,3.11991,0.52844,0.0,0.9999999999999999,0.05569276268252438,0.0011815062653697647,0.972054299045453,0.0,0.0
BTN_DEF33,[7-4]x,BDFD,observed,35.249294000000006,2.3164775076293806e-05,0.005089359981820414,39,7,,,,,,,,,,,,,,,0.587177755037085,0.001574527134699492,0.723877353292324,0.2745480930454664,0.0,0.5807642438483449,0.6835827458501067,0.7051747665583313,0.12441052270998675,0.02159202070822468,0.5871777918054897,0.006413547957145105,-0.09640495404461696,1.13112,0.484439,0.084754,0.7513203526856451,0.003369939834823358,0.0039151422436999725,0.15542748175325155,0.0,0.0039151422436999725
BTN_DEF33,[7-4]x,2 overcards + draw,observed,1915.4309529999998,0.0012587635712765222,0.2765535570765853,1396,20,,,,,,,,,,,,,,,0.6629415376509977,0.006161076713984262,0.8641767243749278,0.12966218598519638,0.0,0.6615354372210548,0.683680199459515,0.7624167226662659,0.10088128544521151,0.07873652320675048,0.6629415486381932,0.001406111417138839,-0.020738650821322188,2.72513,0.43968,0.3336443,0.5300273217418342,0.03030806613471282,0.026344029222754233,0.14953409860658134,0.0,0.011705441516899203
BTN_DEF33,[7-4]x,2 overcards,observed,537.950202,0.00035352468141849354,0.07767027136120819,366,20,,,,,,,,,,,,,,,-0.06432288379956738,0.19148993533208117,0.5949593050933604,0.21355071986404797,0.0,-0.06343583494233433,-0.154254274382669,0.06321565035501879,0.12665148529735304,0.21746992473768778,-0.06432288117498043,-0.0008870462326461825,0.08993139320768856,0.335865,0.4093025,0.7129078,0.015035021773260713,0.019384517305191012,0.11387864856680542,0.0,0.0002181874819706825,0.014606223718826673
BTN_DEF33,[7-4]x,A-high,observed,1040.409318,0.0006837256893357987,0.1502162723526397,663,16,,,,,,,,,,,,,,,0.4287219924628348,0.04701687302177259,0.8811624864992342,0.07182064928670225,0.0,0.41896988330669804,0.1507420763128322,0.4867443272873117,0.06777444398061395,0.3360022509744796,0.4287219981989181,0.009752114892220318,0.277979921886086,2.36184,0.3037794,1.9168018,0.1566060512733701,0.00011600049894977969,0.1754685342024205,0.15512470544789952,0.0,0.15873330250200626
BTN_DEF33,[7-4]x,Air / Nothing,observed,4.64863,3.0549397205774294e-06,0.0006711780239425455,4,3,,,,,,,,,,,,,,,0.26789872380369695,0.030876658711276223,0.052496485515947704,0.916626855772776,0.0,0.17612146007038634,0.27000220291354654,0.2745573089839372,0.09843584891355087,0.0045551060703906306,0.26789872380369695,0.09177726373331063,-0.0021034791098496096,0.431313,0.201011,0.0166668,0.0,0.0,0.0,0.0,0.0,0.0
BTN_STAB,ABB,Two pair+,observed,5553.87372,0.0014631898980277057,0.16774123621302425,163,6,0.37548569266068044,0.6245143146811536,8.302322312053418,8.320409847075979,0.018715723364736335,0.0006281883421720819,0.00969830766658286,-0.008389227355981393,0.0616399999999997,0.00119999999999898,0.0,0.0,0.0,0.0,8.312020704824409,,,,,,,,,,,,,,,,,,,,,
BTN_STAB,ABB,Overpair,no_rows,0.0,0.0,0.0,0,0,,,,,,,,,,,,,,,,,,,,,,,,,,,,,,,,,,,,
BTN_STAB,ABB,Top pair,observed,5586.63938,0.001471822140158377,0.1687308432136198,252,6,0.6040777577629846,0.3959222371208287,4.095023482406,4.13138946429388,0.037518815024391305,0.0011528331365107769,0.016285518065604916,-0.020080463822275612,0.10328,0.00644000000000045,0.0,0.0,0.0,0.0,4.11130897036681,,,,,,,,,,,,,,,,,,,,,
BTN_STAB,ABB,Second pair,observed,2276.7910600000005,0.0005998295688494324,0.06876493169584742,93,6,0.6759248041825188,0.3240752011225351,3.333873293285199,3.35994032552236,0.03760824281824963,0.011541210581088632,0.013774242262372807,-0.01229278997478819,0.124299999999999,0.1168,0.0,0.0006469280496911296,0.0,0.0,3.3476475554706497,,,,,,,,,,,,,,,,,,,,,
BTN_STAB,ABB,Third pair,observed,1768.7502900000002,0.00046598422775474547,0.053420796934638484,60,6,0.761548726292008,0.23845127370799182,2.528989182614805,2.499690044635808,0.0020100510722743403,0.03130918905127077,1.906336004295654e-05,0.029318201339039382,0.00512999999999986,0.26511,0.0,0.0,0.0,0.0,2.5290082459748477,,,,,,,,,,,,,,,,,,,,,
BTN_STAB,ABB,Underpair,observed,187.7305,4.945833935015906e-05,0.005669942770122825,6,1,0.5478263358117087,0.4521736641882912,2.9783014094087004,2.976868391694477,0.0010363378033936763,0.002469355517617033,-0.0006664706883842953,0.0007665470258390614,0.00451999999999986,0.00639000000000012,0.0,0.0,0.0,0.0,2.977634938720316,,,,,,,,,,,,,,,,,,,,,
BTN_STAB,ABB,Weak pair,observed,13299.26788,0.0035037444843417044,0.40167201261453356,336,6,0.8284276993785946,0.17157228686059603,0.8529130355866481,0.8072459137195881,0.005135652583466875,0.05080277445052711,0.0016475241852106225,0.047314646052270856,0.0256489999999999,0.320184,0.0,0.01839086949799826,0.0,0.0,0.8545605539678461,,,,,,,,,,,,,,,,,,,,,
BTN_STAB,ABB,Combo draw,observed,1076.4694299999999,0.00028360010956670484,0.03251213874083719,60,6,0.2943037707028243,0.7056962660365377,1.986382240484804,1.9828000453518686,0.014314438183534837,0.017896633316470498,0.012338257341880708,0.01592045247481637,0.0656700000000001,0.1359,0.0,0.0,0.0,0.0,1.9987205568253248,,,,,,,,,,,,,,,,,,,,,
BTN_STAB,ABB,OESD,observed,101.83474999999999,2.6828765827282244e-05,0.003075670732831187,4,3,0.5022858949257498,0.4977140525567158,2.525088987863181,2.5300353446706554,0.006846669738964125,0.001900312931489568,0.005696313788404176,0.000749956980929619,0.0272299999999999,0.00532000000000021,0.0,0.0,0.0,0.0,2.5307851525143907,,,,,,,,,,,,,,,,,,,,,
BTN_STAB,ABB,Gutshot,observed,251.97812000000005,6.63846277923678e-05,0.007610385737656596,16,6,0.7019122790652618,0.29808766933938546,1.1917059058429358,1.1147054119325914,0.007537264616070645,0.0845377585264149,0.005112754715195217,0.08211324862553948,0.05532,0.470327,0.0,0.0,0.0,0.0,1.1968185969214546,,,,,,,,,,,,,,,,,,,,,
BTN_STAB,ABB,BDFD,observed,2259.307549,0.0005952234690410887,0.06823688480527389,165,6,0.7902671275039572,0.20973289296129993,0.5236674821752233,0.493846298658712,0.011252044119671551,0.041073227636182694,0.005075000959707145,0.034896184476218284,0.0449349999999999,0.216522,0.0,0.0,0.0,0.0,0.5287424949928501,,,,,,,,,,,,,,,,,,,,,
BTN_STAB,ABB,2 overcards + draw,no_rows,0.0,0.0,0.0,0,0,,,,,,,,,,,,,,,,,,,,,,,,,,,,,,,,,,,,
BTN_STAB,ABB,2 overcards,no_rows,0.0,0.0,0.0,0,0,,,,,,,,,,,,,,,,,,,,,,,,,,,,,,,,,,,,
BTN_STAB,ABB,A-high,no_rows,0.0,0.0,0.0,0,0,,,,,,,,,,,,,,,,,,,,,,,,,,,,,,,,,,,,
BTN_STAB,ABB,Air / Nothing,observed,747.127139,0.0001968335863292084,0.02256515654161471,55,6,0.9957326603425257,0.004267339657474282,0.19478091367265404,0.03541579468806928,0.0,0.15936511898458472,-8.026387946786744e-05,0.15928485510511686,0.0,0.5603265,0.0,0.05760676296353893,0.0,0.0,0.19470064979318616,,,,,,,,,,,,,,,,,,,,,
BTN_STAB,A[K/Q]x,Two pair+,observed,8590.81381,0.0022632837216595746,0.08512808180278884,236,16,0.23893832241959162,0.7610616734975614,11.655649207878747,11.68399254088655,0.028909829812933573,0.0005664968051379798,0.026668196239067483,-0.00167513676872811,0.182500000000001,0.00152000000000108,0.005857419461404903,0.0,0.0,0.0,11.682317361096395,,,,,,,,,,,,,,,,,,,,,
BTN_STAB,A[K/Q]x,Overpair,no_rows,0.0,0.0,0.0,0,0,,,,,,,,,,,,,,,,,,,,,,,,,,,,,,,,,,,,
BTN_STAB,A[K/Q]x,Top pair,observed,18738.50113,0.00493673189918995,0.18568353270553437,744,16,0.5404488967413633,0.4595510997416165,6.039600298005662,6.055041600189507,0.015777892756777837,0.0003365905729302014,0.00751570353216084,-0.007925598651686796,0.0470800000000002,0.00171999999999972,0.0,0.0,0.0,0.0,6.0471159920274244,,,,,,,,,,,,,,,,,,,,,
BTN_STAB,A[K/Q]x,Second pair,observed,10044.49699,0.0026462622788149563,0.09953291740967045,330,16,0.5455961362801096,0.45440386893741413,3.518092677385313,3.5462532247693472,0.02837817041039305,0.00021762302635724084,0.013629093456463716,-0.014531453927572094,0.0708700000000002,0.0,0.0,0.0,0.0,0.0,3.5317217834559886,,,,,,,,,,,,,,,,,,,,,
BTN_STAB,A[K/Q]x,Third pair,observed,2384.6172100000003,0.0006282367925958196,0.02362964596961951,144,14,0.3411975371593582,0.6588024856517661,2.3809977966836855,2.384619272320021,0.005113985897845632,0.0014925102615106801,0.0030596570275151754,-0.0005618186088197762,0.0243299999999997,0.00675999999999988,0.0,0.0,0.0,0.0,2.3840575101494568,,,,,,,,,,,,,,,,,,,,,
BTN_STAB,A[K/Q]x,Underpair,no_rows,0.0,0.0,0.0,0,0,,,,,,,,,,,,,,,,,,,,,,,,,,,,,,,,,,,,
BTN_STAB,A[K/Q]x,Weak pair,observed,40626.36277,0.010703175224278036,0.402574704762963,912,16,0.7567822750584668,0.24321772077060633,1.1923262122663123,1.1880019700426732,0.004215089698309222,0.008539331921947975,0.0015074382047169104,0.005831680428355664,0.0150880000000001,0.07897,0.0,0.0,0.0,0.0,1.193833648710696,,,,,,,,,,,,,,,,,,,,,
BTN_STAB,A[K/Q]x,Combo draw,observed,7431.87894,0.001957957767245175,0.07364396579242632,177,16,0.30242893156734735,0.697571069962952,2.909180906360727,2.914157465137747,0.00511985397431675,0.00014329519729771133,0.003911309587590745,-0.0010652491894282941,0.0130300000000001,0.0,0.0,0.0,0.0,0.0,2.9130922210026498,,,,,,,,,,,,,,,,,,,,,
BTN_STAB,A[K/Q]x,OESD,observed,140.0571,3.689859442231902e-05,0.0013878536457143141,2,2,0.30508949778340405,0.6949105022165959,4.405901233082792,4.408792303417678,0.002891070334884684,0.0,0.002014461846245802,-0.0008766084886388823,0.00333000000000006,0.0,0.0,0.0,0.0,0.0,4.407915694929039,,,,,,,,,,,,,,,,,,,,,
BTN_STAB,A[K/Q]x,Gutshot,observed,2307.31762,0.0006078719112694066,0.0228636689659994,57,16,0.375130679848022,0.6248692939472201,2.2966106390399776,2.301864971319857,0.005339715011451249,8.538273157208841e-05,0.0031997589896083163,-0.0020545732902708443,0.0151399999999997,0.000180000000000291,0.0,0.0,0.0,0.0,2.299810335229883,,,,,,,,,,,,,,,,,,,,,
BTN_STAB,A[K/Q]x,BDFD,observed,8019.84554,0.002112859882934204,0.07947024371313331,495,16,0.7478251938521687,0.2521748202214241,0.8400524076947535,0.8319307019977544,0.007896794833115943,0.01601850053011495,0.004660952264931212,0.012782657961930219,0.0334700000000001,0.0890340000000001,0.0,0.0,0.0,0.0,0.844713372443883,,,,,,,,,,,,,,,,,,,,,
BTN_STAB,A[K/Q]x,2 overcards + draw,no_rows,0.0,0.0,0.0,0,0,,,,,,,,,,,,,,,,,,,,,,,,,,,,,,,,,,,,
BTN_STAB,A[K/Q]x,2 overcards,no_rows,0.0,0.0,0.0,0,0,,,,,,,,,,,,,,,,,,,,,,,,,,,,,,,,,,,,
BTN_STAB,A[K/Q]x,A-high,no_rows,0.0,0.0,0.0,0,0,,,,,,,,,,,,,,,,,,,,,,,,,,,,,,,,,,,,
BTN_STAB,A[K/Q]x,Air / Nothing,observed,2632.44141,0.0006935270538095365,0.026085385232150527,165,16,0.9862087882598494,0.013791217517448946,0.4572708327189436,0.3119380203148392,0.0003608820058790967,0.14569369440998345,-3.297840733885353e-05,0.1452998339967655,0.000584000000000029,0.3830599,0.0,0.008617821431398923,0.0,0.0,0.4572378586513843,,,,,,,,,,,,,,,,,,,,,
BTN_STAB,A[J-T][9-5],Two pair+,observed,8199.18023,0.0021601063130842093,0.08832918366674983,141,10,0.21933840557286294,0.7806615788867833,11.903506000289495,11.919024505992741,0.01563633372937825,0.00011782802613183487,0.013930551905282376,-0.0015879537979640401,0.0257999999999985,0.0,0.0,0.0,0.0,0.0,11.917436342454954,,,,,,,,,,,,,,,,,,,,,
BTN_STAB,A[J-T][9-5],Overpair,no_rows,0.0,0.0,0.0,0,0,,,,,,,,,,,,,,,,,,,,,,,,,,,,,,,,,,,,
BTN_STAB,A[J-T][9-5],Top pair,observed,19947.07344,0.005255135032602931,0.21488839909254043,495,10,0.5367897095958731,0.46321028983088425,5.5573487298210384,5.56759315560703,0.010843558461571546,0.0005991326755801107,0.005386209728996487,-0.004858216056994949,0.0338699999999994,0.00438999999999989,0.0,0.0,0.0,0.0,5.5627349387096245,,,,,,,,,,,,,,,,,,,,,
BTN_STAB,A[J-T][9-5],Second pair,observed,6853.07462,0.0018054694902955159,0.07382768396492753,126,10,0.6507753216370669,0.3492246894850169,2.846367259589856,2.8511617314158912,0.005053801457848438,0.00025932963181421817,0.0020508135361908394,-0.0027436582898433806,0.0142900000000004,0.000360000000000138,0.0,0.0,0.0,0.0,2.8484181062376273,,,,,,,,,,,,,,,,,,,,,
BTN_STAB,A[J-T][9-5],Third pair,observed,2983.55733,0.0007860299253333608,0.03214165026127835,123,10,0.3639540027186539,0.6360459976440673,2.535395231744617,2.53410760843895,0.0026760948515442405,0.003963718157210641,0.0016591362747407612,0.0029467595804071618,0.00862000000000007,0.0217700000000001,0.0,0.0,0.0,0.0,2.537054371183366,,,,,,,,,,,,,,,,,,,,,
BTN_STAB,A[J-T][9-5],Underpair,observed,3843.3296,0.0010125403149265093,0.04140391558757773,90,10,0.5168372020887825,0.4831627865798188,2.4332740561517285,2.4396348672682153,0.006492665761999736,0.00013185464551362187,0.0033579906406605623,-0.0030028204758255515,0.0229800000000004,0.00148999999999955,0.0,0.0,0.0,0.0,2.4366320259795917,,,,,,,,,,,,,,,,,,,,,
BTN_STAB,A[J-T][9-5],Weak pair,observed,29748.432200000003,0.007837341587450088,0.3204777377593583,450,10,0.7644345067852883,0.23556550522706876,1.1966321616007018,1.1958532733082612,0.002668006430695193,0.003446894723134344,0.0009200811614686422,0.001698969453907793,0.00987000000000005,0.031355,0.0,0.0,0.0,0.0,1.1975522608143179,,,,,,,,,,,,,,,,,,,,,
BTN_STAB,A[J-T][9-5],Combo draw,observed,7566.601139999999,0.001993450861258135,0.08151445426003259,147,10,0.27466067598751476,0.7253393240625872,3.027777621083105,3.0344050555382793,0.0067057197259376145,7.828527076292681e-05,0.005818669738456018,-0.0008087647167186693,0.0174899999999996,0.000370000000000203,0.0,0.0,0.0,0.0,3.0335962914058423,,,,,,,,,,,,,,,,,,,,,
BTN_STAB,A[J-T][9-5],OESD,observed,366.40250999999995,9.653018384508667e-05,0.003947228100113142,10,5,0.29325411880584557,0.7067458811941546,4.391646306471809,4.3972114139441905,0.005679845813010524,0.00011473834062978177,0.004426865097473323,-0.001138242374907419,0.00844999999999985,0.00122999999999962,0.0,0.0,0.0,0.0,4.396073171569283,,,,,,,,,,,,,,,,,,,,,
BTN_STAB,A[J-T][9-5],Gutshot,observed,6546.79407,0.001724778673522251,0.07052814545063595,159,10,0.3981218338315871,0.6018781671356954,2.153706707141424,2.1561448776009535,0.0031237770936027036,0.0006856066340727281,0.0017067448876595984,-0.0007314255718703771,0.00705,0.00457000000000019,0.0,0.0,0.0,0.0,2.1554134530830917,,,,,,,,,,,,,,,,,,,,,
BTN_STAB,A[J-T][9-5],BDFD,observed,5089.3610100000005,0.0013408121957169893,0.05482732307235616,225,10,0.7488222795862323,0.2511777203426781,0.9904218959333342,0.978504935175707,0.006064526433667167,0.017981487191294762,0.003180227691703252,0.015097188449330848,0.0211799999999998,0.0921839999999999,0.0,0.0,0.0,0.0,0.9936021174886381,,,,,,,,,,,,,,,,,,,,,
BTN_STAB,A[J-T][9-5],2 overcards + draw,no_rows,0.0,0.0,0.0,0,0,,,,,,,,,,,,,,,,,,,,,,,,,,,,,,,,,,,,
BTN_STAB,A[J-T][9-5],2 overcards,no_rows,0.0,0.0,0.0,0,0,,,,,,,,,,,,,,,,,,,,,,,,,,,,,,,,,,,,
BTN_STAB,A[J-T][9-5],A-high,no_rows,0.0,0.0,0.0,0,0,,,,,,,,,,,,,,,,,,,,,,,,,,,,,,,,,,,,
BTN_STAB,A[J-T][9-5],Air / Nothing,observed,1681.4628,0.0004429879948493645,0.018114278784430067,75,10,0.9866315827672785,0.01336841723272141,0.5922795051327688,0.5081880468080763,0.0007197245260495757,0.08481118285074223,3.799474384239584e-05,0.08412945306853505,0.00463299999999989,0.268974,0.0,0.0,0.0,0.0,0.5923174998766113,,,,,,,,,,,,,,,,,,,,,
BTN_STAB,A[J-T][4-2],Two pair+,observed,3840.1092399999993,0.0010116918984054341,0.07154530188018572,81,6,0.21484048142310408,0.7851594844450805,12.366868106749541,12.442798223657151,0.07618875505400989,0.00025863814639815244,0.07436633551256472,-0.0015637813950470218,0.5238,0.0,0.06243429158280925,0.0,0.0,0.0,12.441234032550154,,,,,,,,,,,,,,,,,,,,,
BTN_STAB,A[J-T][4-2],Overpair,no_rows,0.0,0.0,0.0,0,0,,,,,,,,,,,,,,,,,,,,,,,,,,,,,,,,,,,,
BTN_STAB,A[J-T][4-2],Top pair,observed,11287.86961,0.0029738336909118524,0.21030496487428688,297,6,0.52486899610206,0.4751310028222989,6.283992129796944,6.2917138151988015,0.008140979424247645,0.00041929402239081377,0.004022703300849893,-0.003698982101006939,0.0248800000000005,0.0035400000000001,0.0,0.0,0.0,0.0,6.288014824337746,,,,,,,,,,,,,,,,,,,,,
BTN_STAB,A[J-T][4-2],Second pair,observed,4048.8611,0.0010666883978120672,0.07543457010364656,81,6,0.5874309970495927,0.41256901633578646,3.170474791586626,3.178557625758982,0.008082834172355283,0.0,0.0038236004561667163,-0.004259233716188567,0.01728,0.0,0.0,0.0,0.0,0.0,3.1742984395129583,,,,,,,,,,,,,,,,,,,,,
BTN_STAB,A[J-T][4-2],Third pair,observed,394.53271,0.00010394119578820645,0.00735056220394339,18,4,0.3473468353218926,0.6526531646781073,2.8536133175918423,2.854701997588996,0.003055884390168868,0.0019672043930147385,0.0019250968753263778,0.0008364168781722482,0.0263500000000003,0.0107699999999995,0.0,0.0,0.0,0.0,2.855538414467168,,,,,,,,,,,,,,,,,,,,,
BTN_STAB,A[J-T][4-2],Underpair,observed,2188.7944,0.0005766465023154351,0.040779557641349815,54,6,0.48052179570068343,0.5194782351041285,2.7316150780475317,2.740378346689848,0.008839929036733644,7.66603944162101e-05,0.004610930298170766,-0.004152338344146668,0.0244200000000001,0.000889999999999613,0.0,0.0,0.0,0.0,2.7362260856164924,,,,,,,,,,,,,,,,,,,,,
BTN_STAB,A[J-T][4-2],Weak pair,observed,18218.3209,0.0047996883695632575,0.3394266118691449,270,6,0.7193497414434388,0.2806502573761341,1.3796110446187166,1.3826499501903604,0.003233486785876084,0.0001945812142325393,0.001316860648675899,-0.0017220449229676457,0.0120799999999999,0.0011000000000001,0.0,0.0,0.0,0.0,1.380927903984487,,,,,,,,,,,,,,,,,,,,,
BTN_STAB,A[J-T][4-2],Combo draw,observed,4182.447480000001,0.0011018822555741215,0.07792342583322504,78,6,0.28303277292879003,0.716967257179203,3.006151752801807,3.012534976005652,0.006383223203845204,0.0,0.00556015896981699,-0.0008230642340282142,0.0439799999999999,0.0,0.0,0.0,0.0,0.0,3.011712000585312,,,,,,,,,,,,,,,,,,,,,
BTN_STAB,A[J-T][4-2],OESD,no_rows,0.0,0.0,0.0,0,0,,,,,,,,,,,,,,,,,,,,,,,,,,,,,,,,,,,,
BTN_STAB,A[J-T][4-2],Gutshot,observed,3874.81831,0.001020836139552123,0.07219196861176301,98,6,0.45316492044864426,0.5468350891897691,2.378119243694319,2.379765918016605,0.0021708689775959997,0.0005241946553101882,0.0009041755958525898,-0.0007424987264332216,0.00746000000000002,0.00281999999999982,0.0,0.0,0.0,0.0,2.379023442781833,,,,,,,,,,,,,,,,,,,,,
BTN_STAB,A[J-T][4-2],BDFD,observed,4241.62245,0.0011174721344019915,0.07902591819159369,201,6,0.7566224400291779,0.24337755997082203,1.0337948748105852,1.0255954186431706,0.0064132777671902326,0.014612733934605616,0.0031293661752071532,0.011328822342622537,0.0211299999999999,0.0857439999999999,0.0,0.0,0.0,0.0,1.0369242409857926,,,,,,,,,,,,,,,,,,,,,
BTN_STAB,A[J-T][4-2],2 overcards + draw,no_rows,0.0,0.0,0.0,0,0,,,,,,,,,,,,,,,,,,,,,,,,,,,,,,,,,,,,
BTN_STAB,A[J-T][4-2],2 overcards,no_rows,0.0,0.0,0.0,0,0,,,,,,,,,,,,,,,,,,,,,,,,,,,,,,,,,,,,
BTN_STAB,A[J-T][4-2],A-high,no_rows,0.0,0.0,0.0,0,0,,,,,,,,,,,,,,,,,,,,,,,,,,,,,,,,,,,,
BTN_STAB,A[J-T][4-2],Air / Nothing,observed,1396.4379999999996,0.0003678970891009047,0.026017118790860955,67,6,0.9831935723169952,0.01680640163659253,0.6257403137567656,0.5389101558572742,0.0007879228858710522,0.08761808078536254,5.982795667518735e-05,0.08688998585616667,0.00503400000000009,0.294029,0.0,0.0,0.0,0.0,0.6258001148184362,,,,,,,,,,,,,,,,,,,,,
BTN_STAB,A[9-7]x,Two pair+,observed,15870.92424,0.004181257477408227,0.0661662887546099,192,18,0.1727841618592541,0.8272158506974753,12.19689585978219,12.208448281818145,0.012530103389706731,0.0009776813537545545,0.011146260013069544,-0.00040616202288263226,0.0692000000000004,0.00450000000000017,0.0,0.0,0.0,0.0,12.208042233508147,,,,,,,,,,,,,,,,,,,,,
BTN_STAB,A[9-7]x,Overpair,no_rows,0.0,0.0,0.0,0,0,,,,,,,,,,,,,,,,,,,,,,,,,,,,,,,,,,,,
BTN_STAB,A[9-7]x,Top pair,observed,56106.445999999996,0.014781464098797872,0.23390920723284403,972,18,0.5713180948453409,0.4286818887089444,6.19239548462201,6.193855237099734,0.003069755852924648,0.0016100033752004183,0.0007773361642867058,-0.0006824163134375239,0.0117000000000003,0.008490000000001,0.0,0.0,0.0,0.0,6.193172704089835,,,,,,,,,,,,,,,,,,,,,
BTN_STAB,A[9-7]x,Second pair,observed,7763.04672,0.0020452052227469654,0.032364340168449274,219,18,0.3409977818720315,0.65900218899396,3.3339073612820402,3.336251753120558,0.0034075190413255523,0.0010631272028078194,0.0019885885595311127,-0.00035580327898662007,0.0137900000000002,0.00489000000000006,0.0,0.0,0.0,0.0,3.335895850909077,,,,,,,,,,,,,,,,,,,,,
BTN_STAB,A[9-7]x,Third pair,observed,4234.0685699999985,0.0011154820349751511,0.01765194007437579,126,15,0.11344587856939223,0.8865541214306083,3.172603056423483,3.1792708374334393,0.010760860431341618,0.004093079421384975,0.010257392186274684,0.003589611176318042,0.0627000000000004,0.00282999999999989,0.0,0.0,0.0,0.0,3.1828604486097567,,,,,,,,,,,,,,,,,,,,,
BTN_STAB,A[9-7]x,Underpair,observed,41310.8495,0.010883505948230832,0.17222598730741795,420,18,0.6293188951223313,0.3706811018178458,2.416852326139578,2.417933145921992,0.0018440584300983725,0.0007632386476826143,0.0003795020792559977,-0.0007013177031597605,0.00701000000000018,0.00397000000000025,0.0,0.0,0.0,0.0,2.4172318187114694,,,,,,,,,,,,,,,,,,,,,
BTN_STAB,A[9-7]x,Weak pair,observed,44610.399600000004,0.011752785412935032,0.18598189599776796,552,18,0.5133690673166059,0.4866309299082115,1.8437885983666678,1.8450819944370556,0.002472841398936951,0.0011794453285506987,0.0007839447415616319,-0.0005094513288246205,0.0075400000000001,0.0072000000000001,0.0,0.0,0.0,0.0,1.844572539043882,,,,,,,,,,,,,,,,,,,,,
BTN_STAB,A[9-7]x,Combo draw,observed,7441.28449,0.001960435696423838,0.03102290520860933,168,18,0.14212087690158987,0.8578791364404479,4.105183946599307,4.119286235167391,0.014561171685051397,0.0004588831169657144,0.014125323911316563,2.303534323087994e-05,0.0797899999999996,0.0023799999999996,0.0,0.0,0.0,0.0,4.119309332979243,,,,,,,,,,,,,,,,,,,,,
BTN_STAB,A[9-7]x,OESD,observed,770.1067300000001,0.00020288765005250248,0.0032105946382520447,17,10,0.1895900333845933,0.8104101512470874,5.056082223685021,5.066933881008934,0.011183155909830877,0.00033149858591674807,0.010716786800652559,-0.00013487052326157083,0.0200800000000001,0.00143000000000004,0.0,0.0,0.0,0.0,5.066799918209303,,,,,,,,,,,,,,,,,,,,,
BTN_STAB,A[9-7]x,Gutshot,observed,1692.1256500000002,0.0004457971646632192,0.007054515078888814,39,18,0.23970815796492423,0.7602918420350758,3.0668483527265837,3.0736964010109404,0.007748153994592602,0.0009001057102349163,0.0068250608001717405,-2.2987484185944948e-05,0.0544900000000004,0.00404999999999989,0.0,0.0,0.0,0.0,3.073673413526755,,,,,,,,,,,,,,,,,,,,,
BTN_STAB,A[9-7]x,BDFD,observed,37012.74774,0.009751154117241218,0.1543070912274971,603,18,0.5284549252735385,0.4715450748928375,1.5688913147616068,1.5699031829048937,0.0021133211867398723,0.0011014530434535045,0.000665349060308346,-0.0003465190829780218,0.00718999999999981,0.00397000000000003,0.0,0.0,0.0,0.0,1.5695566634416067,,,,,,,,,,,,,,,,,,,,,
BTN_STAB,A[9-7]x,2 overcards + draw,no_rows,0.0,0.0,0.0,0,0,,,,,,,,,,,,,,,,,,,,,,,,,,,,,,,,,,,,
BTN_STAB,A[9-7]x,2 overcards,no_rows,0.0,0.0,0.0,0,0,,,,,,,,,,,,,,,,,,,,,,,,,,,,,,,,,,,,
BTN_STAB,A[9-7]x,A-high,no_rows,0.0,0.0,0.0,0,0,,,,,,,,,,,,,,,,,,,,,,,,,,,,,,,,,,,,
BTN_STAB,A[9-7]x,Air / Nothing,observed,23052.205609999997,0.006073194328193981,0.09610523431128785,417,18,0.8915441794697556,0.10845582435601614,1.1224254656942187,1.092672408699074,0.0010631534810651004,0.030816210476210047,8.305573544305765e-05,0.029836112730588005,0.0068499999999998,0.0916700000000001,0.0,0.0,0.0,0.0,1.1225085249205313,,,,,,,,,,,,,,,,,,,,,
BTN_STAB,A[6-2]x,Two pair+,observed,7233.635369999999,0.0019057297182118692,0.049864950277256584,116,10,0.14604431577316293,0.8539556755325504,12.268125413701966,12.27840221419928,0.013937550114141335,0.003660749616827846,0.011280184578894051,0.0010033840815805626,0.0603999999999978,0.0164599999999986,0.0,0.0,0.0,0.0,12.279405475513181,,,,,,,,,,,,,,,,,,,,,
BTN_STAB,A[6-2]x,Overpair,no_rows,0.0,0.0,0.0,0,0,,,,,,,,,,,,,,,,,,,,,,,,,,,,,,,,,,,,
BTN_STAB,A[6-2]x,Top pair,observed,33059.36851,0.008709620794008124,0.22789423058086106,540,10,0.540188323597635,0.4598116526893233,6.749973599629677,6.7482936583770154,0.002574279660694581,0.00425422091336553,-0.0006687884709810823,0.0010111527816898669,0.0110900000000003,0.0161699999999998,0.0,0.0,0.0,0.0,6.749304641772815,,,,,,,,,,,,,,,,,,,,,
BTN_STAB,A[6-2]x,Second pair,observed,3374.26274,0.0008889628038678719,0.02326042648628826,99,10,0.16749758216711363,0.8325024178328864,3.988902625680299,3.991074038974481,0.0070284547580904124,0.004857041463908054,0.0065037789943427765,0.004332365700160418,0.04616,0.00653999999999977,0.0,0.0,0.0,0.0,3.9954064046746414,,,,,,,,,,,,,,,,,,,,,
BTN_STAB,A[6-2]x,Third pair,observed,653.79797,0.00017224564930421593,0.004506945898963842,21,5,0.1111295127433938,0.8888704872566063,3.556200878875167,3.565099218322137,0.009194462483265373,0.0002961230362951097,0.00872166801986477,-0.00017667142710549397,0.0545499999999994,0.00239999999999974,0.0,0.0,0.0,0.0,3.5649225468950316,,,,,,,,,,,,,,,,,,,,,
BTN_STAB,A[6-2]x,Underpair,observed,48702.0674,0.012830751404398957,0.33572692637679896,420,10,0.5488180906640732,0.4511819041366384,2.3581738666574767,2.3577077736669354,0.0009809572177217416,0.0014470502082628285,-0.0002836424261287835,0.00018245056441230337,0.00462999999999969,0.00558000000000014,0.0,0.0,0.0,0.0,2.3578902133748736,,,,,,,,,,,,,,,,,,,,,
BTN_STAB,A[6-2]x,Weak pair,observed,7296.3279999999995,0.0019222463384163324,0.0502971209242131,120,9,0.34935533549796555,0.650644640677763,2.7294129924039865,2.729752638775285,0.0014917293508460725,0.0011520829795480677,0.00022390457292190873,-0.00011574179837609607,0.00635999999999992,0.0043599999999997,0.0,0.0,0.0,0.0,2.7296368335898573,,,,,,,,,,,,,,,,,,,,,
BTN_STAB,A[6-2]x,Combo draw,observed,2559.6648299999997,0.000674353777275441,0.017645008760566325,72,10,0.1016784142417193,0.8983215416885266,4.453124582958622,4.477323424031772,0.024939496312765347,0.0007406552396158438,0.024273635389122646,7.479431597314195e-05,0.17044,0.0030199999999998,0.0,0.0,0.0,0.0,4.4773980638114335,,,,,,,,,,,,,,,,,,,,,
BTN_STAB,A[6-2]x,OESD,observed,290.3999,7.650699700609253e-05,0.002001867088031047,8,6,0.13153617902519937,0.8684638209748006,5.488263067909458,5.5137280990992075,0.02570169931532375,0.00023666812557435738,0.025274037231979588,-0.0001909939577698049,0.19038,0.00103999999999971,0.0,0.0,0.0,0.0,5.513537105141438,,,,,,,,,,,,,,,,,,,,,
BTN_STAB,A[6-2]x,Gutshot,observed,558.0278,0.00014701462095516012,0.0038467557565494046,16,10,0.20473014555690597,0.795269854443094,3.2684363227353557,3.2794723759210567,0.011616752772711382,0.0005806995870097893,0.010638764921541043,-0.00039728826416054856,0.073,0.00389000000000017,0.0,0.0,0.0,0.0,3.279075087656896,,,,,,,,,,,,,,,,,,,,,
BTN_STAB,A[6-2]x,BDFD,observed,26226.357210000002,0.006909437064359125,0.18079097595296953,420,10,0.49972196449067463,0.5002780180133587,1.5138271134660608,1.5129803930302832,0.0012399303633712706,0.0020866507991484772,-0.0002168530074174895,0.0006298674283597172,0.00552999999999981,0.00794000000000006,0.0,0.0,0.0,0.0,1.5136102349450582,,,,,,,,,,,,,,,,,,,,,
BTN_STAB,A[6-2]x,2 overcards + draw,no_rows,0.0,0.0,0.0,0,0,,,,,,,,,,,,,,,,,,,,,,,,,,,,,,,,,,,,
BTN_STAB,A[6-2]x,2 overcards,no_rows,0.0,0.0,0.0,0,0,,,,,,,,,,,,,,,,,,,,,,,,,,,,,,,,,,,,
BTN_STAB,A[6-2]x,A-high,no_rows,0.0,0.0,0.0,0,0,,,,,,,,,,,,,,,,,,,,,,,,,,,,,,,,,,,,
BTN_STAB,A[6-2]x,Air / Nothing,observed,15110.61615,0.003980951317642546,0.10416479189750207,260,10,0.8587023942556742,0.1412976132641355,1.153098249693223,1.1349089117719309,0.0015068220388723297,0.01969615996016417,0.0003377274942201749,0.018527065415512016,0.00800000000000001,0.0682499999999999,0.0,0.0,0.0,0.0,1.153435984375344,,,,,,,,,,,,,,,,,,,,,
BTN_STAB,BBB,Two pair+,observed,4318.37002,0.001137691583886013,0.18025737768193287,129,4,0.3422161881774572,0.657783797387119,8.600461353681363,8.617056392935895,0.017475209145324737,0.0008801698907913902,0.009576609511227142,-0.007018429743306204,0.0613899999999994,0.00601000000000074,0.0,0.0,0.0,0.0,8.610037834536332,,,,,,,,,,,,,,,,,,,,,
BTN_STAB,BBB,Overpair,no_rows,0.0,0.0,0.0,0,0,,,,,,,,,,,,,,,,,,,,,,,,,,,,,,,,,,,,
BTN_STAB,BBB,Top pair,observed,2109.8951599999996,0.0005558601868984428,0.08807123219269711,87,4,0.6050044424464769,0.3949955416364812,4.675218158857572,4.706777247491245,0.034357949237345024,0.002798860603670915,0.012416423058533452,-0.019142665575140657,0.0859100000000002,0.0173999999999994,0.0,0.0,0.0,0.0,4.687634506577479,,,,,,,,,,,,,,,,,,,,,
BTN_STAB,BBB,Second pair,observed,1927.0060999999998,0.0005076773439778114,0.08043707805360514,66,4,0.6819172417104024,0.3180827628443106,3.6260992388366597,3.675781197046497,0.05000894714879207,0.00032698893895559915,0.017983104366088687,-0.03169885384374778,0.13919,0.00272999999999968,0.0,0.0,0.0,0.0,3.6440823598808327,,,,,,,,,,,,,,,,,,,,,
BTN_STAB,BBB,Third pair,observed,1601.6316800000002,0.000421956171977411,0.06685530079914473,54,4,0.8556773938832677,0.14432260611673217,2.9742307041851843,2.949484239320053,0.004197739251011839,0.02894420411614236,0.0009654437637896408,0.025711908628920165,0.0258199999999995,0.14169,0.0,0.0,0.0,0.0,2.975196147948974,,,,,,,,,,,,,,,,,,,,,
BTN_STAB,BBB,Underpair,observed,192.1739,5.06289705745392e-05,0.008021721879430331,6,1,0.5146944562471804,0.4853055437528197,4.274997716479709,4.2697083365431,9.617959566819205e-05,0.005385559532277639,-0.002435506809654813,0.0028538731269546346,0.000579999999999359,0.01166,0.0,0.0,0.0,0.0,4.272562209670054,,,,,,,,,,,,,,,,,,,,,
BTN_STAB,BBB,Weak pair,observed,8621.0421,0.0022712474836737123,0.3598594920385131,204,4,0.814749355138957,0.18525065964825765,0.9529566935271433,0.8801854142861912,0.004582521128704381,0.07735380036965597,0.0021471227916850144,0.07491840203263661,0.034007,0.360214,0.0,0.0,0.0,0.0,0.9551038269177559,,,,,,,,,,,,,,,,,,,,,
BTN_STAB,BBB,Combo draw,observed,2532.57128,0.000667215874856279,0.10571457647470796,132,4,0.37950492070332953,0.6204950866154771,1.666664038895568,1.6570244375748742,0.007004905862116573,0.016644507182810676,0.00507543737423313,0.014715038694927234,0.0249199999999998,0.101690000000001,0.0,0.0,0.0,0.0,1.671739489577588,,,,,,,,,,,,,,,,,,,,,
BTN_STAB,BBB,OESD,observed,84.61422,2.2291949398787174e-05,0.0035319663070007504,7,3,0.31529613117558725,0.6847038688244127,1.8992640069175135,1.8845197427347318,0.013994083201381324,0.028738347384163084,0.01318782931426366,0.02793209349704542,0.0582,0.20606,0.0,0.0,0.0,0.0,1.9124518362317768,,,,,,,,,,,,,,,,,,,,,
BTN_STAB,BBB,Gutshot,observed,743.59632,0.00019590337816225635,0.03103919350966951,37,4,0.785898077255264,0.2141020080934639,1.1007900023212056,1.0556190211755219,0.007804635422751967,0.052975616568435926,0.003418229985516068,0.04858921113120003,0.03488,0.230599,0.0,0.0,0.0,0.0,1.1042083267442357,,,,,,,,,,,,,,,,,,,,,
BTN_STAB,BBB,BDFD,observed,1370.3096600000001,0.0003610134750564297,0.057199458309462096,87,4,0.7857208435630527,0.2142791686862807,0.4954412284512465,0.46600400028516187,0.008580742342924153,0.03801797050900889,0.0037864306947739046,0.03322365886085864,0.027285,0.176966,0.0,0.0,0.0,0.0,0.4992276653675892,,,,,,,,,,,,,,,,,,,,,
BTN_STAB,BBB,2 overcards + draw,no_rows,0.0,0.0,0.0,0,0,,,,,,,,,,,,,,,,,,,,,,,,,,,,,,,,,,,,
BTN_STAB,BBB,2 overcards,no_rows,0.0,0.0,0.0,0,0,,,,,,,,,,,,,,,,,,,,,,,,,,,,,,,,,,,,
BTN_STAB,BBB,A-high,no_rows,0.0,0.0,0.0,0,0,,,,,,,,,,,,,,,,,,,,,,,,,,,,,,,,,,,,
BTN_STAB,BBB,Air / Nothing,observed,455.47902,0.00011999774111312697,0.01901260275383642,29,4,1.0,0.0,0.16196741180601468,0.010742976792720333,0.0,0.15122443501329438,0.0,0.15122443501329438,0.0,0.3509889,0.0,0.0,0.0,0.0,0.1619674118060147,,,,,,,,,,,,,,,,,,,,,
BTN_STAB,BBx,Two pair+,observed,30955.645709999997,0.008155386739653254,0.07955454251409119,602,48,0.25208384734044925,0.7479161506445229,12.084629197893298,12.109477855040183,0.02528039642825788,0.0004317392813609682,0.02188659196904362,-0.002962065177853294,0.1381,0.00289999999999857,0.003677966890647684,0.0,0.0,0.0,12.106515746318726,,,,,,,,,,,,,,,,,,,,,
BTN_STAB,BBx,Overpair,observed,1890.3152,0.0004980109819148395,0.004858020483638389,48,8,0.2557153852202004,0.7442846147797996,6.926792106361944,6.927429548602795,0.001977239704256732,0.0013397974634071223,0.0005821381016075406,-5.530413924206899e-05,0.0063500000000003,0.0065299999999997,0.0,0.0,0.0,0.0,6.927374244463552,,,,,,,,,,,,,,,,,,,,,
BTN_STAB,BBx,Top pair,observed,47184.29247,0.012430887623366553,0.12126139562610753,1227,48,0.450051147913871,0.5499488547345772,6.217355715845911,6.230196474390758,0.013568379605788335,0.0007276210609500671,0.0073976847478604306,-0.005443073796977837,0.0421300000000002,0.0056699999999994,0.0,0.0,0.0,0.0,6.224753418721717,,,,,,,,,,,,,,,,,,,,,
BTN_STAB,BBx,Second pair,observed,34869.32315,0.009186460469998518,0.08961250806918669,816,48,0.6115166888762857,0.38848331092434646,3.919656558007799,3.941796267843984,0.022595788165974216,0.0004560783297854161,0.00925362402105658,-0.012886085815132219,0.08005,0.00378999999999996,0.0,0.0,0.0,0.0,3.9289101813825296,,,,,,,,,,,,,,,,,,,,,
BTN_STAB,BBx,Third pair,observed,12432.765639999998,0.0032754610576550816,0.03195161851705765,549,48,0.462579038122456,0.5374209665350438,2.9218866523160165,2.9215034962745596,0.007492900543092653,0.007876056584550883,0.005511643881128483,0.005894799922586713,0.0303800000000001,0.0727800000000003,0.0,0.0,0.0,0.0,2.9273983044443255,,,,,,,,,,,,,,,,,,,,,
BTN_STAB,BBx,Underpair,observed,7490.92725,0.0019735142769973643,0.01925132804409814,192,24,0.629855969179622,0.3701440319281194,3.9030318566774502,3.929186346344828,0.0261760180985872,2.1528431209895635e-05,0.00949202399684174,-0.016662465670535566,0.0640399999999999,0.0,0.0,0.0,0.0,0.0,3.9125238855949904,,,,,,,,,,,,,,,,,,,,,
BTN_STAB,BBx,Weak pair,observed,123143.51920000001,0.0324426449690723,0.31647300868178874,2208,48,0.6893645941962099,0.3106354104955262,1.7032824714071593,1.7072828950310672,0.0067984400982833045,0.0027980164743757023,0.0028551887998648443,-0.0011452348240427578,0.02512,0.0112200000000002,0.0,0.0,0.0,0.0,1.706137666871787,,,,,,,,,,,,,,,,,,,,,
BTN_STAB,BBx,Combo draw,observed,25742.84964,0.00678205509139559,0.06615790364397595,717,48,0.28937253815773045,0.7106274566733263,3.632748167665945,3.6412823993136376,0.008760183083860795,0.0002259514361713097,0.007370659986845296,-0.001163571660844189,0.02989,0.00170999999999966,0.0,0.0,0.0,0.0,3.6401187961682244,,,,,,,,,,,,,,,,,,,,,
BTN_STAB,BBx,OESD,observed,3732.71821,0.0009833993087361844,0.009592908909492989,98,47,0.3359793545876237,0.6640206403530337,4.23217324591676,4.237828673632774,0.0060515187241793715,0.0003960910081664046,0.004392738730291431,-0.0012626889857215362,0.0160100000000001,0.0035099999999999,0.0,0.0,0.0,0.0,4.236565948725297,,,,,,,,,,,,,,,,,,,,,
BTN_STAB,BBx,Gutshot,observed,17054.53387,0.004493084094493124,0.04382934384665831,621,48,0.4991879713974085,0.5008120139186708,2.5866250848087287,2.594129384707397,0.008356916995285776,0.0008526170966172552,0.004531166148688445,-0.0029731337499800756,0.0183,0.00314000000000014,0.0,0.0,0.0,0.0,2.591156211686524,,,,,,,,,,,,,,,,,,,,,
BTN_STAB,BBx,BDFD,observed,44749.56535,0.01178944917769046,0.11500426230726742,1965,48,0.5907243236360519,0.4092756689506018,1.2881648719574572,1.2959453953159121,0.010066808612944214,0.0022862852544892937,0.004808012665236903,-0.0029725106932180175,0.03101,0.01518,0.0,0.0,0.0,0.0,1.2929728747605935,,,,,,,,,,,,,,,,,,,,,
BTN_STAB,BBx,2 overcards + draw,observed,25398.9743,0.006691459779180094,0.06527416031612347,528,24,0.3445560424175278,0.6554439473992302,3.417132710794939,3.425885993275447,0.008862151655391858,0.00010886917488632174,0.006892900117981096,-0.0018603823625244396,0.0154799999999993,0.000589999999999868,0.0,0.0,0.0,0.0,3.4240255758299005,,,,,,,,,,,,,,,,,,,,,
BTN_STAB,BBx,2 overcards,no_rows,0.0,0.0,0.0,0,0,,,,,,,,,,,,,,,,,,,,,,,,,,,,,,,,,,,,
BTN_STAB,BBx,A-high,observed,8750.63839,0.0023053901365156404,0.02248872597730392,326,48,0.8901884335527812,0.10981157211102743,0.7425123192109062,0.6933989443622492,0.0016276834349339402,0.05074105828359111,0.0005541060590595255,0.04966748090771669,0.0104780000000001,0.246523,0.0,0.0,0.0,0.0,0.7430664314781638,,,,,,,,,,,,,,,,,,,,,
BTN_STAB,BBx,Air / Nothing,observed,5716.16496,0.0015059461641724087,0.014690273063209781,329,48,0.9673150736292344,0.03268493588424536,0.6862512506184146,0.6334701962683073,0.001481071985751439,0.05426212633585873,0.00015532545424236594,0.052936379804349655,0.00926700000000003,0.159876,0.0,0.0,0.0,0.0,0.6864065834294466,,,,,,,,,,,,,,,,,,,,,
BTN_STAB,K/Qx dis,Two pair+,observed,24980.66625,0.006581254876461551,0.049093771872069585,357,42,0.08870957217038675,0.9112904347251768,14.522410782748587,14.584440452324122,0.06311469213999055,0.0010850225644642765,0.06160538484902806,-0.00042428472649821123,0.390700000000002,0.00490000000000101,0.046574637295752674,0.0,0.0005376918239720688,0.0,14.584016276881737,,,,,,,,,,,,,,,,,,,,,
BTN_STAB,K/Qx dis,Overpair,no_rows,0.0,0.0,0.0,0,0,,,,,,,,,,,,,,,,,,,,,,,,,,,,,,,,,,,,
BTN_STAB,K/Qx dis,Top pair,observed,77498.70187,0.020417338132499865,0.15230592938998627,1290,42,0.4271798408510524,0.5728201530882128,6.838951573265798,6.840292834394321,0.004151667985656263,0.00281040685712972,0.001109454383583809,-0.00023180674494273357,0.0171399999999995,0.0125200000000003,0.0,0.0,0.0,0.0,6.840060988057159,,,,,,,,,,,,,,,,,,,,,
BTN_STAB,K/Qx dis,Second pair,observed,20963.6969,0.00552296848574993,0.04119933963746112,615,42,0.2901519662428706,0.7098480238662562,4.033786666717979,4.037362155611976,0.006940485638007857,0.0033649967440141804,0.003744336193706864,0.00016884729971318718,0.0266699999999997,0.0143900000000006,0.0,0.0,0.0,0.0,4.037530963536043,,,,,,,,,,,,,,,,,,,,,
BTN_STAB,K/Qx dis,Third pair,observed,11961.59999,0.0031513306121076713,0.023507782188716037,324,42,0.37591209855471597,0.6240878925778522,3.429515172507436,3.4300240775445032,0.005746310920743331,0.0052374058836755525,0.004091475925995279,0.0035825708889275013,0.0283900000000004,0.0135099999999997,0.0,0.0,0.0,0.0,3.4336066177394886,,,,,,,,,,,,,,,,,,,,,
BTN_STAB,K/Qx dis,Underpair,observed,99597.91269999999,0.026239462233809185,0.1957368613028126,1050,42,0.5170793538884095,0.4829206385289315,3.078852196825359,3.077213735107292,0.002433272728997658,0.004071734447061344,-0.000958088439217302,0.0006803732788463841,0.01126,0.0133899999999998,0.0,0.0,0.0,0.0,3.0778940840495634,,,,,,,,,,,,,,,,,,,,,
BTN_STAB,K/Qx dis,Weak pair,observed,76290.8544,0.020099125961038695,0.14993218212660264,1092,42,0.4968467308952262,0.503153253317306,2.2660395693479467,2.265534856764877,0.0012708626287713978,0.0017755752118434856,-0.00029878101005786505,0.00020593157301422279,0.00502000000000002,0.00796999999999981,0.0,0.0,0.0,0.0,2.2657407525812605,,,,,,,,,,,,,,,,,,,,,
BTN_STAB,K/Qx dis,Combo draw,observed,21260.11892,0.005601062033980078,0.041781889153238674,438,38,0.2471279963135554,0.7528719990633846,4.2158324046659486,4.221059367543696,0.005961313242075729,0.0007343503643252474,0.005024259891748767,-0.0002027029860017139,0.0126100000000005,0.00280000000000014,0.0,0.0,0.0,0.0,4.220856645057485,,,,,,,,,,,,,,,,,,,,,
BTN_STAB,K/Qx dis,OESD,observed,1449.2056400000001,0.0003817989316135867,0.002848081407191316,37,24,0.24857816801155974,0.7514218512055887,5.334985161759997,5.3506691384467,0.01628435325852032,0.0006003765718162954,0.01524166640732174,-0.0004423102793822864,0.0980799999999995,0.00361000000000011,0.0,0.0,0.0,0.0,5.350226934967044,,,,,,,,,,,,,,,,,,,,,
BTN_STAB,K/Qx dis,Gutshot,observed,5541.03929,0.0014598086169129916,0.010889642258337863,109,38,0.33191448379510957,0.668085514525231,3.3215689328005467,3.3240396118211435,0.0035550431616051866,0.001084364141009393,0.0021767071979753856,-0.00029397182262040807,0.0111599999999998,0.00489000000000051,0.0,0.0,0.0,0.0,3.3237456345023406,,,,,,,,,,,,,,,,,,,,,
BTN_STAB,K/Qx dis,BDFD,observed,99165.72988,0.026125601968306947,0.1948875050622797,2058,42,0.4660583640562524,0.5339416288137702,2.077939782202357,2.0771951059909854,0.0014817572078782723,0.0022264334192515123,-0.00013030956136562597,0.000614366650007614,0.00816000000000017,0.00704999999999956,0.0,0.0,0.0,0.0,2.0778094578315285,,,,,,,,,,,,,,,,,,,,,
BTN_STAB,K/Qx dis,2 overcards + draw,no_rows,0.0,0.0,0.0,0,0,,,,,,,,,,,,,,,,,,,,,,,,,,,,,,,,,,,,
BTN_STAB,K/Qx dis,2 overcards,no_rows,0.0,0.0,0.0,0,0,,,,,,,,,,,,,,,,,,,,,,,,,,,,,,,,,,,,
BTN_STAB,K/Qx dis,A-high,observed,56050.13522,0.014766628802102277,0.110153689431295,1353,42,0.7119994290908938,0.2880005720997934,1.9119337311299078,1.9069610378113524,0.0013730894401221376,0.006345782758677895,0.00020892397140827887,0.005181617289964037,0.00704999999999978,0.0475100000000004,0.0,0.0,0.0,0.0,1.9121426569437479,,,,,,,,,,,,,,,,,,,,,
BTN_STAB,K/Qx dis,Air / Nothing,observed,14076.089329999999,0.003708401153815139,0.027663326170009286,341,42,0.5024441437839129,0.4975558381748121,1.5834069542675395,1.5841019450110245,0.003539006230914575,0.0028440154874294138,0.000959368266535466,0.00026437752305030456,0.0136500000000002,0.0113800000000002,0.0,0.0,0.0,0.0,1.5843662868379427,,,,,,,,,,,,,,,,,,,,,
BTN_STAB,K/Qx con,Two pair+,observed,10642.49526,0.002803807277461783,0.057366924763353054,135,14,0.11018797933668237,0.8898119974875403,13.548964554102607,13.66621582024224,0.11877357450399278,0.0015223083643638076,0.11714273217554376,-0.00010853396408522188,1.0523,0.0100899999999999,0.07031487275475659,0.0,0.07031487275475659,0.0,13.666106981441104,,,,,,,,,,,,,,,,,,,,,
BTN_STAB,K/Qx con,Overpair,no_rows,0.0,0.0,0.0,0,0,,,,,,,,,,,,,,,,,,,,,,,,,,,,,,,,,,,,
BTN_STAB,K/Qx con,Top pair,observed,28176.19199,0.007423128713963119,0.15187993478214817,432,14,0.40533499202040074,0.5946649898505135,6.661213484679472,6.660701013962093,0.0030018432264700182,0.003514313943848181,5.98553396820951e-05,0.0005723260570602577,0.0139299999999984,0.0151300000000001,0.0,0.0,0.0,0.0,6.6612731917521755,,,,,,,,,,,,,,,,,,,,,
BTN_STAB,K/Qx con,Second pair,observed,5184.66943,0.001365921574210561,0.02794725615068459,156,14,0.32133030546472086,0.6786696940391647,3.844422572413898,3.8466027834321537,0.005133676227936484,0.0029534652096807265,0.0027244049173366335,0.0005441938990808758,0.0172500000000002,0.0162399999999998,0.0,0.0,0.0,0.0,3.84714697574541,,,,,,,,,,,,,,,,,,,,,
BTN_STAB,K/Qx con,Third pair,observed,3857.81132,0.001016355581077369,0.02079500778144126,129,14,0.37869456727285217,0.6213054158720598,3.5692252226627814,3.57182965433281,0.006110267435085446,0.003505835765057555,0.003978246201597365,0.0013738145315694743,0.0394899999999998,0.0118499999999999,0.0,0.0,0.0,0.0,3.573203401507855,,,,,,,,,,,,,,,,,,,,,
BTN_STAB,K/Qx con,Underpair,observed,47161.929899999996,0.012424996116255018,0.2542199755011054,462,14,0.4940713332615232,0.5059286582061688,2.937788467753077,2.9348607549773105,0.0013315682221689445,0.004259280997934735,-0.0016529927600801,0.0012747200156856902,0.00739000000000001,0.0158999999999998,0.0,0.0,0.0,0.0,2.9361354537101323,,,,,,,,,,,,,,,,,,,,,
BTN_STAB,K/Qx con,Weak pair,observed,16975.018799999998,0.004472135536238009,0.09150153254154267,252,12,0.4800005713773408,0.5199994421131894,2.0335569892912884,2.03364336575209,0.001615862302491234,0.0015294858416887219,-4.7599562875521965e-05,-0.00013397602367803399,0.00578000000000012,0.00744999999999996,0.0,0.0,0.0,0.0,2.033509413078822,,,,,,,,,,,,,,,,,,,,,
BTN_STAB,K/Qx con,Combo draw,observed,10871.69369,0.002864190506236349,0.05860238776037286,213,14,0.19412553062985075,0.8058744539128984,4.2569978984459595,4.261049641495344,0.004310748692267494,0.0002590056428825242,0.0038620203235550355,-0.00018972272582993427,0.0045200000000003,0.00149000000000044,0.0,0.0,0.0,0.0,4.260859892144341,,,,,,,,,,,,,,,,,,,,,
BTN_STAB,K/Qx con,OESD,observed,1179.9568,0.0003108642646396177,0.006360396816338994,19,14,0.21070632464281744,0.7892936753571825,5.237033791968487,5.239634034864666,0.002913600658939275,0.00031335776275866656,0.001986072971669772,-0.0006141699245108362,0.00800000000000001,0.00103999999999971,0.0,0.0,0.0,0.0,5.239019864940157,,,,,,,,,,,,,,,,,,,,,
BTN_STAB,K/Qx con,Gutshot,observed,2792.76945,0.0007357661071848051,0.015054044282425256,64,14,0.2808889105048038,0.7191111122996566,2.9192963719123686,2.922930506135585,0.0045167894084490266,0.0008826551852319918,0.0035654233494852475,-6.871087373178737e-05,0.00703000000000031,0.00469000000000008,0.0,0.0,0.0,0.0,2.9228618491241645,,,,,,,,,,,,,,,,,,,,,
BTN_STAB,K/Qx con,BDFD,observed,33894.49734,0.008929638772308087,0.18270368285749655,624,14,0.47084905215881295,0.5291509343342609,1.9781306724898295,1.9771708519518612,0.0013453759386124644,0.0023051964765794775,-0.00031053295345292325,0.0006492875845140898,0.00835000000000008,0.00814000000000004,0.0,0.0,0.0,0.0,1.9778201159453954,,,,,,,,,,,,,,,,,,,,,
BTN_STAB,K/Qx con,2 overcards + draw,no_rows,0.0,0.0,0.0,0,0,,,,,,,,,,,,,,,,,,,,,,,,,,,,,,,,,,,,
BTN_STAB,K/Qx con,2 overcards,no_rows,0.0,0.0,0.0,0,0,,,,,,,,,,,,,,,,,,,,,,,,,,,,,,,,,,,,
BTN_STAB,K/Qx con,A-high,observed,19778.633139999998,0.00521075877239139,0.10661403473007902,429,14,0.6998634389249894,0.30013654906759274,1.8432645894961255,1.8390329337721407,0.0014801799363937252,0.005711835660378718,0.00010736804459879107,0.004339023768583784,0.00724999999999998,0.0448200000000001,0.0,0.0,0.0,0.0,1.8433719423065829,,,,,,,,,,,,,,,,,,,,,
BTN_STAB,K/Qx con,Air / Nothing,observed,5000.556799999999,0.0013174163769560376,0.026954822033011975,103,14,0.5689071188433616,0.43109288765630865,1.4540189209269112,1.4531537597566737,0.0022808329471230037,0.0031459941173611027,3.114754019493005e-05,0.000896308710433029,0.00964999999999994,0.01179,0.0,0.0,0.0,0.0,1.4540500773173943,,,,,,,,,,,,,,,,,,,,,
BTN_STAB,[J-8]x dis,Two pair+,observed,82359.38819,0.021697905080807336,0.07106484548243183,743,67,0.09509711204570928,0.9049028870283237,14.908320396586905,14.933127259978765,0.025512117989156254,0.0007052545972779046,0.02448118994446861,-0.0003256734474097389,0.137899999999998,0.00389999999999802,0.0030853163869283477,0.0,0.00011135803946044344,0.0,14.932801586816714,,,,,,,,,,,,,,,,,,,,,
BTN_STAB,[J-8]x dis,Overpair,observed,93477.086,0.024626906341015456,0.08065789242403054,888,67,0.23299845412423842,0.767001551783632,5.5472407488313245,5.545737501243942,0.0009621086581154399,0.002465356245497409,-0.0008478944737284374,0.0006553531136535317,0.00538000000000061,0.0106400000000004,0.0,0.0,0.0,0.0,5.5463928910526095,,,,,,,,,,,,,,,,,,,,,
BTN_STAB,[J-8]x dis,Top pair,observed,90069.35865000001,0.023729127153887537,0.07771749154325507,1203,67,0.27570285398683314,0.7242971646114553,5.7542721728828745,5.7541405687385,0.00343363269850928,0.0035652368428738842,0.0008138818550898789,0.000945485999454483,0.0120500000000003,0.0161500000000006,0.0,0.0,0.0,0.0,5.75508616370704,,,,,,,,,,,,,,,,,,,,,
BTN_STAB,[J-8]x dis,Second pair,observed,40786.80844,0.010745445267739932,0.03519341635738475,903,67,0.2485985826435164,0.7514014093174098,4.411571437223915,4.409755524328562,0.003966084220011104,0.005781997115361939,8.268303876542062e-05,0.001898595934116256,0.0214300000000005,0.0213999999999999,0.0,0.0,0.0,0.0,4.411654085252352,,,,,,,,,,,,,,,,,,,,,
BTN_STAB,[J-8]x dis,Third pair,observed,25271.623429999996,0.006657908691077743,0.021805941661441498,486,67,0.23523404896749017,0.7647659466638785,3.6831199703605337,3.682571106359046,0.004048989879658087,0.004597853881146543,0.0012614324419653843,0.00181029644345384,0.0176500000000002,0.0151199999999996,0.0,0.0,0.0,0.0,3.6843813876883154,,,,,,,,,,,,,,,,,,,,,
BTN_STAB,[J-8]x dis,Underpair,observed,110212.2579,0.02903585326713266,0.09509804832285541,726,52,0.3524081250243283,0.6475918755333856,3.1456618065305983,3.1382020108452213,0.00020939520643828118,0.00766919089181459,-0.0047549347408908545,0.002704860944485455,0.00194000000000027,0.0186399999999995,0.0,0.0,0.0,0.0,3.140906875335341,,,,,,,,,,,,,,,,,,,,,
BTN_STAB,[J-8]x dis,Weak pair,observed,150251.009,0.039584219883427585,0.1296459938912093,1602,67,0.34995935444786425,0.6500406409317377,2.507225855052917,2.5042416809506993,0.000696792121821961,0.003680966224040466,-0.0017943538622958268,0.001189820239922678,0.00531000000000015,0.0120900000000002,0.0,0.0,0.0,0.0,2.505431488923031,,,,,,,,,,,,,,,,,,,,,
BTN_STAB,[J-8]x dis,Combo draw,observed,39339.888739999995,0.010364248576019457,0.03394492329343953,831,67,0.15551506981194624,0.8444849268934429,4.4201547284436336,4.42850626725973,0.009275664110009895,0.0009241252939191696,0.008409749311319686,5.821049522896076e-05,0.0605300000000017,0.00396000000000019,0.0,0.0,0.0,0.0,4.428564459264111,,,,,,,,,,,,,,,,,,,,,
BTN_STAB,[J-8]x dis,OESD,observed,4490.94567,0.001183157318336591,0.0038750695837162256,106,57,0.16236250960717144,0.8376375018708567,5.437824756446296,5.4455393836575405,0.009154936288040207,0.0014403090767962773,0.007863373917373722,0.00014874670612979326,0.0888099999999996,0.00557000000000052,0.0,0.0,0.0,0.0,5.445688205286017,,,,,,,,,,,,,,,,,,,,,
BTN_STAB,[J-8]x dis,Gutshot,observed,8550.23979,0.002252594336344135,0.007377683138106012,171,66,0.2713813649964466,0.7286186395207837,3.1079220121643276,3.110603580741201,0.005556259958798154,0.0028746913819243827,0.003402508266839286,0.0007209396899655151,0.01566,0.01092,0.0,0.0,0.0,0.0,3.1113245169926604,,,,,,,,,,,,,,,,,,,,,
BTN_STAB,[J-8]x dis,BDFD,observed,89099.00993999999,0.02347348496581916,0.0768802138186908,1782,67,0.40080851076253804,0.599191484508489,1.8883875948032374,1.8862694516031948,0.0011369300359444572,0.0032550732359899926,-0.0006694244259509653,0.00144871877409457,0.00517999999999996,0.00967000000000007,0.0,0.0,0.0,0.0,1.8877181603431787,,,,,,,,,,,,,,,,,,,,,
BTN_STAB,[J-8]x dis,2 overcards + draw,observed,211158.8919,0.055630641437559435,0.18220113523059217,2179,67,0.27532504134032754,0.724674960600402,2.486783368167728,2.486125334133581,0.0016617123091561346,0.0023197463433033026,-1.4743673805677057e-05,0.0006432903603414909,0.0110800000000002,0.00751000000000013,0.0,0.0,0.0,0.0,2.4867686307201256,,,,,,,,,,,,,,,,,,,,,
BTN_STAB,[J-8]x dis,2 overcards,observed,11778.6951,0.0031031435987112148,0.010163396859325031,140,10,0.2215808973092529,0.7784190904480327,1.804996931353033,1.8071827627520474,0.0042136808363432325,0.002027849437328589,0.0026793748262925283,0.0004935434272778847,0.0186199999999999,0.00675999999999988,0.0,0.0,0.0,0.0,1.8076762825639632,,,,,,,,,,,,,,,,,,,,,
BTN_STAB,[J-8]x dis,A-high,observed,192667.70760000002,0.05075906613095911,0.1662457817008264,2637,67,0.4702160396503602,0.5297839653729862,2.0798518037340874,2.07638816722609,0.0010814515247992713,0.004545088032794192,-0.0013493376122375486,0.002114298895757372,0.00639999999999996,0.0139500000000004,0.0,0.0,0.0,0.0,2.0785024749817578,,,,,,,,,,,,,,,,,,,,,
BTN_STAB,[J-8]x dis,Air / Nothing,observed,9419.99988,0.0024817360564399365,0.00812816669269537,250,56,0.46875189782081494,0.5312480886993649,1.3994837463607444,1.396745442935066,0.0023882044009219216,0.005126507826599893,-2.5809243858880473e-05,0.0027124941818190912,0.0136050000000001,0.0189999999999999,0.0,0.0,0.0,0.0,1.3994579117686945,,,,,,,,,,,,,,,,,,,,,
BTN_STAB,[J-8]x con,Two pair+,observed,36561.9308,0.00963238461945945,0.08251674059049308,335,25,0.08600058918319485,0.9139994015057678,13.655295533401837,13.710613716359255,0.0557298013003187,0.0004116183428966783,0.054645881679705466,-0.0006723012777165604,0.282,0.00399999999999778,0.0031374108940658025,0.0,0.0,0.0,13.70994127491406,,,,,,,,,,,,,,,,,,,,,
BTN_STAB,[J-8]x con,Overpair,observed,38930.989,0.010256522329612446,0.08786347575069364,354,25,0.19032488314742788,0.8096751173824073,5.4096620419871675,5.411680896754922,0.003575819578511124,0.0015569648107577915,0.002121844243153852,0.00010298947540051946,0.0113000000000003,0.00795000000000012,0.0,0.0,0.0,0.0,5.411783881908824,,,,,,,,,,,,,,,,,,,,,
BTN_STAB,[J-8]x con,Top pair,observed,33382.203050000004,0.00879467282462261,0.07534040268507966,447,25,0.23103527790661618,0.7689647344467052,5.664003691690619,5.6685056330021135,0.006502671470581713,0.0020007301590899717,0.004796675113714473,0.00029473380222273175,0.0254499999999993,0.0113500000000002,0.0,0.0,0.0,0.0,5.668800437496291,,,,,,,,,,,,,,,,,,,,,
BTN_STAB,[J-8]x con,Second pair,observed,10818.11693,0.0028500754978740316,0.024415443300123286,261,25,0.2314463212636065,0.7685536679808715,4.380264223022251,4.383028369310137,0.0065115206602689105,0.0037473743723807425,0.003949452751783083,0.0011853064638949152,0.0315300000000001,0.0145499999999998,0.0,0.0,0.0,0.0,4.38421362414338,,,,,,,,,,,,,,,,,,,,,
BTN_STAB,[J-8]x con,Third pair,observed,8703.127400000001,0.0022928731791417353,0.019642116547953548,219,25,0.21814078661708655,0.7818592190853314,3.8977516342825225,3.8995203814332986,0.006177288077938508,0.004408540927161396,0.003619467427166848,0.0018507202763897363,0.0320099999999996,0.0159899999999999,0.0,0.0,0.0,0.0,3.9013711236020545,,,,,,,,,,,,,,,,,,,,,
BTN_STAB,[J-8]x con,Underpair,observed,64427.8451,0.016973769454378923,0.14540741324638057,444,22,0.3119385727358311,0.6880614386829258,3.3257247630088296,3.3227224567991027,0.0011657809890804611,0.004168087198806531,-0.001795755071231444,0.001206551138494626,0.00714000000000059,0.0133899999999998,0.0,0.0,0.0,0.0,3.323929050148527,,,,,,,,,,,,,,,,,,,,,
BTN_STAB,[J-8]x con,Weak pair,observed,32609.439899999998,0.008591085330262352,0.07359635101736951,402,21,0.317310284422892,0.6826897278488276,2.3087531376223973,2.309542632635679,0.0025483160364554304,0.001758821023172492,0.0010711318738352727,0.0002816368605523343,0.00929000000000002,0.00700999999999974,0.0,0.0,0.0,0.0,2.3098243036108523,,,,,,,,,,,,,,,,,,,,,
BTN_STAB,[J-8]x con,Combo draw,observed,20799.07071,0.005479597067834655,0.04694149036298686,369,25,0.11799279625968961,0.8820071926055126,4.11511801248018,4.130338838385777,0.01572655224104483,0.0005057263354532012,0.014904117381572293,-0.000316708524019338,0.11623,0.0029899999999996,0.0,0.0,0.0,0.0,4.130022111057673,,,,,,,,,,,,,,,,,,,,,
BTN_STAB,[J-8]x con,OESD,observed,2260.34552,0.0005954969265876973,0.005101381158971045,36,23,0.1338958065750585,0.8661042547971515,4.704176495775788,4.714084546470799,0.010428113371976737,0.0005200626769663036,0.009257853791267841,-0.0006501969037425917,0.0322100000000001,0.00415999999999972,0.0,0.0,0.0,0.0,4.713434736705575,,,,,,,,,,,,,,,,,,,,,
BTN_STAB,[J-8]x con,Gutshot,observed,4637.086130000001,0.0012216585979020766,0.010465454775298231,87,25,0.19655114991872064,0.8034488300236617,3.0034192729446447,3.0133053867342765,0.011289505426201742,0.0014033916365707303,0.009738428880951036,-0.00014768490867997494,0.0471000000000001,0.00600000000000023,0.0,0.0,0.0,0.0,3.0131576440139263,,,,,,,,,,,,,,,,,,,,,
BTN_STAB,[J-8]x con,BDFD,observed,26056.43335,0.006864669954424569,0.058806849212006664,549,24,0.4030334602626249,0.5969665406551855,1.8392020843389605,1.8411962720389736,0.003856379619480806,0.0018621919194669876,0.0018152366218558511,-0.0001789510781579674,0.01935,0.0075700000000003,0.0,0.0,0.0,0.0,1.841017323887709,,,,,,,,,,,,,,,,,,,,,
BTN_STAB,[J-8]x con,2 overcards + draw,observed,87045.1075,0.02293237628145706,0.19645238635069792,897,25,0.24927696624960693,0.7507230371142037,2.335390610403622,2.3390485413194995,0.005033551024162968,0.001375620108286959,0.0036173785699787847,-4.055234589722483e-05,0.01692,0.00615000000000032,0.0,0.0,0.0,0.0,2.3390079935627064,,,,,,,,,,,,,,,,,,,,,
BTN_STAB,[J-8]x con,2 overcards,observed,6342.531799999999,0.0016709649742773554,0.014314480657229211,74,5,0.1987319660068555,0.8012680595861421,1.7895589450421046,1.7924493388908203,0.0045007888744050244,0.001610395025689898,0.003138834071986206,0.00024844022327107974,0.0136600000000002,0.00835000000000008,0.0,0.0,0.0,0.0,1.792697825712938,,,,,,,,,,,,,,,,,,,,,
BTN_STAB,[J-8]x con,A-high,observed,67168.19897999999,0.0176957264732787,0.15159212683492307,900,25,0.4043913716981347,0.5956086330215503,2.146779636784172,2.146290872631307,0.0029390634093476495,0.003427827562212833,0.0005571450296256671,0.0010459091824908508,0.01006,0.0116300000000003,0.0,0.0,0.0,0.0,2.1473367958033553,,,,,,,,,,,,,,,,,,,,,
BTN_STAB,[J-8]x con,Air / Nothing,observed,3342.58347,0.0008806167754599928,0.007543887509793661,88,18,0.5222333974897176,0.477766594778628,1.4336804030407297,1.4310418579926207,0.0029141792419322757,0.005552724290041444,1.801789278453635e-05,0.002656562940893705,0.0124,0.0228660000000001,0.0,0.0,0.0,0.0,1.43369840797891,,,,,,,,,,,,,,,,,,,,,
BTN_STAB,[7-4]x,Two pair+,observed,27683.158349999998,0.007293237060352415,0.06578115522217187,296,20,0.020941861534182215,0.9790581482096666,15.425697590486102,15.512334430936237,0.08664931925098802,1.2478800851883122e-05,0.08610663854352929,-0.0005302019066068493,0.391499999999999,0.0,0.023924499207295117,0.0,0.0,0.0,15.511804375836688,,,,,,,,,,,,,,,,,,,,,
BTN_STAB,[7-4]x,Overpair,observed,110916.83730000001,0.029221477484105033,0.26356232908604105,690,20,0.18954493210493933,0.8104550707438019,4.554899906095384,4.55769913444565,0.0033624581242184437,0.000563229773952466,0.0023107891937506958,-0.0004884391565152822,0.0106900000000003,0.00319999999999965,0.0,0.0,0.0,0.0,4.557210707877738,,,,,,,,,,,,,,,,,,,,,
BTN_STAB,[7-4]x,Top pair,observed,11280.591649999998,0.0029719162836953535,0.026805118872088012,258,20,0.09267812438527019,0.9073219128272058,5.9250786931616055,5.945685862388641,0.021039903619656332,0.0004327343926238148,0.020444602698995326,-0.00016256652803719183,0.11055,0.00192999999999977,0.0,0.0,0.0,0.0,5.9455234807223265,,,,,,,,,,,,,,,,,,,,,
BTN_STAB,[7-4]x,Second pair,observed,10701.52144,0.002819357956978343,0.025429123153429507,177,20,0.12154641189841413,0.8784536065469201,5.231286240959557,5.235940752241411,0.005643270169059236,0.0009887588872036187,0.004792193027779607,0.0001376817459239892,0.0154499999999995,0.00539999999999985,0.0,0.0,0.0,0.0,5.236078512532285,,,,,,,,,,,,,,,,,,,,,
BTN_STAB,[7-4]x,Third pair,observed,4618.35299,0.0012167232784136928,0.010974202837154657,81,20,0.05827238253517082,0.9417275687165629,4.61086899950205,4.623877639739141,0.01341908066966525,0.0004104404325750848,0.012985567195002826,-2.3073042087338525e-05,0.0443499999999997,0.00222000000000033,0.0,0.0,0.0,0.0,4.6238543678974935,,,,,,,,,,,,,,,,,,,,,
BTN_STAB,[7-4]x,Underpair,observed,10352.5599,0.002727422665347659,0.024599915266847874,90,10,0.23400832546802264,0.7659916841222525,4.487599011557324,4.490781200819327,0.0035565341025458916,0.0003743448405451939,0.0023924346021186784,-0.000789754659882019,0.00922000000000001,0.00390999999999986,0.0,0.0,0.0,0.0,4.489991503078399,,,,,,,,,,,,,,,,,,,,,
BTN_STAB,[7-4]x,Weak pair,observed,15241.600699999999,0.0040154597130472765,0.036217330725237265,180,16,0.1697018111276396,0.8302982111866894,3.9045517132737904,3.906992268470331,0.002933254597661782,0.0004926994011199983,0.002182303848824633,-0.0002582513477171511,0.0096099999999999,0.00308000000000064,0.0,0.0,0.0,0.0,3.9067341165606253,,,,,,,,,,,,,,,,,,,,,
BTN_STAB,[7-4]x,Combo draw,observed,9941.893489999999,0.0026192309827734813,0.023624083300018042,150,16,0.05218687282154439,0.9478131087011062,4.813731047987431,4.835102992474174,0.021491591598795188,0.00011964711205127901,0.021057822910160284,-0.0003141215765836244,0.0686299999999997,0.00110999999999972,0.0,0.0,0.0,0.0,4.834788788169874,,,,,,,,,,,,,,,,,,,,,
BTN_STAB,[7-4]x,OESD,observed,1280.07964,0.0003372420210373351,0.0030417453251168464,18,13,0.0647386141091659,0.9352613858908341,5.290574042536056,5.303683352662105,0.013169954438772176,6.0644312724203274e-05,0.012679568584268051,-0.0004297415417799221,0.0179799999999997,0.000670000000000393,0.0,0.0,0.0,0.0,5.303253611120326,,,,,,,,,,,,,,,,,,,,,
BTN_STAB,[7-4]x,Gutshot,observed,2017.3561999999997,0.0005314804335456802,0.004793673454915263,32,16,0.14450743915392827,0.8554925517696379,3.4213777279136437,3.4305547558710763,0.00973568762497176,0.0005586596675391031,0.0086036845179693,-0.0005733434394633563,0.0124399999999998,0.0035099999999999,0.0,0.0,0.0,0.0,3.429981389636421,,,,,,,,,,,,,,,,,,,,,
BTN_STAB,[7-4]x,BDFD,observed,1435.8203,0.0003782725110903512,0.003411818724991883,39,7,0.19692849057559636,0.8030715094244032,2.285756010492399,2.2925261869629505,0.008108591692149726,0.0013384152215983511,0.006826885277667065,5.670880711568975e-05,0.0699099999999997,0.00275999999999987,0.0,0.0,0.0,0.0,2.2925828957700665,,,,,,,,,,,,,,,,,,,,,
BTN_STAB,[7-4]x,2 overcards + draw,observed,126665.92448,0.033370636508364165,0.3009855571475565,1396,20,0.23038221161602412,0.7696177826677254,2.578131693737361,2.5837741288860725,0.0062380259750116265,0.0005955908262992462,0.005437434005566923,-0.00020500114314545676,0.0131800000000002,0.00355000000000016,0.0,0.0,0.0,0.0,2.583569111654391,,,,,,,,,,,,,,,,,,,,,
BTN_STAB,[7-4]x,2 overcards,observed,33253.390499999994,0.008760736651169389,0.07901722825437638,366,20,0.2625004636832897,0.7374995450241808,1.772051061053309,1.7749765078881807,0.0034893117928230582,0.0005638649579506778,0.002473235088629481,-0.0004522117462428994,0.00973000000000002,0.00383000000000022,0.0,0.0,0.0,0.0,1.7745243133270379,,,,,,,,,,,,,,,,,,,,,
BTN_STAB,[7-4]x,A-high,observed,55379.9589,0.014590068212006365,0.13159472725403093,663,16,0.3039831455691962,0.6960168560853573,2.592138404970088,2.593225233275987,0.0026581905105205928,0.0015713622046223607,0.0014576880978277545,0.00037085979192952247,0.01356,0.00836000000000015,0.0,0.0,0.0,0.0,2.5935960966959497,,,,,,,,,,,,,,,,,,,,,
BTN_STAB,[7-4]x,Air / Nothing,observed,68.172,1.7960181804123694e-05,0.00016199137602396807,4,3,0.16384616163674237,0.8361538383632576,1.955950295399871,1.969838686645544,0.014966278721469215,0.001077887475796452,0.013192699958672765,-0.0006956912869999982,0.0437400000000001,0.00308999999999982,0.0,0.0,0.0,0.0,1.9691429953585438,,,,,,,,,,,,,,,,,,,,,
UTG_DEF33,ABB,Two pair+,observed,1812.741089,0.0007844105881116074,0.1715128004587114,291,6,,,,,,,,,,,,,,,8.111593886606219,0.0,0.9534204239370123,0.04657958792572444,0.0,8.11219450936398,8.086280848044604,8.115405211955498,0.003210702591521596,0.02912436391089616,8.111593813579606,-0.0006006957843691005,0.025312965535005463,16.6835,0.0,0.0924000000000014,0.9999999999999998,0.0,0.0,0.9999999999999998,0.0,0.0
UTG_DEF33,ABB,Overpair,no_rows,0.0,0.0,0.0,0,0,,,,,,,,,,,,,,,,,,,,,,,,,,,,,,,,,,,,
UTG_DEF33,ABB,Top pair,observed,2797.704569,0.0012106246720222167,0.26470528438787,288,6,,,,,,,,,,,,,,,1.440071986439927,0.04389516992542432,0.9533983468482837,0.0027064824887019735,0.0,1.44179994467053,1.1555283292584833,1.4418257251167217,2.5780446191207205e-05,0.2862973958582383,1.4400719877106256,-0.0017279569599048916,0.28454365845214225,2.84785,0.0,0.834765,0.7701094471780165,0.0,0.2686651293809285,0.6184914619553601,0.0,0.007137601382671224
UTG_DEF33,ABB,Second pair,observed,1621.657022,0.0007017245573906324,0.1534333495911363,198,6,,,,,,,,,,,,,,,0.7699048746120416,0.07887342733426031,0.9035963396134199,0.017530246669582753,0.0,0.7783201197333834,0.6717351255760736,0.7825108544381969,0.004190734704813557,0.11077572886212307,0.7699048632280364,-0.008415256505346955,0.09816973765196256,1.52931,0.0177500000000002,0.5101429,0.790113399206802,0.0,0.05388402036592914,0.27723429486065526,0.0,0.0
UTG_DEF33,ABB,Third pair,observed,893.0254699999999,0.00038643060411223707,0.0844937537798907,127,6,,,,,,,,,,,,,,,0.7670224075075046,0.06244355841825431,0.9065280191279227,0.03102842044490288,0.0,0.7665103958873537,0.6742556940290454,0.7715389282308782,0.005028532343524533,0.09728323420183349,0.7670224095384487,0.0005120136510950246,0.09276671550940398,1.54949,0.04708,0.5865226,0.6519544129015715,0.0,0.05094710232620801,0.33422407761785344,0.0,0.0
UTG_DEF33,ABB,Underpair,observed,360.78189,0.00015611779102499133,0.034135438692362956,24,3,,,,,,,,,,,,,,,0.8528411863413655,0.0,0.9433202550756082,0.05667974492439185,0.0,0.8537221662847324,0.8373629355245632,0.8538454975711226,0.00012333128639023687,0.016482562046559488,0.8528411863413654,-0.0008809799433669349,0.015478250816802316,1.05362,0.0,0.0287640000000001,1.0000000000000002,0.0,0.0,0.10019208558389671,0.0,0.0
UTG_DEF33,ABB,Weak pair,observed,2328.176356,0.001007450096276545,0.22028079420850916,280,6,,,,,,,,,,,,,,,0.09864604058755488,0.8003604208726626,0.19028225228703596,0.009357335916500906,0.0,-0.06802519162635907,-0.7399368375491179,0.10579760027323469,0.17382279189959374,0.8457344378223526,0.09864603672021754,0.1666712283465766,0.8385828742693354,0.800111,0.4621143,1.5791248,0.0859633401414029,0.028272424393609812,0.7365691415861112,0.0013810105027971516,0.0,0.4314861532766121
UTG_DEF33,ABB,Combo draw,observed,156.50372699999997,6.77224018822516e-05,0.01480762623128009,87,6,,,,,,,,,,,,,,,0.902913445205457,0.12220036654006333,0.8085343538146478,0.06926534798750193,0.0,0.9136257686829913,0.8223641683609721,0.9202008667590262,0.006575098076034957,0.09783669839805416,0.9029134196203487,-0.010712349062642672,0.08054925125937654,2.16785,0.0,0.6887012,0.5072034227018761,0.0,0.08644484230078432,0.4708661730464733,0.0,0.0
UTG_DEF33,ABB,OESD,observed,27.830708,1.2042923372959643e-05,0.002633207078933633,5,3,,,,,,,,,,,,,,,1.2001544583077082,0.0,1.0,0.0,0.0,1.2001544583077082,1.0020470192068416,1.2001544583077082,0.0,0.19810743910086653,1.2001544583077082,0.0,0.19810743910086653,1.59493,0.0,0.18066,1.0,0.0,0.04263887214080216,0.9573611278591978,0.0,0.0
UTG_DEF33,ABB,Gutshot,observed,58.825714999999995,2.5455104415761274e-05,0.00556580483548361,24,6,,,,,,,,,,,,,,,0.003620150593822965,0.9490709000101402,0.050929099989859894,0.0,0.0,-0.08861687068918248,-0.5298383521351827,0.008295295012019829,0.09691216570120227,0.5381336471472026,0.0036201505938229647,0.09223702128300541,0.5334585027290057,0.104213,0.1386166,0.8523968,0.0,0.0,0.6695290826469341,0.0,0.0,0.04379700272236385
UTG_DEF33,ABB,BDFD,observed,356.64204399999994,0.00015432639397703073,0.033743746472643096,96,6,,,,,,,,,,,,,,,0.0,1.0000000000000002,0.0,0.0,0.0,-0.6037646948470247,-1.3943781694173112,0.0,0.6037646948470247,1.3943781694173112,0.0,0.6037646948470247,1.3943781694173112,0.0,0.8188431,1.6800003,0.0,0.7907087617521619,0.999622559924539,0.0,0.0,0.9625930418904847
UTG_DEF33,ABB,2 overcards + draw,no_rows,0.0,0.0,0.0,0,0,,,,,,,,,,,,,,,,,,,,,,,,,,,,,,,,,,,,
UTG_DEF33,ABB,2 overcards,no_rows,0.0,0.0,0.0,0,0,,,,,,,,,,,,,,,,,,,,,,,,,,,,,,,,,,,,
UTG_DEF33,ABB,A-high,no_rows,0.0,0.0,0.0,0,0,,,,,,,,,,,,,,,,,,,,,,,,,,,,,,,,,,,,
UTG_DEF33,ABB,Air / Nothing,observed,155.241435,6.717618200777698e-05,0.014688194263179199,32,6,,,,,,,,,,,,,,,0.0,1.0,0.0,0.0,0.0,-0.6955197865567941,-1.6048493553886827,0.0,0.6955197865567941,1.6048493553886827,0.0,0.6955197865567941,1.6048493553886827,0.0,0.9066761,1.8509995,0.0,0.8780332003501513,1.0,0.0,0.0,0.9557317026862061
UTG_DEF33,A[K/Q]x,Two pair+,observed,1990.852872,0.0008614832430541339,0.04983634345796635,316,16,,,,,,,,,,,,,,,14.199093221696792,0.0,0.9215798793018417,0.07842012031305047,0.0,14.17996506386606,14.189484177775816,14.203255955196541,0.02329089133048203,0.013771777420727382,14.199093269354634,0.019128205488574457,0.009609091578819808,24.3892,0.0624000000000002,0.0722000000000023,1.0000000000000004,0.008499587406979415,0.0,1.0000000000000004,0.006755840267838738,0.0
UTG_DEF33,A[K/Q]x,Overpair,no_rows,0.0,0.0,0.0,0,0,,,,,,,,,,,,,,,,,,,,,,,,,,,,,,,,,,,,
UTG_DEF33,A[K/Q]x,Top pair,observed,11491.14948,0.004972458216113835,0.287654040269085,912,16,,,,,,,,,,,,,,,2.9943057466955336,0.0,0.9928281838634304,0.007171815553457575,0.0,2.9943322076359036,2.9167416607791714,2.9943930595512778,6.0851915373395034e-05,0.07765139877210961,2.9943057519737635,-2.6455662140911846e-05,0.0775640911945953,4.85718,0.0,0.34797,1.0,0.0,0.015272327655770778,1.0,0.0,0.0
UTG_DEF33,A[K/Q]x,Second pair,observed,5794.722883,0.0025074965267683734,0.14505732889784584,702,16,,,,,,,,,,,,,,,1.2047347544317373,5.276745068690803e-05,0.9957448473466525,0.004202379548381416,0.0,1.2047841604272995,1.1346155579180042,1.2048931208013898,0.00010896037409007864,0.07027756288338514,1.2047347613651438,-4.9399062155832665e-05,0.07011920344713923,2.06561,0.0,0.209181,0.9372905461853808,0.0,0.0,0.5811448536873889,0.0,0.0
UTG_DEF33,A[K/Q]x,Third pair,observed,313.66985500000004,0.0001357314383871356,0.00785199089598546,108,12,,,,,,,,,,,,,,,1.222283078958052,0.0,0.8333644754106574,0.16663552292014797,0.0,1.2008822611472876,1.2230928359516406,1.2266981116355282,0.02581585048824026,0.003605275683887447,1.2222830800315232,0.02140081888423529,-0.0008097559201175222,2.14023,0.120235,0.0126100000000002,0.8153612498083372,0.00782295130018152,0.0,0.7626534146865976,4.7820980438174394e-08,0.0
UTG_DEF33,A[K/Q]x,Underpair,observed,979.6995,0.0004239362508142759,0.02452448468406856,48,8,,,,,,,,,,,,,,,1.3249051443917244,0.0,0.9999999999999999,0.0,0.0,1.3249051443917244,0.7458898574276093,1.3249051443917244,0.0,0.5790152869641151,1.3249051443917244,0.0,0.5790152869641151,1.5855,0.0,0.70813,0.9999999999999999,0.0,0.8154224841392693,0.9154605060020955,0.0,0.0
UTG_DEF33,A[K/Q]x,Weak pair,observed,10911.53809,0.004721648371252374,0.2731448252937107,809,16,,,,,,,,,,,,,,,0.06526425805127696,0.3301641388390523,0.6626633343360578,0.007172512509217842,0.0,0.07183312989730392,-0.06451524668534567,0.07276684366072748,0.0009337137634236034,0.13728209034607314,0.06526425867745356,-0.006568871219850326,0.1297795053627992,0.308559,0.006469,0.6977451,5.864012889130645e-05,0.0,0.1027324352216966,0.0,0.0,0.0
UTG_DEF33,A[K/Q]x,Combo draw,observed,1727.6235330000002,0.0007475784599242253,0.043247012859448146,165,16,,,,,,,,,,,,,,,1.6440003616094363,0.0,0.9015624386959276,0.09843757502200855,0.0,1.63985296597316,1.6440523679512529,1.65098310421117,0.011130138238010446,0.006930736259917565,1.6440003430143382,0.0041473770411786185,-5.202493691426266e-05,3.7988,0.0582,0.0161000000000002,0.9999999999999998,0.0,0.0,0.9769880652580805,0.0,0.0
UTG_DEF33,A[K/Q]x,OESD,observed,33.8785,1.4659928144509054e-05,0.0008480689786707218,2,2,,,,,,,,,,,,,,,3.3125194648109306,0.0,0.9797147279159346,0.020285272084065113,0.0,3.312605744114999,3.305587150198503,3.312605744114999,0.0,0.007018593916495355,3.312519464810931,-8.627930406788566e-05,0.00693231461242747,3.39441,0.0,0.0112299999999994,1.0,0.0,0.0,1.0,0.0,0.0
UTG_DEF33,A[K/Q]x,Gutshot,observed,1800.031839,0.0007789110325890605,0.04505958537938548,436,16,,,,,,,,,,,,,,,0.8570058236773417,2.448513967646547e-06,0.9613121828850444,0.038685374190684546,0.0,0.8564958305346765,0.8416503342945996,0.859683518127359,0.003187687592682631,0.018033183832759415,0.8570058193932879,0.0005099888586115216,0.015355485098688306,1.19119,0.01941,0.074847,0.9965513887779626,0.0,0.0,0.13657100039773243,0.0,0.0
UTG_DEF33,A[K/Q]x,BDFD,observed,3070.110367,0.0013285002988896297,0.07685302960131307,427,16,,,,,,,,,,,,,,,3.258370164409027e-07,0.9999927685194477,7.231480552503536e-06,0.0,0.0,-0.5984368096570609,-0.7295534996874784,2.8017065947388467e-06,0.5984396113636556,0.7295563013940732,3.2583701644090303e-07,0.5984371354940774,0.729553825524495,0.0,0.8419476,1.2390205,0.0,0.726640840661348,0.7546450501920994,0.0,0.005725862558217275,0.2163529969930882
UTG_DEF33,A[K/Q]x,2 overcards + draw,no_rows,0.0,0.0,0.0,0,0,,,,,,,,,,,,,,,,,,,,,,,,,,,,,,,,,,,,
UTG_DEF33,A[K/Q]x,2 overcards,no_rows,0.0,0.0,0.0,0,0,,,,,,,,,,,,,,,,,,,,,,,,,,,,,,,,,,,,
UTG_DEF33,A[K/Q]x,A-high,no_rows,0.0,0.0,0.0,0,0,,,,,,,,,,,,,,,,,,,,,,,,,,,,,,,,,,,,
UTG_DEF33,A[K/Q]x,Air / Nothing,observed,1834.5349360000002,0.0007938412367829602,0.04592328968252071,149,16,,,,,,,,,,,,,,,0.0,0.9999999999999997,0.0,0.0,0.0,-0.8921550151527923,-1.1539615014406472,0.0,0.8921550151527923,1.1539615014406472,0.0,0.8921550151527923,1.1539615014406472,0.0,1.1076149,1.7335503,0.0,0.9523083827497083,0.988341323143927,0.0,0.30007831368985166,0.5953642967309508
UTG_DEF33,A[J-T][9-5],Two pair+,observed,2438.206693,0.0010550625004306874,0.061285236650838126,203,10,,,,,,,,,,,,,,,12.537919510229345,0.0,0.8029810781574719,0.1970188985089035,0.0,12.533185389386876,12.533383321638064,12.541909275466299,0.008723886079415325,0.008525953828230315,12.537919680487503,0.004734291100619448,0.0045363588494344385,23.7377,0.0504999999999995,0.0301600000000004,1.0000000000000002,0.0017372091595681631,0.0,1.0000000000000002,0.0017372091595681631,0.0
UTG_DEF33,A[J-T][9-5],Overpair,no_rows,0.0,0.0,0.0,0,0,,,,,,,,,,,,,,,,,,,,,,,,,,,,,,,,,,,,
UTG_DEF33,A[J-T][9-5],Top pair,observed,11982.7882,0.005185200465866876,0.3011918606745743,570,10,,,,,,,,,,,,,,,2.692538435853461,0.0,0.9859813139028532,0.014018690823676584,0.0,2.6925893408566615,2.6063154747317325,2.692731518982617,0.00014217812595570116,0.08641604425088642,2.6925384170256055,-5.09238310557392e-05,0.08622294229387498,4.68097,0.000690000000000079,0.41842,1.0000000000000009,0.0,0.018620549431058123,1.0000000000000009,0.0,0.0
UTG_DEF33,A[J-T][9-5],Second pair,observed,3806.7071219999993,0.001647240960364563,0.09568300649078763,306,10,,,,,,,,,,,,,,,1.0862903273555988,2.642992927366058e-09,0.9324270432211073,0.06757294175848082,0.0,1.0862788350210253,1.0670342465966203,1.0880371514488658,0.0017583164278399625,0.021002904852244906,1.0862903415281713,1.150650714547806e-05,0.01925609493155042,1.89122,0.011997,0.10744,0.9233762355096155,0.0,0.0,0.5225377945427347,0.0,0.0
UTG_DEF33,A[J-T][9-5],Third pair,observed,738.2702770000001,0.0003194648290817715,0.01855669938406851,111,10,,,,,,,,,,,,,,,1.0463379776347552,0.0,0.8241753545717188,0.17582464265182926,0.0,1.0410431496167531,1.0424537204511988,1.0515373198119917,0.010494170195238666,0.00908359936079347,1.0463379795038237,0.0052948298870706964,0.0038842590526254996,1.64396,0.07605,0.0267600000000001,0.8189034501791272,0.0,0.0,0.5724769656411347,0.0,0.0
UTG_DEF33,A[J-T][9-5],Underpair,observed,3387.0093,0.0014656290261606596,0.08513374484822218,150,10,,,,,,,,,,,,,,,0.9444357577324576,0.0,0.9983728891909744,0.0016271108090255319,0.0,0.9444326007741992,0.6568803691152842,0.9444841236463685,5.152287216926141e-05,0.28760375453108433,0.9444357577324576,3.1569582583236924e-06,0.2875553886171734,1.4954,0.0,0.444217,0.8720905195034448,0.0,0.005878519436010996,0.38442607760185366,0.0,0.0
UTG_DEF33,A[J-T][9-5],Weak pair,observed,6680.265431,0.002890689115654701,0.16791096874790185,449,10,,,,,,,,,,,,,,,0.01338994888999099,0.5494884047043768,0.44888959635099773,0.0016220148886625881,0.0,-0.005073650476080285,-0.4035818054059848,0.01802164302624014,0.023095293502320424,0.4216034484322249,0.013389948261573106,0.01846359873765339,0.4169717536675579,0.0627563,0.1419487,1.0989494,0.0,0.0,0.3921018410203948,0.0,0.0,0.08424671307046454
UTG_DEF33,A[J-T][9-5],Combo draw,observed,1790.975308,0.0007749920841793458,0.04501683384829741,144,10,,,,,,,,,,,,,,,1.5704296077495514,9.753791647472563e-09,0.7831050662550347,0.2168949462403359,0.0,1.562764966271878,1.5742168425112921,1.5824609155125995,0.019695949240720642,0.00824407300130682,1.5704295815906577,0.007664615318778777,-0.0037872609206350445,3.77975,0.106462,0.0229999999999997,0.9642250790874665,0.0,0.0,0.8217149406953186,0.0,0.0
UTG_DEF33,A[J-T][9-5],OESD,observed,333.77178399999997,0.00014442995912170242,0.008389478557555754,57,5,,,,,,,,,,,,,,,2.9149433866600756,0.0,0.7463002768742459,0.2536997018028013,0.0,2.9098308553766783,2.920962741339124,2.9224101023892723,0.01257924701259349,0.0014473610501479885,2.9149434496263287,0.005112594249649829,-0.006019291712795673,3.25116,0.0413199999999998,0.00579000000000018,0.9999999999999998,0.0,0.0,0.9999999999999998,0.0,0.0
UTG_DEF33,A[J-T][9-5],Gutshot,observed,3874.1946259999995,0.0016764442001565333,0.09737933013122742,351,10,,,,,,,,,,,,,,,0.5912283595016375,0.006324374894293966,0.9447235393619144,0.04895209624857729,0.0,0.5920553124259081,0.5737396451812462,0.5934856381116917,0.001430325685783702,0.01974599293044578,0.5912283542279775,-0.0008269581979305886,0.01748870904673149,0.857736,0.0102329999999999,0.0769919999999999,0.6839844253606686,0.0,0.0018263641048166589,0.009806640777679917,0.0,0.0
UTG_DEF33,A[J-T][9-5],BDFD,observed,3299.2790139999997,0.0014276663156257412,0.08292861131528928,239,10,,,,,,,,,,,,,,,-1.5183869693953081e-09,0.9999999930265768,0.0,6.9734235578052274e-09,0.0,-0.5815097528250118,-1.0532754966587676,0.0,0.5815097528250118,1.0532754966587676,-1.5183869693953081e-09,0.5815097513066249,1.0532754951403807,0.0,0.8523403,1.571991,0.0,0.6918701762760336,0.959336675852296,0.0,0.0,0.5930860990224815
UTG_DEF33,A[J-T][9-5],2 overcards + draw,no_rows,0.0,0.0,0.0,0,0,,,,,,,,,,,,,,,,,,,,,,,,,,,,,,,,,,,,
UTG_DEF33,A[J-T][9-5],2 overcards,no_rows,0.0,0.0,0.0,0,0,,,,,,,,,,,,,,,,,,,,,,,,,,,,,,,,,,,,
UTG_DEF33,A[J-T][9-5],A-high,no_rows,0.0,0.0,0.0,0,0,,,,,,,,,,,,,,,,,,,,,,,,,,,,,,,,,,,,
UTG_DEF33,A[J-T][9-5],Air / Nothing,observed,1453.100703,0.0006287867494935015,0.03652422935123747,80,10,,,,,,,,,,,,,,,0.0,1.0,0.0,0.0,0.0,-0.9567466607123286,-1.6218060922424768,0.0,0.9567466607123286,1.6218060922424768,0.0,0.9567466607123286,1.6218060922424768,0.0,1.1696964,2.1268341,0.0,0.9956708299796343,1.0,0.0,0.44028549341359724,0.9277195050672273
UTG_DEF33,A[J-T][4-2],Two pair+,observed,900.844166,0.0003898139156975717,0.039633084900520164,119,6,,,,,,,,,,,,,,,13.277079093557125,0.0,0.7372972218757087,0.2627027752153862,0.0,13.262521490813755,13.274890948776592,13.279970084910557,0.01744859409679511,0.005079136133962575,13.277079199104234,0.014557708290472704,0.0021882503276401673,22.8659,0.0444999999999993,0.0157999999999987,0.9999999999999997,0.00643201812110087,0.0,0.9999999999999997,0.00643201812110087,0.0
UTG_DEF33,A[J-T][4-2],Overpair,no_rows,0.0,0.0,0.0,0,0,,,,,,,,,,,,,,,,,,,,,,,,,,,,,,,,,,,,
UTG_DEF33,A[J-T][4-2],Top pair,observed,6639.1006,0.0028728762412788917,0.292090516511037,342,6,,,,,,,,,,,,,,,3.454954385276223,0.0,0.9886971711785936,0.011302831717386542,0.0,3.4550141360299618,3.3786184333668627,3.4550264039781236,1.2267948161534299e-05,0.07640797061126021,3.4549543798975058,-5.975613245647526e-05,0.0763359465306422,5.6106,0.0,0.35483,1.0000000000000002,0.0,0.006766308074922077,1.0000000000000002,0.0,0.0
UTG_DEF33,A[J-T][4-2],Second pair,observed,1998.792948,0.0008649190782777106,0.08793788492675324,189,6,,,,,,,,,,,,,,,1.57236219342028,0.0,0.9289796987495991,0.07102028915105768,0.0,1.5724546838402982,1.5520230975992384,1.5737142963550654,0.0012596125147675884,0.021691198755826802,1.5723622052815482,-9.247855874962253e-05,0.020339107682309593,2.30526,0.0136100000000001,0.15173,0.9999999999999997,0.0,0.0,0.9225210889627371,0.0,0.0
UTG_DEF33,A[J-T][4-2],Third pair,observed,8.337724,3.6079057434286817e-06,0.0003668222936230955,6,2,,,,,,,,,,,,,,,1.5070062263597541,0.0,0.23776993980803393,0.762230060191966,0.0,1.3885280324208382,1.53248058263766,1.5358736807488471,0.14734564832800892,0.003393098111187178,1.5070062263597541,0.11847819393891593,-0.025474356277905813,1.7719,0.23838,0.029021,1.0,0.0,0.0,0.8830812821340692,0.0,0.0
UTG_DEF33,A[J-T][4-2],Underpair,observed,1914.9371999999998,0.0008286329605279855,0.0842486097942542,90,6,,,,,,,,,,,,,,,1.3922492875770025,0.0,1.0000000000000002,0.0,0.0,1.3922492875770025,0.9974553135516929,1.3922492875770025,0.0,0.3947939740253101,1.3922492875770025,0.0,0.3947939740253101,1.70316,0.0,0.539785,1.0000000000000002,0.0,0.20090977396021134,0.8036413935663269,0.0,0.0
UTG_DEF33,A[J-T][4-2],Weak pair,observed,4303.9335630000005,0.0018624011326452126,0.1893536870710858,268,6,,,,,,,,,,,,,,,0.027969652709612533,0.27958369639096453,0.7186690384202179,0.0017472324289191166,0.0,0.026883414992903476,-0.16461965145233945,0.03323351401982191,0.006350099026918436,0.1978531654721613,0.027969653957962304,0.0010862389650588312,0.1925893054103017,0.10192,0.0335213,0.464072,5.161092678325806e-06,0.0,0.027753478591509558,0.0,0.0,0.0
UTG_DEF33,A[J-T][4-2],Combo draw,observed,784.56415,0.000339497146088458,0.03451728805096623,66,6,,,,,,,,,,,,,,,1.4171370086332633,0.0,0.7575711355590489,0.2424288881872693,0.0,1.4050759788245994,1.430357080149711,1.4354465356267423,0.03037055680214296,0.005089455477031395,1.417136975450617,0.01206099662601751,-0.013220104699094055,1.81552,0.122827,0.0264200000000001,1.0,0.0,0.0,0.964800443660343,0.0,0.0
UTG_DEF33,A[J-T][4-2],OESD,no_rows,0.0,0.0,0.0,0,0,,,,,,,,,,,,,,,,,,,,,,,,,,,,,,,,,,,,
UTG_DEF33,A[J-T][4-2],Gutshot,observed,2272.827886,0.0009834996677419725,0.099994187640782,238,6,,,,,,,,,,,,,,,0.7064512412146795,0.0,0.9311310847338992,0.06886893366023449,0.0,0.7070536249570215,0.6971384907646939,0.7093793868227953,0.0023257618657737656,0.012240896058101256,0.7064512287011837,-0.0006023962558378733,0.009312737936489617,0.928318,0.016172,0.03794,0.7406155549078829,0.0,0.0,0.01890849116412152,0.0,0.0
UTG_DEF33,A[J-T][4-2],BDFD,observed,2656.052726,0.0011493289877411157,0.11685435413011935,225,6,,,,,,,,,,,,,,,-3.772814069311062e-09,0.9999999869142675,0.0,1.457311280800229e-08,0.0,-0.48719496364727394,-0.8908163216494198,0.0,0.48719496364727394,0.8908163216494198,-3.772814069311062e-09,0.4871949598744599,0.8908163178766058,0.0,0.7302612,1.3037563,0.0,0.5111459733875781,0.9269061863495555,0.0,0.0,0.34141531307838946
UTG_DEF33,A[J-T][4-2],2 overcards + draw,no_rows,0.0,0.0,0.0,0,0,,,,,,,,,,,,,,,,,,,,,,,,,,,,,,,,,,,,
UTG_DEF33,A[J-T][4-2],2 overcards,no_rows,0.0,0.0,0.0,0,0,,,,,,,,,,,,,,,,,,,,,,,,,,,,,,,,,,,,
UTG_DEF33,A[J-T][4-2],A-high,no_rows,0.0,0.0,0.0,0,0,,,,,,,,,,,,,,,,,,,,,,,,,,,,,,,,,,,,
UTG_DEF33,A[J-T][4-2],Air / Nothing,observed,1250.2090230000001,0.0005409913202413586,0.05500356468085888,75,6,,,,,,,,,,,,,,,0.0,1.0,0.0,0.0,0.0,-0.8725727839195637,-1.4190686178588667,0.0,0.8725727839195637,1.4190686178588667,0.0,0.8725727839195637,1.4190686178588667,0.0,1.0421452,1.8205738,0.0,1.0,1.0,0.0,0.16315910239595188,0.9160826701216347
UTG_DEF33,A[9-7]x,Two pair+,observed,4161.832951,0.0018009112567294913,0.03738631093801172,241,18,,,,,,,,,,,,,,,15.395543828974459,0.0,0.6636480733180737,0.33635191378335444,0.0,15.38314046243211,15.393365317486905,15.39753024401569,0.014389781583580785,0.004164926528786918,15.39554403930465,0.012403576872541847,0.0021787218177479807,24.1548,0.0422000000000011,0.00879999999999725,0.9999999999999996,0.0008526163932522529,0.0,0.9999999999999996,0.0004764059546223723,0.0
UTG_DEF33,A[9-7]x,Overpair,no_rows,0.0,0.0,0.0,0,0,,,,,,,,,,,,,,,,,,,,,,,,,,,,,,,,,,,,
UTG_DEF33,A[9-7]x,Top pair,observed,34937.837,0.015118325189856981,0.3138513373704053,1188,18,,,,,,,,,,,,,,,3.698820374038368,0.0,0.9756887147902746,0.02431128764241188,0.0,3.6988979371912154,3.6298973633142175,3.6989345536498988,3.661645868345825e-05,0.06903719033568097,3.6988203645949875,-7.757259622759917e-05,0.0689230012807699,5.6414,0.0,0.366409999999999,0.9999999999999998,0.0,0.008380484458725935,0.9999999999999998,0.0,0.0
UTG_DEF33,A[9-7]x,Second pair,observed,2661.327962,0.0011516116915416183,0.023907070722636755,228,18,,,,,,,,,,,,,,,2.201321721138971,0.0,0.6606141823233099,0.3393858350994432,0.0,2.183689012526346,2.2018974890608467,2.205473986861871,0.021784974335526862,0.0035764978010252514,2.2013216822669963,0.017632669740652467,-0.000575806793849143,3.1045,0.14052,0.0152400000000001,1.0000000000000004,9.056343428596947e-05,0.0,0.9621490731550811,0.0,0.0
UTG_DEF33,A[9-7]x,Third pair,observed,716.909553,0.0003102216016970085,0.006440095933319211,93,12,,,,,,,,,,,,,,,1.5390697002439089,0.0,0.5519087875393454,0.4480912111300546,0.0,1.5122361743438788,1.5428635413691156,1.549101032021469,0.03686485767759044,0.00623749065235288,1.5390697069139754,0.02683353257009672,-0.003793834455140843,2.09358,0.13602,0.039631,1.0,0.0,0.0,0.8769373073202722,0.0,0.0
UTG_DEF33,A[9-7]x,Underpair,observed,17002.322399999997,0.007357256805164829,0.1527341725145377,528,18,,,,,,,,,,,,,,,1.8955802135739352,0.0,0.992084031468754,0.00791596647822653,0.0,1.8956011121291239,1.6603620471507865,1.895737877769781,0.00013676564065742027,0.23537583061899264,1.8955802152273042,-2.0896901819473818e-05,0.23521816807651574,2.72503,0.0,0.44888,0.9964495144498611,0.0,0.01638656728447874,0.9369673051253282,0.0,0.0
UTG_DEF33,A[9-7]x,Weak pair,observed,7003.88701,0.003030726870990757,0.06291686874833463,552,18,,,,,,,,,,,,,,,0.2780239829474749,0.06627249582201927,0.8974375722708332,0.03628993797073691,0.0,0.2771019160990164,0.15930054151672993,0.2818219096945862,0.004719993595569867,0.12252136817785633,0.27802398149946533,0.0009220654004490187,0.11872343998273549,0.60605,0.0328,0.404925,0.24648508143194606,0.0,0.016144221035913026,0.0,0.0,0.0
UTG_DEF33,A[9-7]x,Combo draw,observed,1056.4697920000003,0.000457156345102777,0.009490411702093464,117,17,,,,,,,,,,,,,,,2.9379699097077836,0.0,0.7020148916752353,0.2979850967677852,0.0,2.9254367115458226,2.9356650790121397,2.9472263491231843,0.021789637577361045,0.01156127011104353,2.937969928287895,0.01253321674207139,0.0023048492757538758,5.45157,0.12152,0.0246199999999999,0.9999999999999998,0.0003080390963038533,0.0,0.9999999999999998,0.0,0.0
UTG_DEF33,A[9-7]x,OESD,observed,91.620088,3.964590836883558e-05,0.0008230357004869597,13,9,,,,,,,,,,,,,,,4.196284502816885,0.0,0.8361231257883097,0.16387687421169034,0.0,4.193903315808646,4.204713687537825,4.206372451266582,0.012469135457935963,0.001658763728757671,4.1962845028168845,0.002381187008238127,-0.008429184720940164,5.16588,0.0638100000000001,0.00336999999999943,1.0,0.0008727780309488461,0.0,1.0,0.0,0.0
UTG_DEF33,A[9-7]x,Gutshot,observed,484.24411,0.0002095424489573546,0.004350030642630843,50,16,,,,,,,,,,,,,,,1.5647788115388306,0.0,0.8893448670550274,0.11065510949235914,0.0,1.5645129151350132,1.544960724121167,1.569148132947203,0.004635217812189801,0.024187408826036035,1.5647788657116855,0.00026595057667226727,0.0198181415905185,2.35837,0.0203200000000003,0.10068,1.0,0.0,0.0,1.0,0.0,0.0
UTG_DEF33,A[9-7]x,BDFD,observed,12228.476644,0.005291514940680585,0.10985006738459985,684,18,,,,,,,,,,,,,,,0.11890722775878158,0.41636077246532055,0.4886065151175704,0.09503271877154454,0.0,0.0961351153564787,0.022271468763497084,0.13068413996622205,0.0345490246097433,0.10841267120272499,0.11890722466209325,0.022772109305614505,0.09663575589859619,0.435947,0.1769962,0.3613998,0.032031786411612494,0.0,0.01347509218009183,0.0,0.0,0.0
UTG_DEF33,A[9-7]x,2 overcards + draw,no_rows,0.0,0.0,0.0,0,0,,,,,,,,,,,,,,,,,,,,,,,,,,,,,,,,,,,,
UTG_DEF33,A[9-7]x,2 overcards,no_rows,0.0,0.0,0.0,0,0,,,,,,,,,,,,,,,,,,,,,,,,,,,,,,,,,,,,
UTG_DEF33,A[9-7]x,A-high,no_rows,0.0,0.0,0.0,0,0,,,,,,,,,,,,,,,,,,,,,,,,,,,,,,,,,,,,
UTG_DEF33,A[9-7]x,Air / Nothing,observed,30974.77338,0.013403425536645712,0.27825059834294347,1284,18,,,,,,,,,,,,,,,0.0008266779130087711,0.9373330492875939,0.061708228980895584,0.0009587314635085151,0.0,-0.1452597939138679,-0.38073071105294853,0.0036256761602449583,0.14888547007411274,0.3843563872131935,0.0008266775325149254,0.1460864714463827,0.38155738858546345,0.0326069,0.4145794,0.8142487,0.0,0.006041373982120156,0.2978034480780438,0.0,0.0,0.018760537579113036
UTG_DEF33,A[6-2]x,Two pair+,observed,1820.4552869999998,0.0007877486812495123,0.02610336094895764,138,10,,,,,,,,,,,,,,,14.740113234277672,0.0,0.46094108165910763,0.5390589008481255,0.0,14.462793773884767,14.739686888353111,14.742096447422934,0.27930267353817195,0.0024095590698240705,14.740113401936918,0.2773196280521563,0.00042651358380846284,23.3335,2.5658,0.0180000000000007,0.9999999999999997,0.13098152022890086,0.0,0.9999999999999997,0.10015193688193015,0.0
UTG_DEF33,A[6-2]x,Overpair,no_rows,0.0,0.0,0.0,0,0,,,,,,,,,,,,,,,,,,,,,,,,,,,,,,,,,,,,
UTG_DEF33,A[6-2]x,Top pair,observed,21387.2947,0.00925472507659546,0.3066706868674818,660,10,,,,,,,,,,,,,,,4.563434359813964,0.0,0.9430227064991433,0.05697729053837745,0.0,4.563229015474035,4.52562410929144,4.5652215230329265,0.0019925075588919585,0.039597413741486474,4.563434378153986,0.00020536267995222967,0.03781026886254674,6.69476,0.00900000000000034,0.28638,1.0,0.0,0.00841645484035903,1.0,0.0,0.0
UTG_DEF33,A[6-2]x,Second pair,observed,493.6203320000001,0.00021359973427951957,0.00707798196965016,75,9,,,,,,,,,,,,,,,2.563030446945518,0.0,0.018605692657797563,0.9813943073422023,0.0,2.464266810163119,2.5638485162877975,2.5642679344166273,0.10000112425350825,0.00041941812883023415,2.5630304469455183,0.09876363678239922,-0.0008180693422788056,4.73731,0.22509,0.0,0.9999999999999996,0.00017862108645881302,0.0,0.9999999999999996,0.0,0.0
UTG_DEF33,A[6-2]x,Third pair,observed,70.54599999999999,3.052671431387268e-05,0.001011553381538871,9,2,,,,,,,,,,,,,,,1.820094985829411,0.0,0.3732874032950133,0.6267125343866414,0.0,1.7702777128355969,1.8280593033439174,1.835564589937062,0.0652868771014657,0.007505286593144885,1.8200951370124705,0.04981742417687409,-0.00796416633144673,2.4773,0.20569,0.0491599999999999,1.0,0.0,0.0,1.0,0.0,0.0
UTG_DEF33,A[6-2]x,Underpair,observed,16214.29918,0.007016262847893857,0.23249552298942452,480,10,,,,,,,,,,,,,,,1.7130561109220657,0.0,0.9518065379290449,0.04819346591418635,0.0,1.7124327081077892,1.5810152517534282,1.7152812174548457,0.002848509347056469,0.13426596570141736,1.713056107187982,0.0006233990801927463,0.13204085543455363,2.92293,0.020458,0.41083,0.9584739499052467,0.0,0.0,0.6977284034548079,0.0,0.0
UTG_DEF33,A[6-2]x,Weak pair,observed,345.99368000000004,0.0001497186264815225,0.0049611753606877505,120,9,,,,,,,,,,,,,,,1.4425505299558683,2.9093234304164165e-06,0.7491790874096023,0.2508180054707069,0.0,1.424338320070037,1.3926738484720993,1.4569660010307992,0.03262768096076206,0.0642921525586999,1.4425505154129492,0.018212195342911956,0.049876666940849794,3.36544,0.14577,0.2795768,0.8306552882700051,0.0,0.0,0.34601938393787995,0.0,0.0
UTG_DEF33,A[6-2]x,Combo draw,observed,407.131297,0.00017617413874288336,0.005837822700233272,48,9,,,,,,,,,,,,,,,3.18830277981316,0.0,0.5999891725491299,0.4000108274508702,0.0,3.1639333082160475,3.207267144998656,3.208839352057943,0.044906043841895976,0.0015722070592868124,3.18830277981316,0.02436947159711281,-0.01896436518549635,6.04143,0.146370000000001,0.00984999999999969,1.0,0.0,0.0,1.0,0.0,0.0
UTG_DEF33,A[6-2]x,OESD,observed,21.46386,9.287856466602774e-06,0.000307768550504308,4,4,,,,,,,,,,,,,,,5.3990071404381,0.0,0.7275110971269846,0.27248890287301536,0.0,5.3614579850036295,5.461949426766668,5.464099180184739,0.10264119518110937,0.0021497534180712242,5.3990071404381,0.03754915543447078,-0.06294228632856737,5.52425,0.191330000000001,0.0103800000000005,1.0,0.0,0.0,1.0,0.0,0.0
UTG_DEF33,A[6-2]x,Gutshot,observed,130.59869700000002,5.651275923628585e-05,0.001872644141055771,12,8,,,,,,,,,,,,,,,2.1710675555066916,0.0,0.891643960853055,0.10835603914694492,0.0,2.169832814826552,2.145419925694741,2.177557561812963,0.007724746986411322,0.03213763611822248,2.1710675555066916,0.0012347406801397664,0.02564762981195092,2.69742,0.0276999999999998,0.0723099999999999,1.0,0.0,0.0,1.0,0.0,0.0
UTG_DEF33,A[6-2]x,BDFD,observed,9798.115217999999,0.004239847249656881,0.14049438070869177,489,10,,,,,,,,,,,,,,,0.11597570559047131,0.48934537612036044,0.44927617875885156,0.061378436649441336,0.0,0.09632397113002668,0.010740747566086114,0.12782775723941436,0.03150378610938772,0.11708700967332827,0.11597570836434919,0.01965173723432254,0.1052349607982631,0.469595,0.2109798,0.3720165,0.04323973953905796,0.0,0.003573952155172544,0.0,0.0,0.0
UTG_DEF33,A[6-2]x,2 overcards + draw,no_rows,0.0,0.0,0.0,0,0,,,,,,,,,,,,,,,,,,,,,,,,,,,,,,,,,,,,
UTG_DEF33,A[6-2]x,2 overcards,no_rows,0.0,0.0,0.0,0,0,,,,,,,,,,,,,,,,,,,,,,,,,,,,,,,,,,,,
UTG_DEF33,A[6-2]x,A-high,no_rows,0.0,0.0,0.0,0,0,,,,,,,,,,,,,,,,,,,,,,,,,,,,,,,,,,,,
UTG_DEF33,A[6-2]x,Air / Nothing,observed,19050.745869,0.008243652037098533,0.27316710238177394,763,10,,,,,,,,,,,,,,,0.0009758434921123696,0.8884010722741761,0.10917792682758189,0.002421021137669557,0.0,-0.08807207547319912,-0.3090605070350934,0.006277750149832627,0.09434982562303178,0.3153382571849261,0.0009758428326254566,0.0890479183058246,0.31003634986771894,0.0462929,0.3117218,0.6809738,0.0,0.001291758294883588,0.19258457134584545,0.0,0.0,0.0
UTG_DEF33,BBB,Two pair+,observed,1440.4290290000004,0.0006233034538838777,0.1737427024474115,214,4,,,,,,,,,,,,,,,6.859939029367937,0.0,0.9920599324257032,0.007940066978216946,0.0,6.859799946705025,6.6212532143957645,6.86120398668938,0.0014040399843538564,0.2399507722936136,6.859939033528277,0.00013908682325064806,0.2386858191325104,13.1731,0.00294999999999845,1.47224,0.999999999999999,0.0,0.12012954232124125,0.999999999999999,0.0,0.11037129688393689
UTG_DEF33,BBB,Overpair,observed,197.346261,8.53958116754735e-05,0.023803652949035504,30,4,,,,,,,,,,,,,,,2.810721363500494,0.0,0.9974968416221273,0.0025031705939642817,0.0,2.810729881187109,2.7749018286600826,2.8108157979534765,8.591676636832759e-05,0.035913969293393355,2.8107213311166688,-8.55007043948193e-06,0.03581950245658554,3.01278,0.0,0.0975699999999997,0.9999999999999999,0.0,0.0,0.9999999999999999,0.0,0.0
UTG_DEF33,BBB,Top pair,observed,1392.902581,0.0006027377761636791,0.16801012323177392,144,4,,,,,,,,,,,,,,,1.911808542005335,1.1545623921849851e-05,0.997948965972761,0.0020394869036501556,0.0,1.911813944615966,1.6641111178420438,1.9118565502407312,4.2605624764793614e-05,0.2477454323986869,1.9118085419673303,-5.402648636155211e-06,0.24769742412528595,2.99075,0.0,0.6172015,0.9526324519029664,0.0,0.16535498113202216,0.8339405762074615,0.0,0.0
UTG_DEF33,BBB,Second pair,observed,1025.0643599999999,0.00044356656466777326,0.12364194868564138,108,4,,,,,,,,,,,,,,,1.512022802773439,3.128399192417538e-05,0.9979788298877544,0.0019898861203212653,0.0,1.5120432332964833,1.277357227997479,1.5120507596233181,7.526326834737998e-06,0.23469353162583867,1.5120228027734393,-2.0430523044085954e-05,0.23466557477595984,2.60569,0.0,0.672999,0.9914376693381478,0.0,0.08101809334196344,0.8010590671594514,0.0,0.0
UTG_DEF33,BBB,Third pair,observed,1155.831322,0.0005001521356521955,0.13941489196247253,99,4,,,,,,,,,,,,,,,1.1320572312205675,0.005222928029860053,0.9901463118413019,0.0046307576700884735,0.0,1.1326968992808553,0.931863039820944,1.1328680122012997,0.0001711129204444545,0.20100497238035522,1.132057235040506,-0.0006396642403493408,0.20019419521956142,2.34013,7.99999999996359e-05,0.619721,0.9202319531880625,0.0,0.11143520905553032,0.46764460324946966,0.0,0.0
UTG_DEF33,BBB,Underpair,observed,104.20080000000002,4.508984283838892e-05,0.012568566881598325,6,1,,,,,,,,,,,,,,,3.1473321050702094,0.0,0.9999999999999998,0.0,0.0,3.1473321050702094,2.9043393572218252,3.1473321050702094,0.0,0.242992747848385,3.1473321050702094,0.0,0.242992747848385,3.19774,0.0,0.3616,0.9999999999999998,0.0,0.0,0.9999999999999998,0.0,0.0
UTG_DEF33,BBB,Weak pair,observed,2040.743346,0.0008830718837535598,0.2461518455940621,180,4,,,,,,,,,,,,,,,0.10691553312704079,0.8159019622521804,0.18269647140954587,0.0014015374676664511,0.0,0.052963224172394324,-0.47760783340985064,0.11655304339864793,0.06358981922625362,0.5941608768084987,0.10691553438685984,0.05395231021446553,0.5845233677967107,0.664999,0.2837639,1.1100117,0.06184830162371628,0.0,0.503702066217591,0.03146187399108639,0.0,0.15340756573511818
UTG_DEF33,BBB,Combo draw,observed,375.333239,0.00016241446091136983,0.04527221400659523,128,4,,,,,,,,,,,,,,,0.3163195658498542,0.108453318007492,0.8779516615667069,0.01359509868488093,0.0,0.3140305081574198,0.2227457949663942,0.3238668082821,0.009836300124680142,0.10112101331570583,0.31631954034326243,0.002289032185842573,0.09357374537686826,1.46045,0.0671600000000001,0.5371956,0.1759379429755221,0.0,0.06197729799251805,0.05150545965900984,0.0,0.0
UTG_DEF33,BBB,OESD,observed,11.413138,4.9387010340884565e-06,0.0013766380707433276,8,3,,,,,,,,,,,,,,,0.8345485500303084,0.023576176159440115,0.950873415431146,0.02555040840941378,0.0,0.8382955051125291,0.7215122985018669,0.8382955051125291,0.0,0.11678320661066216,0.8345485500303084,-0.0037469550822208293,0.11303625152844134,1.13048,0.0,0.5349418,0.909905584248609,0.0,0.09009441575139107,0.30793012403775366,0.0,0.0
UTG_DEF33,BBB,Gutshot,observed,172.89859,7.481679843224852e-05,0.02085480622172812,35,4,,,,,,,,,,,,,,,0.08689227072807798,0.44321870601379104,0.5559184963259619,0.0008626906861530795,0.0,0.10302968211334866,-0.06190416288932834,0.12744522989415938,0.024415547780810707,0.1893493927834877,0.08689228689518856,-0.01613739521816011,0.1487964497845169,0.239912,0.2896133,0.7829029,0.0,0.0,0.056863442321883596,0.0,0.0,0.0
UTG_DEF33,BBB,BDFD,observed,261.1790000000001,0.00011301755900806504,0.03150307607589356,51,4,,,,,,,,,,,,,,,0.0,1.0,0.0,0.0,0.0,-0.508259007484249,-0.8799053869920836,0.0,0.508259007484249,0.8799053869920836,0.0,0.508259007484249,0.8799053869920836,0.0,0.7608017,1.2952812,0.0,0.4341329509646639,0.9126158075496112,0.0,0.0,0.3995783351647719
UTG_DEF33,BBB,2 overcards + draw,no_rows,0.0,0.0,0.0,0,0,,,,,,,,,,,,,,,,,,,,,,,,,,,,,,,,,,,,
UTG_DEF33,BBB,2 overcards,no_rows,0.0,0.0,0.0,0,0,,,,,,,,,,,,,,,,,,,,,,,,,,,,,,,,,,,,
UTG_DEF33,BBB,A-high,no_rows,0.0,0.0,0.0,0,0,,,,,,,,,,,,,,,,,,,,,,,,,,,,,,,,,,,,
UTG_DEF33,BBB,Air / Nothing,observed,113.24555699999999,4.9003696394613225e-05,0.01365953387304469,17,4,,,,,,,,,,,,,,,0.0,1.0000000000000002,0.0,0.0,0.0,-0.6270818983974294,-1.0171985151249026,0.0,0.6270818983974294,1.0171985151249026,0.0,0.6270818983974294,1.0171985151249026,0.0,0.7947842,1.4465164,0.0,1.0000000000000002,1.0000000000000002,0.0,0.0,0.524533178816013
UTG_DEF33,BBx,Two pair+,observed,6518.79148,0.002820815994977281,0.03679089591347562,962,48,,,,,,,,,,,,,,,12.884478200182299,0.0,0.6303718058762846,0.36962818533460073,0.0,12.834945637787783,12.868596769097628,12.893422921743781,0.058477283955996356,0.02482615264615432,12.884478372350813,0.04953273456302774,0.015881603253185703,21.1151,0.1882,0.0655000000000001,1.0,0.023536410310212898,0.0058971390813685,1.0,0.018753184447617886,0.0058971390813685
UTG_DEF33,BBx,Overpair,observed,7354.083264000001,0.0031822640382241424,0.04150513369463646,480,48,,,,,,,,,,,,,,,5.3029172748576965,0.0,0.9251112474356196,0.07488873589839012,0.0,5.302436260318386,5.285750427615196,5.305160181767403,0.0027239214490160945,0.019409754152206977,5.302917359936357,0.0004810996179699283,0.017166932321160813,7.52507,0.0161300000000013,0.18344,1.0,0.0,0.0,1.0,0.0,0.0
UTG_DEF33,BBx,Top pair,observed,29728.018584,0.012863928931920532,0.16777963228205806,2106,48,,,,,,,,,,,,,,,3.4668837819482556,0.0,0.9848967812470611,0.015103215937901029,0.0,3.467033752705542,3.416283667552021,3.4671846484554676,0.00015089574992577318,0.05090098090344568,3.4668837916777284,-0.0001499610278134147,0.05060012412570649,5.65668,0.0,0.19262,1.0000000000000002,0.0,0.0026372844116222577,0.9896809873442053,0.0,0.0
UTG_DEF33,BBx,Second pair,observed,23790.77251,0.01029475967055688,0.13427087487028916,1629,48,,,,,,,,,,,,,,,2.094101274564967,5.304644897384208e-09,0.9749834401129839,0.02501655338110242,0.0,2.0942986068534606,2.063591605376876,2.0948294573955994,0.0005308505421369335,0.031237852018723027,2.0941012834107244,-0.00019732344273790592,0.030509678033848187,3.18715,0.00351999999999997,0.13492,0.9866116873730717,0.0,0.0,0.9103767674167044,0.0,0.0
UTG_DEF33,BBx,Third pair,observed,4621.281323,0.001999724076648663,0.026081687175148284,441,48,,,,,,,,,,,,,,,1.3793824404060337,2.0376461162695592e-05,0.8445395958153065,0.15544002131561824,0.0,1.3745820692905415,1.3618144562788783,1.3835523797775953,0.008970310487054286,0.021737923498717723,1.3793824505534118,0.004800381262870747,0.017567994274534184,2.32671,0.0513400000000002,0.131443,0.9216228689222346,9.780187969742434e-06,0.0,0.8014438607246848,0.0,0.0
UTG_DEF33,BBx,Underpair,observed,3412.1317599999998,0.0014765000345705155,0.019257462799718877,192,24,,,,,,,,,,,,,,,2.1175104584008486,0.0,0.976647152779341,0.02335285703190724,0.0,2.1175302708452266,2.0251913805029917,2.1181825672121466,0.0006522963669199094,0.0929911867091557,2.1175104421880606,-1.982865716617147e-05,0.09231906168506962,2.91979,0.00431000000000004,0.31728,1.0000000000000004,0.0,0.0,1.0000000000000004,0.0,0.0
UTG_DEF33,BBx,Weak pair,observed,30804.09517,0.013329569542595404,0.17385281652056572,2135,48,,,,,,,,,,,,,,,0.28796169059191234,0.20999094520200864,0.7800460215456163,0.009963027349247961,0.0,0.27809547647815863,0.09340764751675065,0.2906850530648703,0.012589576586711103,0.19727740554811962,0.28796169200452176,0.00986621552636256,0.19455404448777108,1.21179,0.0882641,0.7167892,0.16377358082289034,0.0003809448040995648,0.11974720454027218,0.0738115317931606,0.0,0.00807178089886417
UTG_DEF33,BBx,Combo draw,observed,6848.938612,0.0029636774921579633,0.03865418741571347,771,48,,,,,,,,,,,,,,,1.9406857628672394,0.026389920410606095,0.8149809035496659,0.15862916634634605,0.0,1.9339823194001708,1.9211327412907202,1.946541031596921,0.01255871219674901,0.02540829030619986,1.940685761316329,0.006703441916157175,0.019553020025608027,4.39949,0.0469000000000002,0.104549,0.9223339890843801,2.9485736614162543e-05,0.0149334029393692,0.7725956440504304,0.0,0.0
UTG_DEF33,BBx,OESD,observed,4728.399928999999,0.0020460765145340464,0.026686245473390182,464,47,,,,,,,,,,,,,,,2.6954877114472584,0.0010196141411914401,0.8014156325158517,0.19756475561621742,0.0,2.693781024549554,2.6952922604585363,2.6999800602369732,0.006199035687421005,0.004687799778436398,2.6954876924436344,0.001706667894082057,0.00019543198509745004,3.86385,0.0220900000000004,0.0130899999999998,0.9960343356565516,0.0,0.0,0.9905058481359267,0.0,0.0
UTG_DEF33,BBx,Gutshot,observed,7785.228948000001,0.0033688296992556285,0.043938443002389964,897,48,,,,,,,,,,,,,,,0.9773333026963972,0.03845050517286534,0.8660551682475234,0.09549432451978437,0.0,0.9669301907979132,0.9435905706444538,0.9810919274514167,0.014161736653503914,0.03750135680696345,0.9773333065274425,0.01040311572952971,0.03374273588298925,1.46812,0.0220099999999999,0.161849,0.9061884309532579,0.008803170781201795,0.02551739985129593,0.4832544043507556,0.0,0.008116138962905165
UTG_DEF33,BBx,BDFD,observed,22637.181883,0.00979557713000759,0.12776021521582234,1704,48,,,,,,,,,,,,,,,0.0007426277225655421,0.9758288593928061,0.023232895078900483,0.0009382418578930144,0.0,-0.20446110043537444,-0.4238083470768033,0.003448850161671835,0.20790995059704628,0.4272571972384752,0.0007426276656603541,0.2052037281010348,0.4245509747424637,0.0256386,0.6312069,0.9549675,0.0,0.1162895266560067,0.3121294581418809,0.0,0.0,0.03140989208263455
UTG_DEF33,BBx,2 overcards + draw,observed,14562.756889999999,0.006301606316494358,0.08218960133899542,624,24,,,,,,,,,,,,,,,1.6818968194735817,0.0,0.8521558852409277,0.14784411374278808,0.0,1.681014539422255,1.6799631036894167,1.6862002374286578,0.005185698006402682,0.006237133739241453,1.6818968315543985,0.0008822921321433742,0.0019337278649821455,2.98003,0.0213100000000002,0.02586,1.0000000000000007,0.0,0.0,0.8593946403509592,0.0,0.0
UTG_DEF33,BBx,2 overcards,no_rows,0.0,0.0,0.0,0,0,,,,,,,,,,,,,,,,,,,,,,,,,,,,,,,,,,,,
UTG_DEF33,BBx,A-high,observed,11524.729,0.0049869887694242564,0.06504351402723714,326,48,,,,,,,,,,,,,,,0.0,1.0000000000000002,0.0,0.0,0.0,-0.6126548591104735,-0.9509627424020303,0.0,0.6126548591104735,0.9509627424020303,0.0,0.6126548591104735,0.9509627424020303,0.0,0.8875008,1.5300056,0.0,0.7391796197550504,0.9716978750650018,0.0,0.018784658624076977,0.37247543955263507
UTG_DEF33,BBx,Air / Nothing,observed,2868.4978950000004,0.0012412584094152776,0.01618929027055931,251,48,,,,,,,,,,,,,,,0.0,1.0,0.0,0.0,0.0,-0.6764697709815385,-0.8388240521077521,0.0,0.6764697709815385,0.8388240521077521,0.0,0.6764697709815385,0.8388240521077521,0.0,0.9869732,1.3041538,0.0,0.8494023391988579,0.9099077881666007,0.0,0.03881750939893925,0.29981893746517796
UTG_DEF33,K/Qx dis,Two pair+,observed,6491.192131,0.0028088731854321353,0.023787780434905537,445,42,,,,,,,,,,,,,,,19.663020528517954,0.0,0.060821959924489764,0.9391780459598683,0.0,19.3470234719881,19.66368191016638,19.664471772946087,0.3174483009579813,0.0007898627797064441,19.663020411022867,0.3159969390347627,-0.0006614991435121603,25.1923,1.5443,0.00560000000000116,1.0000000000000002,0.22174396119411358,0.0,1.0000000000000002,0.08861766365731998,0.0
UTG_DEF33,K/Qx dis,Overpair,observed,9749.19251,0.004218677381335828,0.035727127801065184,378,42,,,,,,,,,,,,,,,7.737856115677159,0.0,0.4603129855835106,0.5396869934013764,0.0,7.7275985598226,7.738645782748891,7.741333802902266,0.013735243079665045,0.0026880201533737414,7.737856274542808,0.010257714720207672,-0.0007895082060836319,9.3016,0.0697900000000011,0.00994000000000028,0.9999999999999994,0.0,0.0,0.9999999999999994,0.0,0.0
UTG_DEF33,K/Qx dis,Top pair,observed,46691.56597,0.020204406985988285,0.1711070473714603,2298,42,,,,,,,,,,,,,,,5.029186377071496,0.0,0.8043101876138038,0.19568980781834344,0.0,5.027611082892957,5.0308667048455415,5.032915380296725,0.0053042974037640755,0.0020486754511894177,5.02918639667881,0.0015753137858496016,-0.0016803081667250562,7.37771,0.0201599999999997,0.00994000000000028,1.0000000000000002,0.0,0.0,1.0000000000000002,0.0,0.0
UTG_DEF33,K/Qx dis,Second pair,observed,7292.234794,0.003155500925156922,0.026723300845006313,558,42,,,,,,,,,,,,,,,2.736840846381643,0.0,0.6622243137390184,0.3377757051664221,0.0,2.7310488130157164,2.7363886324873894,2.7403063601414805,0.009257547125763873,0.003917727654092583,2.736840792605111,0.0057919795893939426,0.00045216011772265243,3.74034,0.0525599999999997,0.01261,0.9999999999999997,0.0,0.0,0.9957844198838337,0.0,0.0
UTG_DEF33,K/Qx dis,Third pair,observed,5362.061686999999,0.002320275072327434,0.019649941569226857,246,42,,,,,,,,,,,,,,,1.4385463256720454,0.0,0.6235333428765134,0.3764666413704528,0.0,1.4283608017571157,1.4430304069272228,1.4448107920019493,0.01644999024483434,0.0017803850747269382,1.4385463368078328,0.010185535050717853,-0.004484070119389551,2.11595,0.05393,0.00903899999999991,0.9863658226504098,0.0,0.0,0.796503821907635,0.0,0.0
UTG_DEF33,K/Qx dis,Underpair,observed,30874.55078,0.013360057143285444,0.11314362911452414,1050,42,,,,,,,,,,,,,,,2.335534610244507,0.0,0.9265535252711135,0.07344648009699072,0.0,2.335361175758758,2.300426207037273,2.3372438142818783,0.0018826385231215251,0.03681760724460557,2.335534597827933,0.00017342206917612263,0.035108390790660166,3.92589,0.0089100000000002,0.21401,1.0000000000000009,0.0,0.012333442604990672,0.9332056756163117,0.0,0.0
UTG_DEF33,K/Qx dis,Weak pair,observed,13954.25748,0.006038296027474002,0.05113711108335984,1092,42,,,,,,,,,,,,,,,0.46966397663838055,0.07810868644459612,0.9049624913267093,0.016928817171081037,0.0,0.46197288429359246,0.188147878338004,0.4715735033168913,0.009600619023298831,0.28342562497888724,0.46966397851087693,0.007691094217284497,0.2815161001728729,1.10296,0.0570034,0.7895838,0.4749314049492515,0.0,0.23577634601594002,0.10724437198789594,0.0,0.0
UTG_DEF33,K/Qx dis,Combo draw,observed,5689.0880099999995,0.0024617861308614017,0.02084837018002197,342,38,,,,,,,,,,,,,,,2.901055565296501,0.0,0.3555295276714383,0.6444704653044829,0.0,2.879660398711497,2.9073685757211463,2.908238615326132,0.028578216614634527,0.0008700396049858339,2.901055589857871,0.021395191146373407,-0.006312985863275287,5.02069,0.0994000000000002,0.00395000000000056,0.9999999999999997,0.00016144696625988744,0.0,0.9999999999999997,0.0,0.0
UTG_DEF33,K/Qx dis,OESD,observed,339.892168,0.0001470783759541125,0.0012455770990532134,23,17,,,,,,,,,,,,,,,4.2809521156718855,0.0,0.5064772894418503,0.49352271048739493,0.0,4.256752471198513,4.28327562785589,4.2859807247823944,0.02922825358388382,0.0027050969265052897,4.280952115999514,0.024199644801003492,-0.0023235118563750363,5.55914,0.21112,0.0253600000000009,0.9999999999999998,0.0007392726978045579,0.0,0.9999999999999998,0.0,0.0
UTG_DEF33,K/Qx dis,Gutshot,observed,5976.919749000001,0.002586336881675313,0.021903165365767654,379,35,,,,,,,,,,,,,,,1.6251273383368992,0.0,0.539462636035958,0.46053736320487343,0.0,1.6261882613410807,1.6202702925087402,1.6332808511402381,0.007092589799157438,0.013010558631497521,1.6251273477011545,-0.0010609136399260671,0.004857055192414016,2.15687,0.0353300000000001,0.0383200000000004,0.9999999999999997,0.0,0.0,0.9999999999999997,0.0,0.0
UTG_DEF33,K/Qx dis,BDFD,observed,45042.474142,0.019490810820214206,0.16506374538165802,2054,42,,,,,,,,,,,,,,,0.20177499367636093,0.3823586852566259,0.3874346934184634,0.23020662160415725,0.0,0.1760306109870451,0.14232586776833456,0.20886004866908822,0.032829437682042974,0.0665341809007535,0.20177499503200896,0.025744384044963715,0.05944912726367424,0.640741,0.1800903,0.3212086,0.18480828303874308,0.0026705127169699247,0.004281588782001949,0.0004975725784810286,0.0,0.0
UTG_DEF33,K/Qx dis,2 overcards + draw,observed,2953.9175999999998,0.0012782212837286371,0.010824998224290446,63,21,,,,,,,,,,,,,,,0.8476101534762646,0.0,0.8194938235985662,0.1805061580590129,0.0,0.8457663893958317,0.8539768940273422,0.854277042220643,0.008510652824811372,0.0003001481933009882,0.8476101735278586,0.001843784132026946,-0.006366720499483438,1.16175,0.020675,0.00319899999999995,1.0000000000000002,0.0,0.0,0.2336190420477538,0.0,0.0
UTG_DEF33,K/Qx dis,2 overcards,no_rows,0.0,0.0,0.0,0,0,,,,,,,,,,,,,,,,,,,,,,,,,,,,,,,,,,,,
UTG_DEF33,K/Qx dis,A-high,observed,70496.7411,0.030505398968314952,0.2583440706760958,1878,42,,,,,,,,,,,,,,,0.034672905802504775,0.7405859401752063,0.2279178111652511,0.031496247832097306,0.0,-0.07059729462853939,-0.15469278723568494,0.03693836987558578,0.1075356645041251,0.19163115711127088,0.03467290584892607,0.1052702004774654,0.18936569308461118,0.287889,0.5281822,0.6753746,0.0,0.05570045421574813,0.09261966011645888,0.0,0.0,0.009656198135944755
UTG_DEF33,K/Qx dis,Air / Nothing,observed,21965.18066,0.009504788292184128,0.08049413485356494,1062,42,,,,,,,,,,,,,,,0.0024945897620878366,0.844573074223162,0.12995012222451918,0.025476808146611442,0.0,-0.08665364981089646,-0.16223696223986958,0.00700564183324621,0.09365929164414262,0.16924260407311578,0.0024945895354229275,0.08914823934631934,0.1647315517752925,0.0352859,0.4853924,0.7227604,0.0,0.046494629923977134,0.1139845570930988,0.0,0.0006171358301042992,0.0036211817344551714
UTG_DEF33,K/Qx con,Two pair+,observed,2960.7845360000006,0.0012811927490630809,0.028869787266336516,170,14,,,,,,,,,,,,,,,17.407032835034,0.0,0.2421940232066991,0.7578059867485676,0.0,17.073759497686716,17.406457120016682,17.41039253309177,0.33663303540505246,0.003935413075090438,17.40703267163403,0.33327317394731415,0.0005755516173521391,24.197,1.8133,0.0280000000000005,1.0,0.2158863879583569,0.0,1.0,0.13324333405664607,0.0
UTG_DEF33,K/Qx con,Overpair,observed,3918.43155,0.0016955864327575668,0.03820753718844782,126,14,,,,,,,,,,,,,,,7.086041524095669,0.0,0.5530052649952732,0.4469947201454189,0.0,7.077995235357579,7.084855137885976,7.088976449526857,0.0109812141692765,0.00412131164087843,7.086041649503336,0.00804641414575583,0.001186511617357759,9.50399,0.0246599999999999,0.0138999999999996,1.0000000000000004,0.0,0.0,1.0000000000000004,0.0,0.0
UTG_DEF33,K/Qx con,Top pair,observed,18361.236963,0.00794528726247867,0.17903531939704936,768,14,,,,,,,,,,,,,,,4.68486431959447,0.0,0.8195310772095213,0.18046890195249535,0.0,4.683721362208138,4.683605044637018,4.688187821681403,0.004466459473262004,0.00458277704438119,4.6848644132669195,0.0011430510587786117,0.0012593686298977978,7.45295,0.0187400000000002,0.02318,1.0000000000000004,0.0,0.0,1.0000000000000004,0.0,0.0
UTG_DEF33,K/Qx con,Second pair,observed,2324.490885,0.001005855316695434,0.022665464689014536,120,14,,,,,,,,,,,,,,,2.0995946367501492,0.0,0.6184369462333298,0.38156305376667027,0.0,2.0908224781579046,2.0731853365929327,2.103416046776681,0.012593568618777359,0.030230710183748472,2.0995946367501492,0.008772158592245793,0.026409300157216906,3.09649,0.0505100000000001,0.20536,0.9999999999999998,1.5098790116357027e-05,0.0,0.969612872885066,0.0,0.0
UTG_DEF33,K/Qx con,Third pair,observed,2016.227344,0.0008724633022723655,0.019659672561141303,96,14,,,,,,,,,,,,,,,1.7122390927473647,0.0,0.7628416557899078,0.2371583004626942,0.0,1.7078899702350532,1.6698661038347224,1.7165280274639607,0.008638057228907434,0.046661923629238315,1.7122391566653277,0.004349186430274477,0.04237305283060536,2.57813,0.04243,0.29861,1.0000000000000002,0.0,0.0,0.8896087781656434,0.0,0.0
UTG_DEF33,K/Qx con,Underpair,observed,14481.748770000002,0.006266552426318532,0.1412075080611102,462,14,,,,,,,,,,,,,,,2.038901289655969,0.0,0.9280873183094887,0.07191269626957283,0.0,2.038789383054464,2.023805614838274,2.040717579675587,0.0019281966211225745,0.016911964837313647,2.0389012487774503,0.00011186572298569697,0.01509563393917677,3.42679,0.00886999999999993,0.12253,0.9999999999999998,0.0,0.0,0.8611071209737606,0.0,0.0
UTG_DEF33,K/Qx con,Weak pair,observed,2253.9717499999997,0.0009753402274230948,0.021977852199519934,252,12,,,,,,,,,,,,,,,0.29179227823530046,0.17992862514632224,0.8193227253868155,0.0007486459523949224,0.0,0.27511993540182045,-0.1587072038361297,0.2934488136494879,0.018328878247667477,0.45215601748561746,0.29179227892072307,0.016672343518902656,0.45049948275685264,0.708597,0.1506977,0.8533165,0.32690400400981073,0.0,0.3895807700340521,0.0,0.0,0.0
UTG_DEF33,K/Qx con,Combo draw,observed,2793.9865389999995,0.001209015803487921,0.027243386347495367,177,14,,,,,,,,,,,,,,,2.7613746558932335,0.0,0.43176212280298015,0.5682379038242779,0.0,2.7375429057115364,2.768171017117428,2.7705941957557267,0.03305129004418942,0.002423178638299099,2.7613745923808715,0.023831686669334183,-0.0067964247365561396,5.64676,0.12507,0.0144899999999999,1.0000000000000002,0.0,0.0,0.8920085706254007,0.0,0.0
UTG_DEF33,K/Qx con,OESD,observed,174.62954200000001,7.556581718873403e-05,0.001702764137902731,19,14,,,,,,,,,,,,,,,4.447013560166851,0.0,0.40821058519450276,0.5917894148054972,0.0,4.39780295250697,4.440823145833939,4.45075611509638,0.052953162589408735,0.009932969262440045,4.447013560166852,0.04921060765988072,0.0061904143329120295,5.56906,0.22804,0.0798000000000001,1.0,0.0,0.0,1.0,0.0,0.0
UTG_DEF33,K/Qx con,Gutshot,observed,2698.3242900000005,0.001167620768392444,0.026310610340167122,112,14,,,,,,,,,,,,,,,0.8288826633416032,0.0036535350624590777,0.7738395835745085,0.222506911947966,0.0,0.8300243899358258,0.8117209431804321,0.8346057342070882,0.004581344271262516,0.02288479102665603,0.8288826621039996,-0.0011417278318260607,0.01716171892356745,2.23541,0.0401610000000001,0.0625071,0.6028991756213262,0.0,0.0,0.301900736326989,0.0,0.0
UTG_DEF33,K/Qx con,BDFD,observed,16916.491706,0.007320116087404796,0.16494800986253394,645,14,,,,,,,,,,,,,,,0.20537711149670584,0.34853768565922094,0.4375649812502106,0.21389736261007028,0.0,0.15803435001821986,0.09837487949186528,0.21108870118046796,0.053054351162248145,0.11271382168860272,0.2053771044597729,0.047342754441553066,0.10700222496790764,0.599313,0.320121,0.6033733,0.13600515047596834,0.00960969997947871,0.060251116231061844,0.0014400208047487691,0.0,0.0038089457979721838
UTG_DEF33,K/Qx con,2 overcards + draw,observed,1030.8988,0.0004460912476131059,0.010052007732156564,21,7,,,,,,,,,,,,,,,0.8054001061918545,0.0,0.8547753977545614,0.1452246550480998,0.0,0.8040156615177941,0.7787694422061603,0.8096535404344248,0.005637878916630804,0.030884098228264507,0.8054000707389335,0.001384409221139477,0.02663062853277318,1.19291,0.0157090000000001,0.238062,0.8790421523431786,0.0,0.0,0.2561089410522158,0.0,0.0
UTG_DEF33,K/Qx con,2 overcards,no_rows,0.0,0.0,0.0,0,0,,,,,,,,,,,,,,,,,,,,,,,,,,,,,,,,,,,,
UTG_DEF33,K/Qx con,A-high,observed,23457.2965,0.01015045769896671,0.22872557984691527,592,14,,,,,,,,,,,,,,,0.039775979073857576,0.7237051281287593,0.2579070259668332,0.01838785039807976,0.0,-0.05087142957427469,-0.17844922439157643,0.041906301345745876,0.09277773092002052,0.22035552573732228,0.03977597890746603,0.09064740848174067,0.21822520329904244,0.298275,0.4567455,0.6577446,0.002415410488587208,0.03964687064427906,0.10956328663023891,0.0,0.0,0.013417091777818472
UTG_DEF33,K/Qx con,Air / Nothing,observed,9167.987691000002,0.003967178026766341,0.08939450037020921,398,14,,,,,,,,,,,,,,,0.0015571613479795432,0.883828953501074,0.10485148202427921,0.0113195702182406,0.0,-0.07459868047188783,-0.19272751058412746,0.004951944815190851,0.07955062528707871,0.19767945539931836,0.0015571612216844057,0.07615584169357226,0.1942846718058119,0.022757,0.3637772,0.6593147,0.0,0.020199756286954636,0.09131925622259213,0.0,0.0015844153035087225,0.016609759429486125
UTG_DEF33,[J-8]x dis,Two pair+,observed,20544.584659,0.008890067000006583,0.025798593609427507,691,67,,,,,,,,,,,,,,,17.913767498623614,0.0,0.14711128481512079,0.852888708918717,0.0,17.821270673922943,17.91142828894963,17.917394355300544,0.0961236813776177,0.005966066350927438,17.913767615196104,0.09249694127317626,0.002339326246485999,23.0989,0.642799999999998,0.0319999999999983,1.0000000000000004,0.0555854076368359,0.0,1.0000000000000004,0.0289437102706044,0.0
UTG_DEF33,[J-8]x dis,Overpair,observed,93228.81210000001,0.040342036583199854,0.11707086202903305,1692,67,,,,,,,,,,,,,,,6.5495816942761325,0.0,0.7142767980129834,0.28572319280151304,0.0,6.552282089802342,6.543841392865428,6.553775724588833,0.0014936347864932253,0.00993433172341148,6.549581763438349,-0.002700326363991569,0.005740370572926685,9.30096,0.00992000000000015,0.0356400000000008,1.0,0.0,0.0,1.0,0.0,0.0
UTG_DEF33,[J-8]x dis,Top pair,observed,71973.570813,0.031144453751562613,0.09037987064929642,2190,67,,,,,,,,,,,,,,,4.495475133457316,0.0,0.7358299493076645,0.2641700478520241,0.0,4.49482178023283,4.491414319581461,4.49810060580532,0.0032788255724934203,0.006686286223863136,4.495475151533483,0.0006533713006570811,0.004060831952026797,5.85977,0.0153699999999994,0.0330800000000009,1.000000000000002,0.0,0.0,1.000000000000002,0.0,0.0
UTG_DEF33,[J-8]x dis,Second pair,observed,22529.504273,0.009748982799521515,0.028291130466167262,882,67,,,,,,,,,,,,,,,2.8477984830240444,0.0,0.7879685536664613,0.2120314477493742,0.0,2.848172981812613,2.8371927190614947,2.850335525746941,0.002162543934328313,0.013142806685449636,2.847798484853518,-0.00037449695909483674,0.010605765792026486,3.79777,0.0129899999999998,0.06094,1.0000000000000009,0.0,0.0,1.0000000000000009,0.0,0.0
UTG_DEF33,[J-8]x dis,Third pair,observed,13524.686666000001,0.005852411845287121,0.016983448474735943,390,67,,,,,,,,,,,,,,,1.65958947461784,3.9175936055656043e-07,0.7622215277425357,0.23777808864966402,0.0,1.6579005284852664,1.619520833656597,1.6624677655863427,0.004567237101075778,0.0429469319297456,1.659589459967695,0.0016889314824280817,0.04006862631109791,2.33857,0.026048,0.28044,1.0000000000000002,0.0,0.0,0.8298145903974022,0.0,0.0
UTG_DEF33,[J-8]x dis,Underpair,observed,35705.59014,0.01545054786397541,0.04483682804476217,726,52,,,,,,,,,,,,,,,2.0439199923891276,0.0,0.9035990095282729,0.09640098954297607,0.0,2.0440166124332757,2.0321148609374533,2.0449680553943326,0.0009514429610573031,0.012853194456880613,2.0439199839814206,-9.662845185481742e-05,0.011805123043968493,3.25265,0.00729999999999986,0.08561,1.0000000000000002,0.0,0.0,0.9325331806432932,0.0,0.0
UTG_DEF33,[J-8]x dis,Weak pair,observed,29183.09962,0.012628131217829876,0.03664629584176099,1602,67,,,,,,,,,,,,,,,1.1384817646595378,0.0321941628429417,0.9597294536108636,0.008076385267238105,0.0,1.1347732497640006,0.9130701796693363,1.1391411773958702,0.004367927631869865,0.22607099772653297,1.1384817597887795,0.003708510024779161,0.22541158011944226,3.57502,0.00755799999999995,0.575052,0.7595421281024297,0.0,0.12762723420398617,0.45941712102478843,0.0,0.0
UTG_DEF33,[J-8]x dis,Combo draw,observed,16917.951734,0.007320747871739077,0.021244496724258422,678,67,,,,,,,,,,,,,,,2.6718132296921873,0.005626024416262826,0.4430126155906489,0.5513613581078474,0.0,2.6662197547441937,2.6698721349537604,2.6764767581341835,0.010257003389989717,0.006604623180421999,2.671813231679079,0.005593476934885218,0.0019410967253175003,5.44632,0.04373,0.0279957,0.9586068780068315,0.0,0.0,0.9205879144754864,0.0,0.0
UTG_DEF33,[J-8]x dis,OESD,observed,1636.400101,0.0007081041928163099,0.002054888034430578,160,50,,,,,,,,,,,,,,,3.790490799313875,0.0,0.5342205969649445,0.46577937042655126,0.0,3.7861579544074164,3.7899826722481174,3.794703172904252,0.008545218496836312,0.0047205006561350975,3.7904909214074847,0.004332967000068851,0.0005082491593676368,5.55418,0.0506800000000003,0.0248800000000002,1.0000000000000004,0.0,0.0,1.0000000000000004,0.0,0.0
UTG_DEF33,[J-8]x dis,Gutshot,observed,5905.878521000001,0.0025555958719559427,0.007416229746128243,282,63,,,,,,,,,,,,,,,1.457193528490394,0.04373697241679178,0.6048903326526625,0.3513726758002825,0.0,1.4445187526815446,1.4324220495589803,1.4617374428486314,0.017218690167086482,0.02931539328965142,1.4571935346718152,0.012674781990270317,0.024771485112835254,2.28738,0.0814900000000001,0.0665900000000001,0.8594155861743974,0.0,0.02728696491588402,0.7602877429723547,0.0,0.0
UTG_DEF33,[J-8]x dis,BDFD,observed,79944.388513,0.034593591545000364,0.10038912077483003,2046,67,,,,,,,,,,,,,,,0.06279244067867908,0.5610256398087704,0.2543815404832279,0.18459282545800418,0.0,0.0012694965607830317,-0.025535639489414227,0.06740107436265412,0.06613157780187102,0.09293671385206814,0.06279244062917641,0.06152294406839332,0.08832808011859043,0.385323,0.331913,0.3850151,0.022770088831237847,0.004695170067364552,0.011739034064253213,0.0,0.0,0.0
UTG_DEF33,[J-8]x dis,2 overcards + draw,observed,196362.02882,0.08496991404020886,0.24657905068091315,4028,67,,,,,,,,,,,,,,,0.5732762394058228,0.3649648279141353,0.4376719166939557,0.19736324557754867,0.0,0.5592041058607398,0.5140770467974888,0.5767983406433353,0.017594234782596314,0.0627212938458467,0.5732762398778194,0.014072134017080304,0.059199193080330684,2.50733,0.1115063,0.3316574,0.3636487077420487,0.0,0.008758349515610797,0.20222405252494277,0.0,0.0
UTG_DEF33,[J-8]x dis,2 overcards,observed,15820.6337,0.006845915646873338,0.019866553948128342,248,10,,,,,,,,,,,,,,,-0.00010868093869020076,0.9814339697254351,0.016412673249283305,0.0021533862824470802,0.0,-0.0795441793354447,-0.3003538955369651,0.00027247939333112804,0.07981665872877584,0.3006263749302963,-0.00010868089483055584,0.07943549844061416,0.3002452146421346,0.0,0.2099953,0.5331238,0.0,0.0,0.05291677412390884,0.0,0.0,0.0
UTG_DEF33,[J-8]x dis,A-high,observed,179662.3443,0.07774361490951623,0.22560864015726237,3232,67,,,,,,,,,,,,,,,0.14536331515981307,0.4929983726789161,0.469277878433099,0.03772374381097287,0.0,0.05590142524050605,0.018302815961110372,0.14646729757248886,0.0905658723319829,0.12816448161137883,0.1453633154414351,0.08946189020092915,0.12706049948032508,0.636735,0.5809753,0.7184711,0.11771005149908859,0.0705617426366845,0.08194316876672302,0.0,0.0,0.013587827819521557
UTG_DEF33,[J-8]x dis,Air / Nothing,observed,13405.666788,0.005800909480682777,0.016833990818865517,638,61,,,,,,,,,,,,,,,0.00011633565626176596,0.9590481670339162,0.034632937304900434,0.006318906681436756,0.0,-0.2992335392615056,-0.39971819567222233,0.0007976892947778376,0.30003122855628345,0.4005158849670002,0.00011633563674417525,0.29934987489824977,0.3998345313089665,0.0038643,0.7322918,0.9392239,0.0,0.221173395914486,0.3640898735726505,0.0,0.0010860108810874017,0.021225232918268774
UTG_DEF33,[J-8]x con,Two pair+,observed,10584.972862999999,0.004580336838501063,0.03267622358203678,351,25,,,,,,,,,,,,,,,15.946815000571387,0.0,0.3365895977346834,0.6634103925368781,0.0,15.81997301304915,15.92789643300657,15.949988674548091,0.13001566149894442,0.022092241541518957,15.946815113756596,0.1268421007074493,0.018918680750023856,23.2462,0.981999999999999,0.152899999999999,0.9999999999999997,0.08931381848928599,0.0024715793170758554,0.9999999999999997,0.046647347460469356,0.0
UTG_DEF33,[J-8]x con,Overpair,observed,39435.9313,0.01706474369201102,0.12174025621067312,654,25,,,,,,,,,,,,,,,6.098818305545759,0.0,0.7555394769913272,0.24446051432625338,0.0,6.10005637677521,6.094708800897956,6.103809059573955,0.0037526827987450196,0.00910025867600083,6.098818345229624,-0.0012380315455859394,0.004109544331669871,9.62457,0.0218600000000002,0.0391899999999996,0.9999999999999992,0.0,0.0,0.9999999999999992,0.0,0.0
UTG_DEF33,[J-8]x con,Top pair,observed,27539.336370999998,0.011916840838476458,0.08501500421463229,783,25,,,,,,,,,,,,,,,4.243976547135844,0.0,0.7314914917070687,0.268508507821742,0.0,4.242000377488089,4.240411687685044,4.248119800429597,0.00611942294150571,0.007708112744550204,4.24397655696297,0.0019761794748782407,0.0035648692779227343,6.11509,0.023340000000001,0.0359099999999997,0.9999999999999994,6.085622316465223e-06,0.0,0.9999999999999994,0.0,0.0
UTG_DEF33,[J-8]x con,Second pair,observed,6981.3625250000005,0.0030209800601345483,0.021551738084427893,213,25,,,,,,,,,,,,,,,2.223638133626054,2.703356777765956e-06,0.804281069088498,0.1957162364340871,0.0,2.223608864183416,2.2112116043654195,2.2268749641733785,0.003266099989962918,0.015663359807960967,2.223638105878332,2.924169491667298e-05,0.012426501512914722,4.12025,0.0214300000000003,0.08111,1.0,0.0,0.0,0.9846042087608105,0.0,0.0
UTG_DEF33,[J-8]x con,Third pair,observed,5978.999773,0.0025872369511110564,0.01845740522041574,171,25,,,,,,,,,,,,,,,1.8260307592448843,1.1632115076181658e-05,0.9161963657399883,0.08379197954911247,0.0,1.8254471475602327,1.748548108201447,1.827380640400912,0.0019334928406795219,0.07883253219946608,1.826030786058434,0.0005836384982013509,0.07748267785698791,2.4871,0.01596,0.28902,1.0,0.0,0.0,0.9239649243585948,0.0,0.0
UTG_DEF33,[J-8]x con,Underpair,observed,20734.122580000003,0.008972083981352264,0.06400704413420823,444,22,,,,,,,,,,,,,,,2.227558013276572,6.515044438403237e-09,0.8975533383796882,0.10244664160462683,0.0,2.227672697768064,2.216228561883206,2.2287517893980264,0.0010790916299617981,0.012523227514820648,2.2275580384671034,-0.00011465930096107228,0.011329476583897777,5.00612,0.0071399999999997,0.05677,0.9999999999999991,0.0,0.0,0.9429432899590773,0.0,0.0
UTG_DEF33,[J-8]x con,Weak pair,observed,4283.59309,0.0018535993889846217,0.013223618742810547,402,21,,,,,,,,,,,,,,,0.7925212332059839,0.1150332620041274,0.884776369035274,0.00019036316800109498,0.0,0.7827041315610481,0.3406340939598744,0.7935883337940156,0.010884202232967464,0.4529542398341412,0.7925212341421056,0.009817102581057457,0.4518871401822312,2.73399,0.1044941,0.775855,0.47371529866764245,0.0,0.4050951184067764,0.22014173152940628,0.0,0.0
UTG_DEF33,[J-8]x con,Combo draw,observed,12804.866133,0.0055409306022945965,0.039529120585895514,345,25,,,,,,,,,,,,,,,2.2590016691391845,0.021539254092599568,0.49259068548523544,0.4858700660690962,0.0,2.245354337025517,2.249625063295931,2.264299688329579,0.01894535130406271,0.014674625033647356,2.2590016509723645,0.01364731394684836,0.009376587676433004,4.29686,0.0675800000000004,0.060877,0.8878424580871798,0.0,0.0019032373901350804,0.8561914907291127,0.0,0.0
UTG_DEF33,[J-8]x con,OESD,observed,1643.30471,0.0007110919600375839,0.005072945657241418,59,23,,,,,,,,,,,,,,,2.2697833396755573,0.0,0.6799149491953628,0.3200849814833489,0.0,2.25585891482907,2.2615746888979587,2.2717095814014305,0.015850666572360773,0.010134892503472452,2.26978351596546,0.013924601136390437,0.008208827067502117,5.24299,0.0556300000000007,0.121348,0.9787855534108465,0.0,0.0,0.9741169426819208,0.0,0.0
UTG_DEF33,[J-8]x con,Gutshot,observed,4264.086827,0.0018451586252569508,0.013163402149032962,116,25,,,,,,,,,,,,,,,1.1267182512403078,0.14311050592872931,0.5619292445621356,0.2949602693175497,0.0,1.0876885795423439,1.048739513699764,1.1310023676274052,0.04331378808506141,0.0822628539276412,1.126718194535192,0.03902961499284833,0.07797868083542811,2.14912,0.3084118,0.732164,0.8363026532245609,0.025372607169943072,0.08587948952663295,0.561023596389352,0.0,0.017746730559246186
UTG_DEF33,[J-8]x con,BDFD,observed,25006.659089,0.010820898958896475,0.07719653078074558,642,24,,,,,,,,,,,,,,,0.04798556767284961,0.6176021858605781,0.2391861213808396,0.1432116836760761,0.0,-0.055279773724758605,-0.12142301190589816,0.05241532254697026,0.10769509627172885,0.1738383344528683,0.04798556851681533,0.10326534224157392,0.1694085804227134,0.324946,0.4756882,0.6106472,0.006595959596720203,0.043380502774846307,0.07801046649442729,0.0,0.0,0.0014527690352679084
UTG_DEF33,[J-8]x con,2 overcards + draw,observed,85267.73770999999,0.0368971149216596,0.2632248280471032,1628,25,,,,,,,,,,,,,,,0.4115947694809073,0.3562660268555985,0.4744745653096303,0.1692594060185076,0.0,0.38496519915270555,0.3394385705722363,0.41520376291608097,0.030238563763375435,0.07576519234384478,0.4115947717421639,0.026629572589458396,0.07215620116992774,1.53233,0.2172043,0.416288,0.2991053571368408,0.0,0.024366435721166507,0.13444406592548264,0.0,0.0
UTG_DEF33,[J-8]x con,2 overcards,observed,9865.1464,0.004268853029474804,0.03045409124880486,158,5,,,,,,,,,,,,,,,-0.00018367138961307753,0.9707073951828323,0.025578215566522153,0.003714407973083908,0.0,-0.12388557651389033,-0.33442637773426553,0.0002704527715189306,0.12415602928540928,0.3346968305057845,-0.00018367138961307753,0.12370190512427727,0.33424270634465253,0.0,0.3717213,0.5969803,0.0,0.0,0.20568498608393693,0.0,0.0,0.0
UTG_DEF33,[J-8]x con,A-high,observed,64735.5773,0.028012424151344105,0.19984124899943306,1081,25,,,,,,,,,,,,,,,0.15008104595060462,0.5032167737129778,0.47346275035022195,0.023320480405867927,0.0,0.05265223212345385,-0.026512679324103436,0.1509226516490221,0.09827041952556816,0.17743533097312555,0.15008104621483612,0.09742881409138217,0.17659372553893957,0.618281,0.5534588,0.7346558,0.11745163505323368,0.059325274604448454,0.07504993394103862,0.0,0.0049538957305320895,0.0269828071804343
UTG_DEF33,[J-8]x con,Air / Nothing,observed,4809.314865,0.002081090082064414,0.014846542342538743,239,19,,,,,,,,,,,,,,,0.0003062988107769128,0.9579719594748156,0.03997625504636532,0.0020518051536733803,0.0,-0.26056816402975086,-0.42776752440307336,0.001102573824149898,0.26167073785390066,0.4288700982272234,0.000306298622094668,0.26087446265184544,0.42807382302516817,0.0121281,0.6112808,1.036079,0.0,0.13580285972812883,0.3610515282825009,0.0,0.002522542262368592,0.059577943645409456
UTG_DEF33,[7-4]x,Two pair+,observed,7092.413219,0.0030690339938812565,0.02112868466069403,252,20,,,,,,,,,,,,,,,18.039597858139306,0.0,0.10239574106889356,0.8976042743948014,0.0,17.87394655953249,18.033206172201325,18.04242963991817,0.1684830803856749,0.009223467716849055,18.039597528005892,0.16565096847339922,0.0063913558045733745,22.4791,1.0124,0.0454000000000008,1.0000000000000002,0.05877250466503029,0.0,1.0000000000000002,0.054683570602036005,0.0
UTG_DEF33,[7-4]x,Overpair,observed,68285.6358,0.029548607941027937,0.20342662238123593,930,20,,,,,,,,,,,,,,,5.599962581360482,0.0,0.7399463027844123,0.26005370538160494,0.0,5.600335609455245,5.5984651086719355,5.6035779484497095,0.003242338994462434,0.005112839777776521,5.599962526758287,-0.00037308269696010926,0.0014974180863539781,10.2205,0.0175400000000003,0.0223900000000015,0.9999999999999998,0.0,0.0,0.9999999999999998,0.0,0.0
UTG_DEF33,[7-4]x,Top pair,observed,7526.491483,0.0032568686429753197,0.022421827414072774,225,20,,,,,,,,,,,,,,,3.660302798329735,2.014175135153076e-07,0.4519228255207191,0.5480769713801737,0.0,3.654116214154383,3.661154109632015,3.6656977085314066,0.01158149437702618,0.004543598899393074,3.660302807640532,0.006186593486151335,-0.0008513019914817713,6.56785,0.03538,0.0184500000000001,0.9999999999999998,0.0,0.0,0.9999999999999998,0.0,0.0
UTG_DEF33,[7-4]x,Second pair,observed,6351.148188,0.002748273272760272,0.01892041582378511,144,20,,,,,,,,,,,,,,,2.673943182374336,1.1055937906262563e-06,0.7438063042382398,0.256192590356219,0.0,2.674175480002589,2.6670596219984604,2.67714872313234,0.0029732431297507704,0.010089101133879874,2.6739431953876114,-0.00023228461497791118,0.006883573389151193,5.6502,0.0158800000000001,0.04277,1.0,0.0,0.0,1.0,0.0,0.0
UTG_DEF33,[7-4]x,Third pair,observed,4268.6957,0.0018471529799954183,0.012716676619481745,69,20,,,,,,,,,,,,,,,1.946798978498235,2.288758102387106e-05,0.779661226875694,0.2203158806290643,0.0,1.9453064651609622,1.933025389796138,1.9497275912664842,0.0044211261055221145,0.016702201470346085,1.9467990104726414,0.0014925453116793508,0.01377362067650332,2.44066,0.0218699999999998,0.0975600000000001,0.9999999999999998,0.0,0.0,0.9871539683655594,0.0,0.0
UTG_DEF33,[7-4]x,Underpair,observed,2518.8264700000004,0.0010899483465527516,0.007503721026443919,90,10,,,,,,,,,,,,,,,3.5191146370832316,0.0,0.964371592587515,0.03562840741248442,0.0,3.51941553298334,3.470017333781551,3.51941553298334,0.0,0.04939819920178941,3.5191146370832316,-0.00030089590010848885,0.04909730330168092,6.58171,0.0,0.23548,0.9999999999999998,0.0,0.0,0.9999999999999998,0.0,0.0
UTG_DEF33,[7-4]x,Weak pair,observed,1413.9474100000002,0.0006118443092437588,0.004212226224025238,180,16,,,,,,,,,,,,,,,2.8458924595721236,3.3457750688195676e-05,0.9964293399124583,0.0035371992711100897,0.0,2.845949146620559,2.425101910670842,2.8459851868300037,3.604020944456424e-05,0.4208832761591613,2.845892461124957,-5.6685495601997765e-05,0.4207905504541148,6.03383,0.0,0.719021,0.8978234487518884,0.0,0.37384154902904054,0.8105428404865498,0.0,0.0
UTG_DEF33,[7-4]x,Combo draw,observed,8375.114914000002,0.003624085565808585,0.024949922762668858,150,16,,,,,,,,,,,,,,,2.946115837197953,3.6957988777274936e-06,0.3863388307746535,0.6136575092353743,0.0,2.9284448248007933,2.9460043030178436,2.949027059980383,0.020582235179590014,0.0030227569625392654,2.9461157206901523,0.017670895889359137,0.00011141767230838989,5.47012,0.11117,0.0175400000000001,0.9999999999999998,0.002101224422674231,0.0,0.9393157341458774,0.0,0.0
UTG_DEF33,[7-4]x,OESD,observed,872.4342240000001,0.0003775203457842147,0.00259902899576011,17,12,,,,,,,,,,,,,,,3.8011481507916187,0.0,0.39044714922563256,0.6095528507743673,0.0,3.7732194959820258,3.8002158215455784,3.8032346553642755,0.03001515938225055,0.0030188338186971837,3.8011481507916183,0.02792865480959319,0.00093232924603982,4.8641,0.23476,0.0136500000000002,0.9999999999999999,0.0,0.0,0.9999999999999999,0.0,0.0
UTG_DEF33,[7-4]x,Gutshot,observed,1933.942455,0.0008368569277245284,0.005761319740107412,33,15,,,,,,,,,,,,,,,1.4264661187602399,0.0001102674478491657,0.607333799755125,0.3925560036776249,0.0,1.4178047541132497,1.3828933178217393,1.4301385923669843,0.01233383825373437,0.04724527454524493,1.4264660427827163,0.008661288669466404,0.043572724960976965,2.21993,0.0764899999999999,0.202016,0.8150637837877136,0.0,0.0,0.7220064647683636,0.0,0.0
UTG_DEF33,[7-4]x,BDFD,observed,2375.461027,0.001027911152084705,0.007076627575617768,48,7,,,,,,,,,,,,,,,0.10151330513374952,0.47263154643200267,0.1878029307776322,0.3395656372671749,0.0,0.03669144526332277,-0.023725125899443353,0.10799460101304664,0.07130315574972387,0.13171972691249,0.10151327618294892,0.06482183091962615,0.12523840208239229,0.289899,0.2460907,0.4208748,0.0,0.0,0.0,0.0,0.0,0.0
UTG_DEF33,[7-4]x,2 overcards + draw,observed,99934.91827899999,0.043243907525348645,0.29771155595569343,1750,20,,,,,,,,,,,,,,,0.5495802466087917,0.18672261473068902,0.5915873080404855,0.22169007062816137,0.0,0.5387995730962756,0.5121120955336224,0.5529556783247859,0.014156105228510383,0.04084358279116362,0.5495802538554763,0.010780680759200828,0.037468158321854066,2.11366,0.0840149,0.2118084,0.3342491609063462,4.780431186887647e-06,0.009344254871885251,0.17602903104286224,0.0,0.0
UTG_DEF33,[7-4]x,2 overcards,observed,61504.690719000006,0.026614352657018253,0.18322581824109954,1244,20,,,,,,,,,,,,,,,3.195948133269388e-05,0.9663685753973507,0.02981107467073289,0.00382034268908491,0.0,-0.08628312379834342,-0.32233816948116356,0.0008266480972852641,0.08710977189562867,0.32316481757844884,3.195952988372796e-05,0.08631508332822714,0.3223701290110473,0.004985,0.2345188,0.6342129,0.0,0.0,0.18801642872789356,0.0,0.0,2.2603154064321473e-06
UTG_DEF33,[7-4]x,A-high,observed,63036.708,0.027277288243174845,0.18778978103140448,871,16,,,,,,,,,,,,,,,0.2498645599008303,0.4465966583638331,0.5330695306642014,0.02033380643934485,0.0,0.2016618093747015,0.10807475246268618,0.25066795138428216,0.04900614200958083,0.1425931989215959,0.24986455710739477,0.04820274773269345,0.1417898046447085,0.851025,0.2185616,0.4714054,0.23084460089508488,0.0066015281127942155,0.02790850055177374,0.0,0.0,0.004381223397643164
UTG_DEF33,[7-4]x,Air / Nothing,observed,186.559719,8.072825169944951e-05,0.0005557715479096774,7,4,,,,,,,,,,,,,,,-0.00014311638722045052,0.999154658429776,0.0,0.0008453415702239559,0.0,-0.2421078456523281,-0.2865529241293572,0.0,0.2421078456523281,0.2865529241293572,-0.00014311638722045052,0.24196472926510765,0.2864098077421367,0.0,0.4438759,0.596748,0.0,0.0,0.1518060819977972,0.0,0.0,0.0
